id,body
0,react server components vs client components rendering
1,exoplanet discovery via transit photometry method
2,kubernetes pod networking and service discovery
3,postgres query plan analysis and index optimization
4,exoplanet discovery via transit photometry method
5,homemade sourdough bread baking guide and recipe
6,vegetarian curry with chickpeas and coconut milk
7,galaxy rotation curves and dark matter halo evidence
8,black hole accretion disk thermal emission spectrum
9,exoplanet discovery via transit photometry method
10,postgres query plan analysis and index optimization
11,kubernetes pod networking and service discovery
12,react server components vs client components rendering
13,vegetarian curry with chickpeas and coconut milk
14,black hole accretion disk thermal emission spectrum
15,supernova remnant observed in the crab nebula
16,cosmic microwave background polarization measurements
17,postgres query plan analysis and index optimization
18,postgres query plan analysis and index optimization
19,pasta carbonara authentic roman recipe with guanciale
20,galaxy rotation curves and dark matter halo evidence
21,slow cooker beef stew with red wine reduction
22,vegetarian curry with chickpeas and coconut milk
23,slow cooker beef stew with red wine reduction
24,kubernetes pod networking and service discovery
25,best knife sharpening techniques for kitchen blades
26,cosmic microwave background polarization measurements
27,kubernetes pod networking and service discovery
28,vegetarian curry with chickpeas and coconut milk
29,postgres query plan analysis and index optimization
30,galaxy rotation curves and dark matter halo evidence
31,rust ownership and borrowing fundamentals tutorial
32,kubernetes pod networking and service discovery
33,cosmic microwave background polarization measurements
34,postgres query plan analysis and index optimization
35,slow cooker beef stew with red wine reduction
36,vegetarian curry with chickpeas and coconut milk
37,best knife sharpening techniques for kitchen blades
38,rust ownership and borrowing fundamentals tutorial
39,best knife sharpening techniques for kitchen blades
40,postgres query plan analysis and index optimization
41,react server components vs client components rendering
42,python decorators explained with practical examples
43,supernova remnant observed in the crab nebula
44,black hole accretion disk thermal emission spectrum
45,galaxy rotation curves and dark matter halo evidence
46,best knife sharpening techniques for kitchen blades
47,supernova remnant observed in the crab nebula
48,exoplanet discovery via transit photometry method
49,supernova remnant observed in the crab nebula
50,cosmic microwave background polarization measurements
51,python decorators explained with practical examples
52,postgres query plan analysis and index optimization
53,pasta carbonara authentic roman recipe with guanciale
54,galaxy rotation curves and dark matter halo evidence
55,black hole accretion disk thermal emission spectrum
56,black hole accretion disk thermal emission spectrum
57,react server components vs client components rendering
58,galaxy rotation curves and dark matter halo evidence
59,vegetarian curry with chickpeas and coconut milk
60,homemade sourdough bread baking guide and recipe
61,kubernetes pod networking and service discovery
62,postgres query plan analysis and index optimization
63,galaxy rotation curves and dark matter halo evidence
64,postgres query plan analysis and index optimization
65,homemade sourdough bread baking guide and recipe
66,best knife sharpening techniques for kitchen blades
67,rust ownership and borrowing fundamentals tutorial
68,react server components vs client components rendering
69,exoplanet discovery via transit photometry method
70,rust ownership and borrowing fundamentals tutorial
71,react server components vs client components rendering
72,kubernetes pod networking and service discovery
73,python decorators explained with practical examples
74,python decorators explained with practical examples
75,homemade sourdough bread baking guide and recipe
76,cosmic microwave background polarization measurements
77,black hole accretion disk thermal emission spectrum
78,react server components vs client components rendering
79,react server components vs client components rendering
80,supernova remnant observed in the crab nebula
81,pasta carbonara authentic roman recipe with guanciale
82,rust ownership and borrowing fundamentals tutorial
83,supernova remnant observed in the crab nebula
84,rust ownership and borrowing fundamentals tutorial
85,react server components vs client components rendering
86,best knife sharpening techniques for kitchen blades
87,pasta carbonara authentic roman recipe with guanciale
88,postgres query plan analysis and index optimization
89,cosmic microwave background polarization measurements
90,pasta carbonara authentic roman recipe with guanciale
91,pasta carbonara authentic roman recipe with guanciale
92,kubernetes pod networking and service discovery
93,slow cooker beef stew with red wine reduction
94,kubernetes pod networking and service discovery
95,galaxy rotation curves and dark matter halo evidence
96,black hole accretion disk thermal emission spectrum
97,best knife sharpening techniques for kitchen blades
98,best knife sharpening techniques for kitchen blades
99,supernova remnant observed in the crab nebula
100,postgres query plan analysis and index optimization
101,galaxy rotation curves and dark matter halo evidence
102,postgres query plan analysis and index optimization
103,black hole accretion disk thermal emission spectrum
104,best knife sharpening techniques for kitchen blades
105,vegetarian curry with chickpeas and coconut milk
106,galaxy rotation curves and dark matter halo evidence
107,vegetarian curry with chickpeas and coconut milk
108,rust ownership and borrowing fundamentals tutorial
109,best knife sharpening techniques for kitchen blades
110,galaxy rotation curves and dark matter halo evidence
111,supernova remnant observed in the crab nebula
112,react server components vs client components rendering
113,postgres query plan analysis and index optimization
114,galaxy rotation curves and dark matter halo evidence
115,pasta carbonara authentic roman recipe with guanciale
116,kubernetes pod networking and service discovery
117,cosmic microwave background polarization measurements
118,galaxy rotation curves and dark matter halo evidence
119,cosmic microwave background polarization measurements
120,vegetarian curry with chickpeas and coconut milk
121,black hole accretion disk thermal emission spectrum
122,best knife sharpening techniques for kitchen blades
123,cosmic microwave background polarization measurements
124,kubernetes pod networking and service discovery
125,exoplanet discovery via transit photometry method
126,supernova remnant observed in the crab nebula
127,cosmic microwave background polarization measurements
128,pasta carbonara authentic roman recipe with guanciale
129,vegetarian curry with chickpeas and coconut milk
130,slow cooker beef stew with red wine reduction
131,pasta carbonara authentic roman recipe with guanciale
132,react server components vs client components rendering
133,slow cooker beef stew with red wine reduction
134,homemade sourdough bread baking guide and recipe
135,cosmic microwave background polarization measurements
136,python decorators explained with practical examples
137,vegetarian curry with chickpeas and coconut milk
138,black hole accretion disk thermal emission spectrum
139,best knife sharpening techniques for kitchen blades
140,best knife sharpening techniques for kitchen blades
141,python decorators explained with practical examples
142,kubernetes pod networking and service discovery
143,slow cooker beef stew with red wine reduction
144,postgres query plan analysis and index optimization
145,slow cooker beef stew with red wine reduction
146,postgres query plan analysis and index optimization
147,homemade sourdough bread baking guide and recipe
148,react server components vs client components rendering
149,best knife sharpening techniques for kitchen blades
150,postgres query plan analysis and index optimization
151,rust ownership and borrowing fundamentals tutorial
152,postgres query plan analysis and index optimization
153,react server components vs client components rendering
154,galaxy rotation curves and dark matter halo evidence
155,python decorators explained with practical examples
156,exoplanet discovery via transit photometry method
157,react server components vs client components rendering
158,rust ownership and borrowing fundamentals tutorial
159,galaxy rotation curves and dark matter halo evidence
160,vegetarian curry with chickpeas and coconut milk
161,galaxy rotation curves and dark matter halo evidence
162,kubernetes pod networking and service discovery
163,pasta carbonara authentic roman recipe with guanciale
164,react server components vs client components rendering
165,pasta carbonara authentic roman recipe with guanciale
166,postgres query plan analysis and index optimization
167,python decorators explained with practical examples
168,cosmic microwave background polarization measurements
169,react server components vs client components rendering
170,exoplanet discovery via transit photometry method
171,cosmic microwave background polarization measurements
172,vegetarian curry with chickpeas and coconut milk
173,black hole accretion disk thermal emission spectrum
174,black hole accretion disk thermal emission spectrum
175,python decorators explained with practical examples
176,python decorators explained with practical examples
177,rust ownership and borrowing fundamentals tutorial
178,postgres query plan analysis and index optimization
179,kubernetes pod networking and service discovery
180,supernova remnant observed in the crab nebula
181,best knife sharpening techniques for kitchen blades
182,supernova remnant observed in the crab nebula
183,cosmic microwave background polarization measurements
184,best knife sharpening techniques for kitchen blades
185,black hole accretion disk thermal emission spectrum
186,cosmic microwave background polarization measurements
187,python decorators explained with practical examples
188,supernova remnant observed in the crab nebula
189,react server components vs client components rendering
190,pasta carbonara authentic roman recipe with guanciale
191,pasta carbonara authentic roman recipe with guanciale
192,homemade sourdough bread baking guide and recipe
193,rust ownership and borrowing fundamentals tutorial
194,vegetarian curry with chickpeas and coconut milk
195,best knife sharpening techniques for kitchen blades
196,rust ownership and borrowing fundamentals tutorial
197,pasta carbonara authentic roman recipe with guanciale
198,supernova remnant observed in the crab nebula
199,kubernetes pod networking and service discovery
200,slow cooker beef stew with red wine reduction
201,supernova remnant observed in the crab nebula
202,exoplanet discovery via transit photometry method
203,react server components vs client components rendering
204,homemade sourdough bread baking guide and recipe
205,best knife sharpening techniques for kitchen blades
206,kubernetes pod networking and service discovery
207,slow cooker beef stew with red wine reduction
208,react server components vs client components rendering
209,rust ownership and borrowing fundamentals tutorial
210,pasta carbonara authentic roman recipe with guanciale
211,homemade sourdough bread baking guide and recipe
212,react server components vs client components rendering
213,cosmic microwave background polarization measurements
214,python decorators explained with practical examples
215,postgres query plan analysis and index optimization
216,postgres query plan analysis and index optimization
217,galaxy rotation curves and dark matter halo evidence
218,cosmic microwave background polarization measurements
219,python decorators explained with practical examples
220,best knife sharpening techniques for kitchen blades
221,homemade sourdough bread baking guide and recipe
222,best knife sharpening techniques for kitchen blades
223,python decorators explained with practical examples
224,pasta carbonara authentic roman recipe with guanciale
225,cosmic microwave background polarization measurements
226,react server components vs client components rendering
227,cosmic microwave background polarization measurements
228,best knife sharpening techniques for kitchen blades
229,exoplanet discovery via transit photometry method
230,best knife sharpening techniques for kitchen blades
231,supernova remnant observed in the crab nebula
232,react server components vs client components rendering
233,best knife sharpening techniques for kitchen blades
234,homemade sourdough bread baking guide and recipe
235,cosmic microwave background polarization measurements
236,homemade sourdough bread baking guide and recipe
237,pasta carbonara authentic roman recipe with guanciale
238,slow cooker beef stew with red wine reduction
239,rust ownership and borrowing fundamentals tutorial
240,best knife sharpening techniques for kitchen blades
241,black hole accretion disk thermal emission spectrum
242,pasta carbonara authentic roman recipe with guanciale
243,rust ownership and borrowing fundamentals tutorial
244,kubernetes pod networking and service discovery
245,homemade sourdough bread baking guide and recipe
246,postgres query plan analysis and index optimization
247,python decorators explained with practical examples
248,homemade sourdough bread baking guide and recipe
249,galaxy rotation curves and dark matter halo evidence
250,exoplanet discovery via transit photometry method
251,cosmic microwave background polarization measurements
252,best knife sharpening techniques for kitchen blades
253,react server components vs client components rendering
254,vegetarian curry with chickpeas and coconut milk
255,best knife sharpening techniques for kitchen blades
256,pasta carbonara authentic roman recipe with guanciale
257,best knife sharpening techniques for kitchen blades
258,python decorators explained with practical examples
259,vegetarian curry with chickpeas and coconut milk
260,supernova remnant observed in the crab nebula
261,exoplanet discovery via transit photometry method
262,slow cooker beef stew with red wine reduction
263,homemade sourdough bread baking guide and recipe
264,galaxy rotation curves and dark matter halo evidence
265,black hole accretion disk thermal emission spectrum
266,homemade sourdough bread baking guide and recipe
267,cosmic microwave background polarization measurements
268,best knife sharpening techniques for kitchen blades
269,rust ownership and borrowing fundamentals tutorial
270,exoplanet discovery via transit photometry method
271,pasta carbonara authentic roman recipe with guanciale
272,vegetarian curry with chickpeas and coconut milk
273,supernova remnant observed in the crab nebula
274,postgres query plan analysis and index optimization
275,rust ownership and borrowing fundamentals tutorial
276,black hole accretion disk thermal emission spectrum
277,react server components vs client components rendering
278,postgres query plan analysis and index optimization
279,postgres query plan analysis and index optimization
280,cosmic microwave background polarization measurements
281,slow cooker beef stew with red wine reduction
282,rust ownership and borrowing fundamentals tutorial
283,python decorators explained with practical examples
284,pasta carbonara authentic roman recipe with guanciale
285,kubernetes pod networking and service discovery
286,homemade sourdough bread baking guide and recipe
287,kubernetes pod networking and service discovery
288,python decorators explained with practical examples
289,slow cooker beef stew with red wine reduction
290,react server components vs client components rendering
291,slow cooker beef stew with red wine reduction
292,supernova remnant observed in the crab nebula
293,galaxy rotation curves and dark matter halo evidence
294,vegetarian curry with chickpeas and coconut milk
295,best knife sharpening techniques for kitchen blades
296,cosmic microwave background polarization measurements
297,postgres query plan analysis and index optimization
298,black hole accretion disk thermal emission spectrum
299,python decorators explained with practical examples
300,slow cooker beef stew with red wine reduction
301,homemade sourdough bread baking guide and recipe
302,black hole accretion disk thermal emission spectrum
303,python decorators explained with practical examples
304,exoplanet discovery via transit photometry method
305,postgres query plan analysis and index optimization
306,cosmic microwave background polarization measurements
307,react server components vs client components rendering
308,galaxy rotation curves and dark matter halo evidence
309,postgres query plan analysis and index optimization
310,vegetarian curry with chickpeas and coconut milk
311,python decorators explained with practical examples
312,supernova remnant observed in the crab nebula
313,exoplanet discovery via transit photometry method
314,react server components vs client components rendering
315,python decorators explained with practical examples
316,vegetarian curry with chickpeas and coconut milk
317,slow cooker beef stew with red wine reduction
318,galaxy rotation curves and dark matter halo evidence
319,rust ownership and borrowing fundamentals tutorial
320,homemade sourdough bread baking guide and recipe
321,black hole accretion disk thermal emission spectrum
322,rust ownership and borrowing fundamentals tutorial
323,best knife sharpening techniques for kitchen blades
324,supernova remnant observed in the crab nebula
325,rust ownership and borrowing fundamentals tutorial
326,homemade sourdough bread baking guide and recipe
327,galaxy rotation curves and dark matter halo evidence
328,vegetarian curry with chickpeas and coconut milk
329,slow cooker beef stew with red wine reduction
330,pasta carbonara authentic roman recipe with guanciale
331,kubernetes pod networking and service discovery
332,black hole accretion disk thermal emission spectrum
333,supernova remnant observed in the crab nebula
334,cosmic microwave background polarization measurements
335,vegetarian curry with chickpeas and coconut milk
336,python decorators explained with practical examples
337,supernova remnant observed in the crab nebula
338,cosmic microwave background polarization measurements
339,postgres query plan analysis and index optimization
340,python decorators explained with practical examples
341,react server components vs client components rendering
342,cosmic microwave background polarization measurements
343,slow cooker beef stew with red wine reduction
344,rust ownership and borrowing fundamentals tutorial
345,vegetarian curry with chickpeas and coconut milk
346,exoplanet discovery via transit photometry method
347,rust ownership and borrowing fundamentals tutorial
348,exoplanet discovery via transit photometry method
349,react server components vs client components rendering
350,python decorators explained with practical examples
351,best knife sharpening techniques for kitchen blades
352,homemade sourdough bread baking guide and recipe
353,cosmic microwave background polarization measurements
354,pasta carbonara authentic roman recipe with guanciale
355,rust ownership and borrowing fundamentals tutorial
356,supernova remnant observed in the crab nebula
357,slow cooker beef stew with red wine reduction
358,pasta carbonara authentic roman recipe with guanciale
359,pasta carbonara authentic roman recipe with guanciale
360,python decorators explained with practical examples
361,black hole accretion disk thermal emission spectrum
362,exoplanet discovery via transit photometry method
363,rust ownership and borrowing fundamentals tutorial
364,postgres query plan analysis and index optimization
365,python decorators explained with practical examples
366,cosmic microwave background polarization measurements
367,react server components vs client components rendering
368,exoplanet discovery via transit photometry method
369,homemade sourdough bread baking guide and recipe
370,exoplanet discovery via transit photometry method
371,react server components vs client components rendering
372,rust ownership and borrowing fundamentals tutorial
373,cosmic microwave background polarization measurements
374,exoplanet discovery via transit photometry method
375,kubernetes pod networking and service discovery
376,python decorators explained with practical examples
377,rust ownership and borrowing fundamentals tutorial
378,homemade sourdough bread baking guide and recipe
379,slow cooker beef stew with red wine reduction
380,black hole accretion disk thermal emission spectrum
381,best knife sharpening techniques for kitchen blades
382,vegetarian curry with chickpeas and coconut milk
383,rust ownership and borrowing fundamentals tutorial
384,slow cooker beef stew with red wine reduction
385,black hole accretion disk thermal emission spectrum
386,galaxy rotation curves and dark matter halo evidence
387,postgres query plan analysis and index optimization
388,black hole accretion disk thermal emission spectrum
389,postgres query plan analysis and index optimization
390,galaxy rotation curves and dark matter halo evidence
391,cosmic microwave background polarization measurements
392,kubernetes pod networking and service discovery
393,homemade sourdough bread baking guide and recipe
394,postgres query plan analysis and index optimization
395,homemade sourdough bread baking guide and recipe
396,black hole accretion disk thermal emission spectrum
397,supernova remnant observed in the crab nebula
398,vegetarian curry with chickpeas and coconut milk
399,react server components vs client components rendering
400,black hole accretion disk thermal emission spectrum
401,homemade sourdough bread baking guide and recipe
402,kubernetes pod networking and service discovery
403,react server components vs client components rendering
404,postgres query plan analysis and index optimization
405,kubernetes pod networking and service discovery
406,exoplanet discovery via transit photometry method
407,pasta carbonara authentic roman recipe with guanciale
408,galaxy rotation curves and dark matter halo evidence
409,python decorators explained with practical examples
410,best knife sharpening techniques for kitchen blades
411,react server components vs client components rendering
412,rust ownership and borrowing fundamentals tutorial
413,slow cooker beef stew with red wine reduction
414,homemade sourdough bread baking guide and recipe
415,exoplanet discovery via transit photometry method
416,python decorators explained with practical examples
417,exoplanet discovery via transit photometry method
418,supernova remnant observed in the crab nebula
419,homemade sourdough bread baking guide and recipe
420,pasta carbonara authentic roman recipe with guanciale
421,homemade sourdough bread baking guide and recipe
422,rust ownership and borrowing fundamentals tutorial
423,kubernetes pod networking and service discovery
424,homemade sourdough bread baking guide and recipe
425,react server components vs client components rendering
426,python decorators explained with practical examples
427,galaxy rotation curves and dark matter halo evidence
428,cosmic microwave background polarization measurements
429,best knife sharpening techniques for kitchen blades
430,pasta carbonara authentic roman recipe with guanciale
431,best knife sharpening techniques for kitchen blades
432,cosmic microwave background polarization measurements
433,python decorators explained with practical examples
434,pasta carbonara authentic roman recipe with guanciale
435,react server components vs client components rendering
436,vegetarian curry with chickpeas and coconut milk
437,vegetarian curry with chickpeas and coconut milk
438,rust ownership and borrowing fundamentals tutorial
439,slow cooker beef stew with red wine reduction
440,best knife sharpening techniques for kitchen blades
441,black hole accretion disk thermal emission spectrum
442,react server components vs client components rendering
443,postgres query plan analysis and index optimization
444,exoplanet discovery via transit photometry method
445,python decorators explained with practical examples
446,best knife sharpening techniques for kitchen blades
447,homemade sourdough bread baking guide and recipe
448,vegetarian curry with chickpeas and coconut milk
449,postgres query plan analysis and index optimization
450,black hole accretion disk thermal emission spectrum
451,kubernetes pod networking and service discovery
452,kubernetes pod networking and service discovery
453,best knife sharpening techniques for kitchen blades
454,react server components vs client components rendering
455,vegetarian curry with chickpeas and coconut milk
456,slow cooker beef stew with red wine reduction
457,python decorators explained with practical examples
458,galaxy rotation curves and dark matter halo evidence
459,react server components vs client components rendering
460,python decorators explained with practical examples
461,python decorators explained with practical examples
462,supernova remnant observed in the crab nebula
463,best knife sharpening techniques for kitchen blades
464,react server components vs client components rendering
465,slow cooker beef stew with red wine reduction
466,vegetarian curry with chickpeas and coconut milk
467,react server components vs client components rendering
468,homemade sourdough bread baking guide and recipe
469,homemade sourdough bread baking guide and recipe
470,homemade sourdough bread baking guide and recipe
471,pasta carbonara authentic roman recipe with guanciale
472,python decorators explained with practical examples
473,vegetarian curry with chickpeas and coconut milk
474,galaxy rotation curves and dark matter halo evidence
475,supernova remnant observed in the crab nebula
476,supernova remnant observed in the crab nebula
477,cosmic microwave background polarization measurements
478,postgres query plan analysis and index optimization
479,react server components vs client components rendering
480,homemade sourdough bread baking guide and recipe
481,react server components vs client components rendering
482,rust ownership and borrowing fundamentals tutorial
483,rust ownership and borrowing fundamentals tutorial
484,cosmic microwave background polarization measurements
485,python decorators explained with practical examples
486,black hole accretion disk thermal emission spectrum
487,rust ownership and borrowing fundamentals tutorial
488,python decorators explained with practical examples
489,postgres query plan analysis and index optimization
490,black hole accretion disk thermal emission spectrum
491,python decorators explained with practical examples
492,exoplanet discovery via transit photometry method
493,supernova remnant observed in the crab nebula
494,react server components vs client components rendering
495,galaxy rotation curves and dark matter halo evidence
496,slow cooker beef stew with red wine reduction
497,pasta carbonara authentic roman recipe with guanciale
498,exoplanet discovery via transit photometry method
499,cosmic microwave background polarization measurements
500,vegetarian curry with chickpeas and coconut milk
501,homemade sourdough bread baking guide and recipe
502,slow cooker beef stew with red wine reduction
503,slow cooker beef stew with red wine reduction
504,vegetarian curry with chickpeas and coconut milk
505,supernova remnant observed in the crab nebula
506,supernova remnant observed in the crab nebula
507,kubernetes pod networking and service discovery
508,supernova remnant observed in the crab nebula
509,rust ownership and borrowing fundamentals tutorial
510,best knife sharpening techniques for kitchen blades
511,supernova remnant observed in the crab nebula
512,kubernetes pod networking and service discovery
513,cosmic microwave background polarization measurements
514,homemade sourdough bread baking guide and recipe
515,homemade sourdough bread baking guide and recipe
516,vegetarian curry with chickpeas and coconut milk
517,slow cooker beef stew with red wine reduction
518,slow cooker beef stew with red wine reduction
519,cosmic microwave background polarization measurements
520,vegetarian curry with chickpeas and coconut milk
521,supernova remnant observed in the crab nebula
522,exoplanet discovery via transit photometry method
523,galaxy rotation curves and dark matter halo evidence
524,slow cooker beef stew with red wine reduction
525,vegetarian curry with chickpeas and coconut milk
526,best knife sharpening techniques for kitchen blades
527,black hole accretion disk thermal emission spectrum
528,rust ownership and borrowing fundamentals tutorial
529,pasta carbonara authentic roman recipe with guanciale
530,postgres query plan analysis and index optimization
531,homemade sourdough bread baking guide and recipe
532,vegetarian curry with chickpeas and coconut milk
533,slow cooker beef stew with red wine reduction
534,react server components vs client components rendering
535,galaxy rotation curves and dark matter halo evidence
536,rust ownership and borrowing fundamentals tutorial
537,best knife sharpening techniques for kitchen blades
538,vegetarian curry with chickpeas and coconut milk
539,exoplanet discovery via transit photometry method
540,react server components vs client components rendering
541,supernova remnant observed in the crab nebula
542,vegetarian curry with chickpeas and coconut milk
543,exoplanet discovery via transit photometry method
544,best knife sharpening techniques for kitchen blades
545,best knife sharpening techniques for kitchen blades
546,galaxy rotation curves and dark matter halo evidence
547,postgres query plan analysis and index optimization
548,black hole accretion disk thermal emission spectrum
549,black hole accretion disk thermal emission spectrum
550,supernova remnant observed in the crab nebula
551,react server components vs client components rendering
552,kubernetes pod networking and service discovery
553,kubernetes pod networking and service discovery
554,supernova remnant observed in the crab nebula
555,best knife sharpening techniques for kitchen blades
556,black hole accretion disk thermal emission spectrum
557,best knife sharpening techniques for kitchen blades
558,rust ownership and borrowing fundamentals tutorial
559,black hole accretion disk thermal emission spectrum
560,exoplanet discovery via transit photometry method
561,homemade sourdough bread baking guide and recipe
562,vegetarian curry with chickpeas and coconut milk
563,supernova remnant observed in the crab nebula
564,rust ownership and borrowing fundamentals tutorial
565,python decorators explained with practical examples
566,postgres query plan analysis and index optimization
567,slow cooker beef stew with red wine reduction
568,postgres query plan analysis and index optimization
569,slow cooker beef stew with red wine reduction
570,python decorators explained with practical examples
571,cosmic microwave background polarization measurements
572,exoplanet discovery via transit photometry method
573,kubernetes pod networking and service discovery
574,python decorators explained with practical examples
575,best knife sharpening techniques for kitchen blades
576,best knife sharpening techniques for kitchen blades
577,kubernetes pod networking and service discovery
578,best knife sharpening techniques for kitchen blades
579,pasta carbonara authentic roman recipe with guanciale
580,rust ownership and borrowing fundamentals tutorial
581,pasta carbonara authentic roman recipe with guanciale
582,homemade sourdough bread baking guide and recipe
583,exoplanet discovery via transit photometry method
584,homemade sourdough bread baking guide and recipe
585,best knife sharpening techniques for kitchen blades
586,exoplanet discovery via transit photometry method
587,galaxy rotation curves and dark matter halo evidence
588,galaxy rotation curves and dark matter halo evidence
589,vegetarian curry with chickpeas and coconut milk
590,black hole accretion disk thermal emission spectrum
591,postgres query plan analysis and index optimization
592,black hole accretion disk thermal emission spectrum
593,kubernetes pod networking and service discovery
594,cosmic microwave background polarization measurements
595,rust ownership and borrowing fundamentals tutorial
596,python decorators explained with practical examples
597,pasta carbonara authentic roman recipe with guanciale
598,exoplanet discovery via transit photometry method
599,best knife sharpening techniques for kitchen blades
600,supernova remnant observed in the crab nebula
601,pasta carbonara authentic roman recipe with guanciale
602,vegetarian curry with chickpeas and coconut milk
603,cosmic microwave background polarization measurements
604,kubernetes pod networking and service discovery
605,slow cooker beef stew with red wine reduction
606,exoplanet discovery via transit photometry method
607,pasta carbonara authentic roman recipe with guanciale
608,supernova remnant observed in the crab nebula
609,best knife sharpening techniques for kitchen blades
610,best knife sharpening techniques for kitchen blades
611,react server components vs client components rendering
612,react server components vs client components rendering
613,react server components vs client components rendering
614,rust ownership and borrowing fundamentals tutorial
615,homemade sourdough bread baking guide and recipe
616,postgres query plan analysis and index optimization
617,galaxy rotation curves and dark matter halo evidence
618,black hole accretion disk thermal emission spectrum
619,kubernetes pod networking and service discovery
620,python decorators explained with practical examples
621,pasta carbonara authentic roman recipe with guanciale
622,best knife sharpening techniques for kitchen blades
623,black hole accretion disk thermal emission spectrum
624,exoplanet discovery via transit photometry method
625,vegetarian curry with chickpeas and coconut milk
626,pasta carbonara authentic roman recipe with guanciale
627,python decorators explained with practical examples
628,homemade sourdough bread baking guide and recipe
629,kubernetes pod networking and service discovery
630,pasta carbonara authentic roman recipe with guanciale
631,cosmic microwave background polarization measurements
632,slow cooker beef stew with red wine reduction
633,best knife sharpening techniques for kitchen blades
634,pasta carbonara authentic roman recipe with guanciale
635,black hole accretion disk thermal emission spectrum
636,exoplanet discovery via transit photometry method
637,supernova remnant observed in the crab nebula
638,galaxy rotation curves and dark matter halo evidence
639,react server components vs client components rendering
640,slow cooker beef stew with red wine reduction
641,best knife sharpening techniques for kitchen blades
642,cosmic microwave background polarization measurements
643,black hole accretion disk thermal emission spectrum
644,slow cooker beef stew with red wine reduction
645,cosmic microwave background polarization measurements
646,exoplanet discovery via transit photometry method
647,python decorators explained with practical examples
648,python decorators explained with practical examples
649,exoplanet discovery via transit photometry method
650,postgres query plan analysis and index optimization
651,galaxy rotation curves and dark matter halo evidence
652,black hole accretion disk thermal emission spectrum
653,python decorators explained with practical examples
654,postgres query plan analysis and index optimization
655,postgres query plan analysis and index optimization
656,supernova remnant observed in the crab nebula
657,react server components vs client components rendering
658,black hole accretion disk thermal emission spectrum
659,black hole accretion disk thermal emission spectrum
660,python decorators explained with practical examples
661,python decorators explained with practical examples
662,react server components vs client components rendering
663,pasta carbonara authentic roman recipe with guanciale
664,galaxy rotation curves and dark matter halo evidence
665,cosmic microwave background polarization measurements
666,postgres query plan analysis and index optimization
667,pasta carbonara authentic roman recipe with guanciale
668,homemade sourdough bread baking guide and recipe
669,supernova remnant observed in the crab nebula
670,rust ownership and borrowing fundamentals tutorial
671,rust ownership and borrowing fundamentals tutorial
672,postgres query plan analysis and index optimization
673,supernova remnant observed in the crab nebula
674,react server components vs client components rendering
675,supernova remnant observed in the crab nebula
676,homemade sourdough bread baking guide and recipe
677,galaxy rotation curves and dark matter halo evidence
678,slow cooker beef stew with red wine reduction
679,react server components vs client components rendering
680,vegetarian curry with chickpeas and coconut milk
681,cosmic microwave background polarization measurements
682,kubernetes pod networking and service discovery
683,slow cooker beef stew with red wine reduction
684,react server components vs client components rendering
685,exoplanet discovery via transit photometry method
686,cosmic microwave background polarization measurements
687,vegetarian curry with chickpeas and coconut milk
688,rust ownership and borrowing fundamentals tutorial
689,rust ownership and borrowing fundamentals tutorial
690,kubernetes pod networking and service discovery
691,black hole accretion disk thermal emission spectrum
692,best knife sharpening techniques for kitchen blades
693,kubernetes pod networking and service discovery
694,best knife sharpening techniques for kitchen blades
695,galaxy rotation curves and dark matter halo evidence
696,react server components vs client components rendering
697,postgres query plan analysis and index optimization
698,homemade sourdough bread baking guide and recipe
699,best knife sharpening techniques for kitchen blades
700,pasta carbonara authentic roman recipe with guanciale
701,slow cooker beef stew with red wine reduction
702,homemade sourdough bread baking guide and recipe
703,vegetarian curry with chickpeas and coconut milk
704,homemade sourdough bread baking guide and recipe
705,kubernetes pod networking and service discovery
706,react server components vs client components rendering
707,black hole accretion disk thermal emission spectrum
708,supernova remnant observed in the crab nebula
709,react server components vs client components rendering
710,slow cooker beef stew with red wine reduction
711,kubernetes pod networking and service discovery
712,slow cooker beef stew with red wine reduction
713,react server components vs client components rendering
714,python decorators explained with practical examples
715,black hole accretion disk thermal emission spectrum
716,supernova remnant observed in the crab nebula
717,galaxy rotation curves and dark matter halo evidence
718,exoplanet discovery via transit photometry method
719,postgres query plan analysis and index optimization
720,galaxy rotation curves and dark matter halo evidence
721,galaxy rotation curves and dark matter halo evidence
722,homemade sourdough bread baking guide and recipe
723,cosmic microwave background polarization measurements
724,best knife sharpening techniques for kitchen blades
725,python decorators explained with practical examples
726,kubernetes pod networking and service discovery
727,kubernetes pod networking and service discovery
728,galaxy rotation curves and dark matter halo evidence
729,kubernetes pod networking and service discovery
730,cosmic microwave background polarization measurements
731,best knife sharpening techniques for kitchen blades
732,rust ownership and borrowing fundamentals tutorial
733,exoplanet discovery via transit photometry method
734,postgres query plan analysis and index optimization
735,kubernetes pod networking and service discovery
736,pasta carbonara authentic roman recipe with guanciale
737,vegetarian curry with chickpeas and coconut milk
738,galaxy rotation curves and dark matter halo evidence
739,postgres query plan analysis and index optimization
740,cosmic microwave background polarization measurements
741,exoplanet discovery via transit photometry method
742,react server components vs client components rendering
743,black hole accretion disk thermal emission spectrum
744,react server components vs client components rendering
745,kubernetes pod networking and service discovery
746,exoplanet discovery via transit photometry method
747,cosmic microwave background polarization measurements
748,cosmic microwave background polarization measurements
749,pasta carbonara authentic roman recipe with guanciale
750,react server components vs client components rendering
751,react server components vs client components rendering
752,kubernetes pod networking and service discovery
753,homemade sourdough bread baking guide and recipe
754,python decorators explained with practical examples
755,postgres query plan analysis and index optimization
756,homemade sourdough bread baking guide and recipe
757,rust ownership and borrowing fundamentals tutorial
758,slow cooker beef stew with red wine reduction
759,vegetarian curry with chickpeas and coconut milk
760,galaxy rotation curves and dark matter halo evidence
761,cosmic microwave background polarization measurements
762,vegetarian curry with chickpeas and coconut milk
763,supernova remnant observed in the crab nebula
764,best knife sharpening techniques for kitchen blades
765,black hole accretion disk thermal emission spectrum
766,react server components vs client components rendering
767,vegetarian curry with chickpeas and coconut milk
768,react server components vs client components rendering
769,vegetarian curry with chickpeas and coconut milk
770,kubernetes pod networking and service discovery
771,exoplanet discovery via transit photometry method
772,exoplanet discovery via transit photometry method
773,kubernetes pod networking and service discovery
774,exoplanet discovery via transit photometry method
775,homemade sourdough bread baking guide and recipe
776,slow cooker beef stew with red wine reduction
777,python decorators explained with practical examples
778,postgres query plan analysis and index optimization
779,slow cooker beef stew with red wine reduction
780,pasta carbonara authentic roman recipe with guanciale
781,vegetarian curry with chickpeas and coconut milk
782,rust ownership and borrowing fundamentals tutorial
783,react server components vs client components rendering
784,supernova remnant observed in the crab nebula
785,homemade sourdough bread baking guide and recipe
786,homemade sourdough bread baking guide and recipe
787,black hole accretion disk thermal emission spectrum
788,exoplanet discovery via transit photometry method
789,slow cooker beef stew with red wine reduction
790,black hole accretion disk thermal emission spectrum
791,postgres query plan analysis and index optimization
792,react server components vs client components rendering
793,cosmic microwave background polarization measurements
794,rust ownership and borrowing fundamentals tutorial
795,best knife sharpening techniques for kitchen blades
796,python decorators explained with practical examples
797,rust ownership and borrowing fundamentals tutorial
798,slow cooker beef stew with red wine reduction
799,kubernetes pod networking and service discovery
800,supernova remnant observed in the crab nebula
801,exoplanet discovery via transit photometry method
802,homemade sourdough bread baking guide and recipe
803,cosmic microwave background polarization measurements
804,black hole accretion disk thermal emission spectrum
805,exoplanet discovery via transit photometry method
806,black hole accretion disk thermal emission spectrum
807,homemade sourdough bread baking guide and recipe
808,best knife sharpening techniques for kitchen blades
809,black hole accretion disk thermal emission spectrum
810,kubernetes pod networking and service discovery
811,slow cooker beef stew with red wine reduction
812,homemade sourdough bread baking guide and recipe
813,homemade sourdough bread baking guide and recipe
814,cosmic microwave background polarization measurements
815,cosmic microwave background polarization measurements
816,slow cooker beef stew with red wine reduction
817,python decorators explained with practical examples
818,supernova remnant observed in the crab nebula
819,best knife sharpening techniques for kitchen blades
820,rust ownership and borrowing fundamentals tutorial
821,galaxy rotation curves and dark matter halo evidence
822,python decorators explained with practical examples
823,supernova remnant observed in the crab nebula
824,pasta carbonara authentic roman recipe with guanciale
825,exoplanet discovery via transit photometry method
826,kubernetes pod networking and service discovery
827,kubernetes pod networking and service discovery
828,kubernetes pod networking and service discovery
829,black hole accretion disk thermal emission spectrum
830,best knife sharpening techniques for kitchen blades
831,postgres query plan analysis and index optimization
832,homemade sourdough bread baking guide and recipe
833,cosmic microwave background polarization measurements
834,rust ownership and borrowing fundamentals tutorial
835,black hole accretion disk thermal emission spectrum
836,cosmic microwave background polarization measurements
837,python decorators explained with practical examples
838,postgres query plan analysis and index optimization
839,supernova remnant observed in the crab nebula
840,python decorators explained with practical examples
841,best knife sharpening techniques for kitchen blades
842,python decorators explained with practical examples
843,rust ownership and borrowing fundamentals tutorial
844,cosmic microwave background polarization measurements
845,vegetarian curry with chickpeas and coconut milk
846,kubernetes pod networking and service discovery
847,react server components vs client components rendering
848,slow cooker beef stew with red wine reduction
849,postgres query plan analysis and index optimization
850,exoplanet discovery via transit photometry method
851,kubernetes pod networking and service discovery
852,vegetarian curry with chickpeas and coconut milk
853,postgres query plan analysis and index optimization
854,rust ownership and borrowing fundamentals tutorial
855,react server components vs client components rendering
856,python decorators explained with practical examples
857,kubernetes pod networking and service discovery
858,best knife sharpening techniques for kitchen blades
859,galaxy rotation curves and dark matter halo evidence
860,react server components vs client components rendering
861,kubernetes pod networking and service discovery
862,pasta carbonara authentic roman recipe with guanciale
863,homemade sourdough bread baking guide and recipe
864,kubernetes pod networking and service discovery
865,exoplanet discovery via transit photometry method
866,black hole accretion disk thermal emission spectrum
867,supernova remnant observed in the crab nebula
868,kubernetes pod networking and service discovery
869,pasta carbonara authentic roman recipe with guanciale
870,black hole accretion disk thermal emission spectrum
871,supernova remnant observed in the crab nebula
872,kubernetes pod networking and service discovery
873,python decorators explained with practical examples
874,best knife sharpening techniques for kitchen blades
875,homemade sourdough bread baking guide and recipe
876,postgres query plan analysis and index optimization
877,postgres query plan analysis and index optimization
878,homemade sourdough bread baking guide and recipe
879,black hole accretion disk thermal emission spectrum
880,vegetarian curry with chickpeas and coconut milk
881,postgres query plan analysis and index optimization
882,homemade sourdough bread baking guide and recipe
883,galaxy rotation curves and dark matter halo evidence
884,python decorators explained with practical examples
885,cosmic microwave background polarization measurements
886,cosmic microwave background polarization measurements
887,postgres query plan analysis and index optimization
888,pasta carbonara authentic roman recipe with guanciale
889,pasta carbonara authentic roman recipe with guanciale
890,best knife sharpening techniques for kitchen blades
891,kubernetes pod networking and service discovery
892,react server components vs client components rendering
893,postgres query plan analysis and index optimization
894,postgres query plan analysis and index optimization
895,python decorators explained with practical examples
896,kubernetes pod networking and service discovery
897,galaxy rotation curves and dark matter halo evidence
898,rust ownership and borrowing fundamentals tutorial
899,galaxy rotation curves and dark matter halo evidence
900,exoplanet discovery via transit photometry method
901,galaxy rotation curves and dark matter halo evidence
902,vegetarian curry with chickpeas and coconut milk
903,best knife sharpening techniques for kitchen blades
904,slow cooker beef stew with red wine reduction
905,exoplanet discovery via transit photometry method
906,postgres query plan analysis and index optimization
907,cosmic microwave background polarization measurements
908,exoplanet discovery via transit photometry method
909,postgres query plan analysis and index optimization
910,best knife sharpening techniques for kitchen blades
911,postgres query plan analysis and index optimization
912,best knife sharpening techniques for kitchen blades
913,exoplanet discovery via transit photometry method
914,best knife sharpening techniques for kitchen blades
915,best knife sharpening techniques for kitchen blades
916,exoplanet discovery via transit photometry method
917,kubernetes pod networking and service discovery
918,slow cooker beef stew with red wine reduction
919,rust ownership and borrowing fundamentals tutorial
920,homemade sourdough bread baking guide and recipe
921,kubernetes pod networking and service discovery
922,black hole accretion disk thermal emission spectrum
923,exoplanet discovery via transit photometry method
924,python decorators explained with practical examples
925,exoplanet discovery via transit photometry method
926,homemade sourdough bread baking guide and recipe
927,black hole accretion disk thermal emission spectrum
928,postgres query plan analysis and index optimization
929,react server components vs client components rendering
930,supernova remnant observed in the crab nebula
931,rust ownership and borrowing fundamentals tutorial
932,vegetarian curry with chickpeas and coconut milk
933,best knife sharpening techniques for kitchen blades
934,supernova remnant observed in the crab nebula
935,best knife sharpening techniques for kitchen blades
936,best knife sharpening techniques for kitchen blades
937,supernova remnant observed in the crab nebula
938,rust ownership and borrowing fundamentals tutorial
939,homemade sourdough bread baking guide and recipe
940,supernova remnant observed in the crab nebula
941,supernova remnant observed in the crab nebula
942,slow cooker beef stew with red wine reduction
943,homemade sourdough bread baking guide and recipe
944,react server components vs client components rendering
945,pasta carbonara authentic roman recipe with guanciale
946,react server components vs client components rendering
947,supernova remnant observed in the crab nebula
948,best knife sharpening techniques for kitchen blades
949,cosmic microwave background polarization measurements
950,postgres query plan analysis and index optimization
951,slow cooker beef stew with red wine reduction
952,pasta carbonara authentic roman recipe with guanciale
953,homemade sourdough bread baking guide and recipe
954,pasta carbonara authentic roman recipe with guanciale
955,python decorators explained with practical examples
956,python decorators explained with practical examples
957,rust ownership and borrowing fundamentals tutorial
958,postgres query plan analysis and index optimization
959,best knife sharpening techniques for kitchen blades
960,rust ownership and borrowing fundamentals tutorial
961,homemade sourdough bread baking guide and recipe
962,vegetarian curry with chickpeas and coconut milk
963,supernova remnant observed in the crab nebula
964,rust ownership and borrowing fundamentals tutorial
965,homemade sourdough bread baking guide and recipe
966,postgres query plan analysis and index optimization
967,cosmic microwave background polarization measurements
968,pasta carbonara authentic roman recipe with guanciale
969,react server components vs client components rendering
970,slow cooker beef stew with red wine reduction
971,slow cooker beef stew with red wine reduction
972,black hole accretion disk thermal emission spectrum
973,best knife sharpening techniques for kitchen blades
974,black hole accretion disk thermal emission spectrum
975,supernova remnant observed in the crab nebula
976,rust ownership and borrowing fundamentals tutorial
977,vegetarian curry with chickpeas and coconut milk
978,slow cooker beef stew with red wine reduction
979,homemade sourdough bread baking guide and recipe
980,pasta carbonara authentic roman recipe with guanciale
981,supernova remnant observed in the crab nebula
982,supernova remnant observed in the crab nebula
983,black hole accretion disk thermal emission spectrum
984,vegetarian curry with chickpeas and coconut milk
985,vegetarian curry with chickpeas and coconut milk
986,postgres query plan analysis and index optimization
987,postgres query plan analysis and index optimization
988,galaxy rotation curves and dark matter halo evidence
989,python decorators explained with practical examples
990,supernova remnant observed in the crab nebula
991,slow cooker beef stew with red wine reduction
992,cosmic microwave background polarization measurements
993,best knife sharpening techniques for kitchen blades
994,best knife sharpening techniques for kitchen blades
995,galaxy rotation curves and dark matter halo evidence
996,cosmic microwave background polarization measurements
997,vegetarian curry with chickpeas and coconut milk
998,slow cooker beef stew with red wine reduction
999,exoplanet discovery via transit photometry method
1000,postgres query plan analysis and index optimization
1001,slow cooker beef stew with red wine reduction
1002,slow cooker beef stew with red wine reduction
1003,kubernetes pod networking and service discovery
1004,pasta carbonara authentic roman recipe with guanciale
1005,supernova remnant observed in the crab nebula
1006,galaxy rotation curves and dark matter halo evidence
1007,pasta carbonara authentic roman recipe with guanciale
1008,pasta carbonara authentic roman recipe with guanciale
1009,kubernetes pod networking and service discovery
1010,slow cooker beef stew with red wine reduction
1011,vegetarian curry with chickpeas and coconut milk
1012,supernova remnant observed in the crab nebula
1013,exoplanet discovery via transit photometry method
1014,python decorators explained with practical examples
1015,homemade sourdough bread baking guide and recipe
1016,react server components vs client components rendering
1017,slow cooker beef stew with red wine reduction
1018,cosmic microwave background polarization measurements
1019,homemade sourdough bread baking guide and recipe
1020,exoplanet discovery via transit photometry method
1021,best knife sharpening techniques for kitchen blades
1022,rust ownership and borrowing fundamentals tutorial
1023,best knife sharpening techniques for kitchen blades
1024,slow cooker beef stew with red wine reduction
1025,exoplanet discovery via transit photometry method
1026,vegetarian curry with chickpeas and coconut milk
1027,galaxy rotation curves and dark matter halo evidence
1028,exoplanet discovery via transit photometry method
1029,rust ownership and borrowing fundamentals tutorial
1030,postgres query plan analysis and index optimization
1031,slow cooker beef stew with red wine reduction
1032,cosmic microwave background polarization measurements
1033,exoplanet discovery via transit photometry method
1034,vegetarian curry with chickpeas and coconut milk
1035,python decorators explained with practical examples
1036,supernova remnant observed in the crab nebula
1037,best knife sharpening techniques for kitchen blades
1038,pasta carbonara authentic roman recipe with guanciale
1039,black hole accretion disk thermal emission spectrum
1040,python decorators explained with practical examples
1041,supernova remnant observed in the crab nebula
1042,python decorators explained with practical examples
1043,galaxy rotation curves and dark matter halo evidence
1044,homemade sourdough bread baking guide and recipe
1045,exoplanet discovery via transit photometry method
1046,exoplanet discovery via transit photometry method
1047,homemade sourdough bread baking guide and recipe
1048,exoplanet discovery via transit photometry method
1049,rust ownership and borrowing fundamentals tutorial
1050,postgres query plan analysis and index optimization
1051,supernova remnant observed in the crab nebula
1052,black hole accretion disk thermal emission spectrum
1053,pasta carbonara authentic roman recipe with guanciale
1054,supernova remnant observed in the crab nebula
1055,vegetarian curry with chickpeas and coconut milk
1056,black hole accretion disk thermal emission spectrum
1057,best knife sharpening techniques for kitchen blades
1058,slow cooker beef stew with red wine reduction
1059,kubernetes pod networking and service discovery
1060,best knife sharpening techniques for kitchen blades
1061,vegetarian curry with chickpeas and coconut milk
1062,best knife sharpening techniques for kitchen blades
1063,galaxy rotation curves and dark matter halo evidence
1064,cosmic microwave background polarization measurements
1065,rust ownership and borrowing fundamentals tutorial
1066,slow cooker beef stew with red wine reduction
1067,kubernetes pod networking and service discovery
1068,rust ownership and borrowing fundamentals tutorial
1069,black hole accretion disk thermal emission spectrum
1070,postgres query plan analysis and index optimization
1071,exoplanet discovery via transit photometry method
1072,slow cooker beef stew with red wine reduction
1073,kubernetes pod networking and service discovery
1074,exoplanet discovery via transit photometry method
1075,exoplanet discovery via transit photometry method
1076,slow cooker beef stew with red wine reduction
1077,pasta carbonara authentic roman recipe with guanciale
1078,black hole accretion disk thermal emission spectrum
1079,supernova remnant observed in the crab nebula
1080,postgres query plan analysis and index optimization
1081,galaxy rotation curves and dark matter halo evidence
1082,slow cooker beef stew with red wine reduction
1083,supernova remnant observed in the crab nebula
1084,black hole accretion disk thermal emission spectrum
1085,python decorators explained with practical examples
1086,python decorators explained with practical examples
1087,best knife sharpening techniques for kitchen blades
1088,black hole accretion disk thermal emission spectrum
1089,kubernetes pod networking and service discovery
1090,pasta carbonara authentic roman recipe with guanciale
1091,vegetarian curry with chickpeas and coconut milk
1092,homemade sourdough bread baking guide and recipe
1093,react server components vs client components rendering
1094,rust ownership and borrowing fundamentals tutorial
1095,black hole accretion disk thermal emission spectrum
1096,cosmic microwave background polarization measurements
1097,black hole accretion disk thermal emission spectrum
1098,homemade sourdough bread baking guide and recipe
1099,pasta carbonara authentic roman recipe with guanciale
1100,vegetarian curry with chickpeas and coconut milk
1101,best knife sharpening techniques for kitchen blades
1102,kubernetes pod networking and service discovery
1103,python decorators explained with practical examples
1104,vegetarian curry with chickpeas and coconut milk
1105,galaxy rotation curves and dark matter halo evidence
1106,cosmic microwave background polarization measurements
1107,slow cooker beef stew with red wine reduction
1108,exoplanet discovery via transit photometry method
1109,rust ownership and borrowing fundamentals tutorial
1110,kubernetes pod networking and service discovery
1111,black hole accretion disk thermal emission spectrum
1112,best knife sharpening techniques for kitchen blades
1113,python decorators explained with practical examples
1114,black hole accretion disk thermal emission spectrum
1115,kubernetes pod networking and service discovery
1116,pasta carbonara authentic roman recipe with guanciale
1117,galaxy rotation curves and dark matter halo evidence
1118,kubernetes pod networking and service discovery
1119,exoplanet discovery via transit photometry method
1120,vegetarian curry with chickpeas and coconut milk
1121,python decorators explained with practical examples
1122,homemade sourdough bread baking guide and recipe
1123,best knife sharpening techniques for kitchen blades
1124,vegetarian curry with chickpeas and coconut milk
1125,postgres query plan analysis and index optimization
1126,python decorators explained with practical examples
1127,homemade sourdough bread baking guide and recipe
1128,homemade sourdough bread baking guide and recipe
1129,vegetarian curry with chickpeas and coconut milk
1130,exoplanet discovery via transit photometry method
1131,galaxy rotation curves and dark matter halo evidence
1132,postgres query plan analysis and index optimization
1133,cosmic microwave background polarization measurements
1134,rust ownership and borrowing fundamentals tutorial
1135,exoplanet discovery via transit photometry method
1136,black hole accretion disk thermal emission spectrum
1137,best knife sharpening techniques for kitchen blades
1138,rust ownership and borrowing fundamentals tutorial
1139,vegetarian curry with chickpeas and coconut milk
1140,supernova remnant observed in the crab nebula
1141,vegetarian curry with chickpeas and coconut milk
1142,react server components vs client components rendering
1143,kubernetes pod networking and service discovery
1144,python decorators explained with practical examples
1145,postgres query plan analysis and index optimization
1146,pasta carbonara authentic roman recipe with guanciale
1147,cosmic microwave background polarization measurements
1148,best knife sharpening techniques for kitchen blades
1149,homemade sourdough bread baking guide and recipe
1150,best knife sharpening techniques for kitchen blades
1151,kubernetes pod networking and service discovery
1152,vegetarian curry with chickpeas and coconut milk
1153,vegetarian curry with chickpeas and coconut milk
1154,galaxy rotation curves and dark matter halo evidence
1155,supernova remnant observed in the crab nebula
1156,best knife sharpening techniques for kitchen blades
1157,galaxy rotation curves and dark matter halo evidence
1158,react server components vs client components rendering
1159,pasta carbonara authentic roman recipe with guanciale
1160,postgres query plan analysis and index optimization
1161,postgres query plan analysis and index optimization
1162,kubernetes pod networking and service discovery
1163,slow cooker beef stew with red wine reduction
1164,best knife sharpening techniques for kitchen blades
1165,exoplanet discovery via transit photometry method
1166,react server components vs client components rendering
1167,vegetarian curry with chickpeas and coconut milk
1168,vegetarian curry with chickpeas and coconut milk
1169,galaxy rotation curves and dark matter halo evidence
1170,slow cooker beef stew with red wine reduction
1171,cosmic microwave background polarization measurements
1172,galaxy rotation curves and dark matter halo evidence
1173,python decorators explained with practical examples
1174,pasta carbonara authentic roman recipe with guanciale
1175,galaxy rotation curves and dark matter halo evidence
1176,best knife sharpening techniques for kitchen blades
1177,exoplanet discovery via transit photometry method
1178,python decorators explained with practical examples
1179,galaxy rotation curves and dark matter halo evidence
1180,exoplanet discovery via transit photometry method
1181,rust ownership and borrowing fundamentals tutorial
1182,kubernetes pod networking and service discovery
1183,postgres query plan analysis and index optimization
1184,kubernetes pod networking and service discovery
1185,vegetarian curry with chickpeas and coconut milk
1186,vegetarian curry with chickpeas and coconut milk
1187,black hole accretion disk thermal emission spectrum
1188,supernova remnant observed in the crab nebula
1189,cosmic microwave background polarization measurements
1190,python decorators explained with practical examples
1191,slow cooker beef stew with red wine reduction
1192,slow cooker beef stew with red wine reduction
1193,best knife sharpening techniques for kitchen blades
1194,rust ownership and borrowing fundamentals tutorial
1195,best knife sharpening techniques for kitchen blades
1196,exoplanet discovery via transit photometry method
1197,exoplanet discovery via transit photometry method
1198,cosmic microwave background polarization measurements
1199,black hole accretion disk thermal emission spectrum
1200,slow cooker beef stew with red wine reduction
1201,galaxy rotation curves and dark matter halo evidence
1202,python decorators explained with practical examples
1203,vegetarian curry with chickpeas and coconut milk
1204,supernova remnant observed in the crab nebula
1205,python decorators explained with practical examples
1206,black hole accretion disk thermal emission spectrum
1207,rust ownership and borrowing fundamentals tutorial
1208,exoplanet discovery via transit photometry method
1209,pasta carbonara authentic roman recipe with guanciale
1210,black hole accretion disk thermal emission spectrum
1211,black hole accretion disk thermal emission spectrum
1212,rust ownership and borrowing fundamentals tutorial
1213,galaxy rotation curves and dark matter halo evidence
1214,supernova remnant observed in the crab nebula
1215,black hole accretion disk thermal emission spectrum
1216,python decorators explained with practical examples
1217,homemade sourdough bread baking guide and recipe
1218,black hole accretion disk thermal emission spectrum
1219,vegetarian curry with chickpeas and coconut milk
1220,slow cooker beef stew with red wine reduction
1221,rust ownership and borrowing fundamentals tutorial
1222,black hole accretion disk thermal emission spectrum
1223,homemade sourdough bread baking guide and recipe
1224,postgres query plan analysis and index optimization
1225,cosmic microwave background polarization measurements
1226,pasta carbonara authentic roman recipe with guanciale
1227,homemade sourdough bread baking guide and recipe
1228,supernova remnant observed in the crab nebula
1229,black hole accretion disk thermal emission spectrum
1230,exoplanet discovery via transit photometry method
1231,postgres query plan analysis and index optimization
1232,homemade sourdough bread baking guide and recipe
1233,react server components vs client components rendering
1234,galaxy rotation curves and dark matter halo evidence
1235,best knife sharpening techniques for kitchen blades
1236,python decorators explained with practical examples
1237,react server components vs client components rendering
1238,best knife sharpening techniques for kitchen blades
1239,python decorators explained with practical examples
1240,rust ownership and borrowing fundamentals tutorial
1241,postgres query plan analysis and index optimization
1242,python decorators explained with practical examples
1243,exoplanet discovery via transit photometry method
1244,homemade sourdough bread baking guide and recipe
1245,supernova remnant observed in the crab nebula
1246,homemade sourdough bread baking guide and recipe
1247,best knife sharpening techniques for kitchen blades
1248,cosmic microwave background polarization measurements
1249,homemade sourdough bread baking guide and recipe
1250,vegetarian curry with chickpeas and coconut milk
1251,react server components vs client components rendering
1252,python decorators explained with practical examples
1253,rust ownership and borrowing fundamentals tutorial
1254,vegetarian curry with chickpeas and coconut milk
1255,rust ownership and borrowing fundamentals tutorial
1256,postgres query plan analysis and index optimization
1257,pasta carbonara authentic roman recipe with guanciale
1258,slow cooker beef stew with red wine reduction
1259,kubernetes pod networking and service discovery
1260,cosmic microwave background polarization measurements
1261,vegetarian curry with chickpeas and coconut milk
1262,pasta carbonara authentic roman recipe with guanciale
1263,best knife sharpening techniques for kitchen blades
1264,exoplanet discovery via transit photometry method
1265,black hole accretion disk thermal emission spectrum
1266,rust ownership and borrowing fundamentals tutorial
1267,supernova remnant observed in the crab nebula
1268,exoplanet discovery via transit photometry method
1269,slow cooker beef stew with red wine reduction
1270,supernova remnant observed in the crab nebula
1271,exoplanet discovery via transit photometry method
1272,python decorators explained with practical examples
1273,postgres query plan analysis and index optimization
1274,python decorators explained with practical examples
1275,exoplanet discovery via transit photometry method
1276,slow cooker beef stew with red wine reduction
1277,black hole accretion disk thermal emission spectrum
1278,postgres query plan analysis and index optimization
1279,rust ownership and borrowing fundamentals tutorial
1280,slow cooker beef stew with red wine reduction
1281,galaxy rotation curves and dark matter halo evidence
1282,supernova remnant observed in the crab nebula
1283,slow cooker beef stew with red wine reduction
1284,pasta carbonara authentic roman recipe with guanciale
1285,postgres query plan analysis and index optimization
1286,slow cooker beef stew with red wine reduction
1287,black hole accretion disk thermal emission spectrum
1288,supernova remnant observed in the crab nebula
1289,kubernetes pod networking and service discovery
1290,exoplanet discovery via transit photometry method
1291,exoplanet discovery via transit photometry method
1292,kubernetes pod networking and service discovery
1293,black hole accretion disk thermal emission spectrum
1294,exoplanet discovery via transit photometry method
1295,rust ownership and borrowing fundamentals tutorial
1296,pasta carbonara authentic roman recipe with guanciale
1297,kubernetes pod networking and service discovery
1298,pasta carbonara authentic roman recipe with guanciale
1299,black hole accretion disk thermal emission spectrum
1300,pasta carbonara authentic roman recipe with guanciale
1301,cosmic microwave background polarization measurements
1302,rust ownership and borrowing fundamentals tutorial
1303,homemade sourdough bread baking guide and recipe
1304,postgres query plan analysis and index optimization
1305,exoplanet discovery via transit photometry method
1306,homemade sourdough bread baking guide and recipe
1307,pasta carbonara authentic roman recipe with guanciale
1308,python decorators explained with practical examples
1309,best knife sharpening techniques for kitchen blades
1310,react server components vs client components rendering
1311,slow cooker beef stew with red wine reduction
1312,supernova remnant observed in the crab nebula
1313,homemade sourdough bread baking guide and recipe
1314,rust ownership and borrowing fundamentals tutorial
1315,python decorators explained with practical examples
1316,python decorators explained with practical examples
1317,slow cooker beef stew with red wine reduction
1318,pasta carbonara authentic roman recipe with guanciale
1319,cosmic microwave background polarization measurements
1320,vegetarian curry with chickpeas and coconut milk
1321,cosmic microwave background polarization measurements
1322,best knife sharpening techniques for kitchen blades
1323,rust ownership and borrowing fundamentals tutorial
1324,react server components vs client components rendering
1325,galaxy rotation curves and dark matter halo evidence
1326,kubernetes pod networking and service discovery
1327,vegetarian curry with chickpeas and coconut milk
1328,kubernetes pod networking and service discovery
1329,postgres query plan analysis and index optimization
1330,postgres query plan analysis and index optimization
1331,supernova remnant observed in the crab nebula
1332,exoplanet discovery via transit photometry method
1333,black hole accretion disk thermal emission spectrum
1334,homemade sourdough bread baking guide and recipe
1335,python decorators explained with practical examples
1336,rust ownership and borrowing fundamentals tutorial
1337,galaxy rotation curves and dark matter halo evidence
1338,python decorators explained with practical examples
1339,python decorators explained with practical examples
1340,galaxy rotation curves and dark matter halo evidence
1341,postgres query plan analysis and index optimization
1342,rust ownership and borrowing fundamentals tutorial
1343,postgres query plan analysis and index optimization
1344,exoplanet discovery via transit photometry method
1345,cosmic microwave background polarization measurements
1346,black hole accretion disk thermal emission spectrum
1347,black hole accretion disk thermal emission spectrum
1348,vegetarian curry with chickpeas and coconut milk
1349,rust ownership and borrowing fundamentals tutorial
1350,black hole accretion disk thermal emission spectrum
1351,pasta carbonara authentic roman recipe with guanciale
1352,supernova remnant observed in the crab nebula
1353,vegetarian curry with chickpeas and coconut milk
1354,homemade sourdough bread baking guide and recipe
1355,homemade sourdough bread baking guide and recipe
1356,homemade sourdough bread baking guide and recipe
1357,slow cooker beef stew with red wine reduction
1358,supernova remnant observed in the crab nebula
1359,homemade sourdough bread baking guide and recipe
1360,vegetarian curry with chickpeas and coconut milk
1361,python decorators explained with practical examples
1362,homemade sourdough bread baking guide and recipe
1363,slow cooker beef stew with red wine reduction
1364,best knife sharpening techniques for kitchen blades
1365,kubernetes pod networking and service discovery
1366,exoplanet discovery via transit photometry method
1367,python decorators explained with practical examples
1368,pasta carbonara authentic roman recipe with guanciale
1369,cosmic microwave background polarization measurements
1370,exoplanet discovery via transit photometry method
1371,galaxy rotation curves and dark matter halo evidence
1372,postgres query plan analysis and index optimization
1373,pasta carbonara authentic roman recipe with guanciale
1374,black hole accretion disk thermal emission spectrum
1375,pasta carbonara authentic roman recipe with guanciale
1376,supernova remnant observed in the crab nebula
1377,cosmic microwave background polarization measurements
1378,best knife sharpening techniques for kitchen blades
1379,cosmic microwave background polarization measurements
1380,postgres query plan analysis and index optimization
1381,best knife sharpening techniques for kitchen blades
1382,kubernetes pod networking and service discovery
1383,supernova remnant observed in the crab nebula
1384,supernova remnant observed in the crab nebula
1385,galaxy rotation curves and dark matter halo evidence
1386,black hole accretion disk thermal emission spectrum
1387,postgres query plan analysis and index optimization
1388,supernova remnant observed in the crab nebula
1389,vegetarian curry with chickpeas and coconut milk
1390,homemade sourdough bread baking guide and recipe
1391,galaxy rotation curves and dark matter halo evidence
1392,homemade sourdough bread baking guide and recipe
1393,pasta carbonara authentic roman recipe with guanciale
1394,supernova remnant observed in the crab nebula
1395,best knife sharpening techniques for kitchen blades
1396,pasta carbonara authentic roman recipe with guanciale
1397,react server components vs client components rendering
1398,galaxy rotation curves and dark matter halo evidence
1399,supernova remnant observed in the crab nebula
1400,pasta carbonara authentic roman recipe with guanciale
1401,react server components vs client components rendering
1402,pasta carbonara authentic roman recipe with guanciale
1403,vegetarian curry with chickpeas and coconut milk
1404,python decorators explained with practical examples
1405,rust ownership and borrowing fundamentals tutorial
1406,rust ownership and borrowing fundamentals tutorial
1407,vegetarian curry with chickpeas and coconut milk
1408,vegetarian curry with chickpeas and coconut milk
1409,galaxy rotation curves and dark matter halo evidence
1410,react server components vs client components rendering
1411,exoplanet discovery via transit photometry method
1412,vegetarian curry with chickpeas and coconut milk
1413,black hole accretion disk thermal emission spectrum
1414,supernova remnant observed in the crab nebula
1415,react server components vs client components rendering
1416,rust ownership and borrowing fundamentals tutorial
1417,pasta carbonara authentic roman recipe with guanciale
1418,homemade sourdough bread baking guide and recipe
1419,vegetarian curry with chickpeas and coconut milk
1420,postgres query plan analysis and index optimization
1421,galaxy rotation curves and dark matter halo evidence
1422,best knife sharpening techniques for kitchen blades
1423,homemade sourdough bread baking guide and recipe
1424,black hole accretion disk thermal emission spectrum
1425,black hole accretion disk thermal emission spectrum
1426,rust ownership and borrowing fundamentals tutorial
1427,black hole accretion disk thermal emission spectrum
1428,homemade sourdough bread baking guide and recipe
1429,postgres query plan analysis and index optimization
1430,kubernetes pod networking and service discovery
1431,exoplanet discovery via transit photometry method
1432,black hole accretion disk thermal emission spectrum
1433,black hole accretion disk thermal emission spectrum
1434,black hole accretion disk thermal emission spectrum
1435,best knife sharpening techniques for kitchen blades
1436,best knife sharpening techniques for kitchen blades
1437,best knife sharpening techniques for kitchen blades
1438,pasta carbonara authentic roman recipe with guanciale
1439,best knife sharpening techniques for kitchen blades
1440,react server components vs client components rendering
1441,kubernetes pod networking and service discovery
1442,slow cooker beef stew with red wine reduction
1443,exoplanet discovery via transit photometry method
1444,postgres query plan analysis and index optimization
1445,postgres query plan analysis and index optimization
1446,pasta carbonara authentic roman recipe with guanciale
1447,black hole accretion disk thermal emission spectrum
1448,cosmic microwave background polarization measurements
1449,best knife sharpening techniques for kitchen blades
1450,react server components vs client components rendering
1451,exoplanet discovery via transit photometry method
1452,galaxy rotation curves and dark matter halo evidence
1453,kubernetes pod networking and service discovery
1454,postgres query plan analysis and index optimization
1455,react server components vs client components rendering
1456,exoplanet discovery via transit photometry method
1457,homemade sourdough bread baking guide and recipe
1458,slow cooker beef stew with red wine reduction
1459,pasta carbonara authentic roman recipe with guanciale
1460,black hole accretion disk thermal emission spectrum
1461,pasta carbonara authentic roman recipe with guanciale
1462,slow cooker beef stew with red wine reduction
1463,react server components vs client components rendering
1464,react server components vs client components rendering
1465,vegetarian curry with chickpeas and coconut milk
1466,postgres query plan analysis and index optimization
1467,supernova remnant observed in the crab nebula
1468,supernova remnant observed in the crab nebula
1469,exoplanet discovery via transit photometry method
1470,best knife sharpening techniques for kitchen blades
1471,galaxy rotation curves and dark matter halo evidence
1472,postgres query plan analysis and index optimization
1473,vegetarian curry with chickpeas and coconut milk
1474,cosmic microwave background polarization measurements
1475,galaxy rotation curves and dark matter halo evidence
1476,kubernetes pod networking and service discovery
1477,pasta carbonara authentic roman recipe with guanciale
1478,rust ownership and borrowing fundamentals tutorial
1479,vegetarian curry with chickpeas and coconut milk
1480,kubernetes pod networking and service discovery
1481,black hole accretion disk thermal emission spectrum
1482,galaxy rotation curves and dark matter halo evidence
1483,cosmic microwave background polarization measurements
1484,black hole accretion disk thermal emission spectrum
1485,galaxy rotation curves and dark matter halo evidence
1486,python decorators explained with practical examples
1487,vegetarian curry with chickpeas and coconut milk
1488,vegetarian curry with chickpeas and coconut milk
1489,pasta carbonara authentic roman recipe with guanciale
1490,homemade sourdough bread baking guide and recipe
1491,best knife sharpening techniques for kitchen blades
1492,cosmic microwave background polarization measurements
1493,kubernetes pod networking and service discovery
1494,rust ownership and borrowing fundamentals tutorial
1495,best knife sharpening techniques for kitchen blades
1496,slow cooker beef stew with red wine reduction
1497,rust ownership and borrowing fundamentals tutorial
1498,exoplanet discovery via transit photometry method
1499,pasta carbonara authentic roman recipe with guanciale
1500,pasta carbonara authentic roman recipe with guanciale
1501,vegetarian curry with chickpeas and coconut milk
1502,postgres query plan analysis and index optimization
1503,rust ownership and borrowing fundamentals tutorial
1504,python decorators explained with practical examples
1505,homemade sourdough bread baking guide and recipe
1506,rust ownership and borrowing fundamentals tutorial
1507,galaxy rotation curves and dark matter halo evidence
1508,galaxy rotation curves and dark matter halo evidence
1509,exoplanet discovery via transit photometry method
1510,react server components vs client components rendering
1511,homemade sourdough bread baking guide and recipe
1512,best knife sharpening techniques for kitchen blades
1513,exoplanet discovery via transit photometry method
1514,python decorators explained with practical examples
1515,vegetarian curry with chickpeas and coconut milk
1516,best knife sharpening techniques for kitchen blades
1517,rust ownership and borrowing fundamentals tutorial
1518,cosmic microwave background polarization measurements
1519,supernova remnant observed in the crab nebula
1520,pasta carbonara authentic roman recipe with guanciale
1521,python decorators explained with practical examples
1522,rust ownership and borrowing fundamentals tutorial
1523,rust ownership and borrowing fundamentals tutorial
1524,galaxy rotation curves and dark matter halo evidence
1525,python decorators explained with practical examples
1526,vegetarian curry with chickpeas and coconut milk
1527,pasta carbonara authentic roman recipe with guanciale
1528,rust ownership and borrowing fundamentals tutorial
1529,react server components vs client components rendering
1530,postgres query plan analysis and index optimization
1531,pasta carbonara authentic roman recipe with guanciale
1532,best knife sharpening techniques for kitchen blades
1533,galaxy rotation curves and dark matter halo evidence
1534,vegetarian curry with chickpeas and coconut milk
1535,python decorators explained with practical examples
1536,supernova remnant observed in the crab nebula
1537,pasta carbonara authentic roman recipe with guanciale
1538,supernova remnant observed in the crab nebula
1539,python decorators explained with practical examples
1540,black hole accretion disk thermal emission spectrum
1541,vegetarian curry with chickpeas and coconut milk
1542,cosmic microwave background polarization measurements
1543,slow cooker beef stew with red wine reduction
1544,slow cooker beef stew with red wine reduction
1545,kubernetes pod networking and service discovery
1546,homemade sourdough bread baking guide and recipe
1547,galaxy rotation curves and dark matter halo evidence
1548,galaxy rotation curves and dark matter halo evidence
1549,supernova remnant observed in the crab nebula
1550,supernova remnant observed in the crab nebula
1551,cosmic microwave background polarization measurements
1552,python decorators explained with practical examples
1553,homemade sourdough bread baking guide and recipe
1554,kubernetes pod networking and service discovery
1555,slow cooker beef stew with red wine reduction
1556,postgres query plan analysis and index optimization
1557,exoplanet discovery via transit photometry method
1558,slow cooker beef stew with red wine reduction
1559,slow cooker beef stew with red wine reduction
1560,galaxy rotation curves and dark matter halo evidence
1561,best knife sharpening techniques for kitchen blades
1562,slow cooker beef stew with red wine reduction
1563,kubernetes pod networking and service discovery
1564,pasta carbonara authentic roman recipe with guanciale
1565,kubernetes pod networking and service discovery
1566,postgres query plan analysis and index optimization
1567,kubernetes pod networking and service discovery
1568,black hole accretion disk thermal emission spectrum
1569,cosmic microwave background polarization measurements
1570,kubernetes pod networking and service discovery
1571,rust ownership and borrowing fundamentals tutorial
1572,pasta carbonara authentic roman recipe with guanciale
1573,pasta carbonara authentic roman recipe with guanciale
1574,rust ownership and borrowing fundamentals tutorial
1575,slow cooker beef stew with red wine reduction
1576,react server components vs client components rendering
1577,pasta carbonara authentic roman recipe with guanciale
1578,kubernetes pod networking and service discovery
1579,exoplanet discovery via transit photometry method
1580,supernova remnant observed in the crab nebula
1581,cosmic microwave background polarization measurements
1582,cosmic microwave background polarization measurements
1583,slow cooker beef stew with red wine reduction
1584,python decorators explained with practical examples
1585,black hole accretion disk thermal emission spectrum
1586,postgres query plan analysis and index optimization
1587,postgres query plan analysis and index optimization
1588,best knife sharpening techniques for kitchen blades
1589,cosmic microwave background polarization measurements
1590,react server components vs client components rendering
1591,homemade sourdough bread baking guide and recipe
1592,galaxy rotation curves and dark matter halo evidence
1593,cosmic microwave background polarization measurements
1594,supernova remnant observed in the crab nebula
1595,black hole accretion disk thermal emission spectrum
1596,black hole accretion disk thermal emission spectrum
1597,vegetarian curry with chickpeas and coconut milk
1598,homemade sourdough bread baking guide and recipe
1599,pasta carbonara authentic roman recipe with guanciale
1600,galaxy rotation curves and dark matter halo evidence
1601,python decorators explained with practical examples
1602,slow cooker beef stew with red wine reduction
1603,python decorators explained with practical examples
1604,postgres query plan analysis and index optimization
1605,black hole accretion disk thermal emission spectrum
1606,kubernetes pod networking and service discovery
1607,rust ownership and borrowing fundamentals tutorial
1608,black hole accretion disk thermal emission spectrum
1609,galaxy rotation curves and dark matter halo evidence
1610,supernova remnant observed in the crab nebula
1611,rust ownership and borrowing fundamentals tutorial
1612,react server components vs client components rendering
1613,best knife sharpening techniques for kitchen blades
1614,vegetarian curry with chickpeas and coconut milk
1615,slow cooker beef stew with red wine reduction
1616,cosmic microwave background polarization measurements
1617,exoplanet discovery via transit photometry method
1618,rust ownership and borrowing fundamentals tutorial
1619,pasta carbonara authentic roman recipe with guanciale
1620,react server components vs client components rendering
1621,supernova remnant observed in the crab nebula
1622,kubernetes pod networking and service discovery
1623,vegetarian curry with chickpeas and coconut milk
1624,exoplanet discovery via transit photometry method
1625,homemade sourdough bread baking guide and recipe
1626,pasta carbonara authentic roman recipe with guanciale
1627,homemade sourdough bread baking guide and recipe
1628,supernova remnant observed in the crab nebula
1629,rust ownership and borrowing fundamentals tutorial
1630,rust ownership and borrowing fundamentals tutorial
1631,pasta carbonara authentic roman recipe with guanciale
1632,supernova remnant observed in the crab nebula
1633,react server components vs client components rendering
1634,black hole accretion disk thermal emission spectrum
1635,python decorators explained with practical examples
1636,rust ownership and borrowing fundamentals tutorial
1637,python decorators explained with practical examples
1638,python decorators explained with practical examples
1639,pasta carbonara authentic roman recipe with guanciale
1640,vegetarian curry with chickpeas and coconut milk
1641,supernova remnant observed in the crab nebula
1642,python decorators explained with practical examples
1643,slow cooker beef stew with red wine reduction
1644,vegetarian curry with chickpeas and coconut milk
1645,homemade sourdough bread baking guide and recipe
1646,supernova remnant observed in the crab nebula
1647,cosmic microwave background polarization measurements
1648,galaxy rotation curves and dark matter halo evidence
1649,homemade sourdough bread baking guide and recipe
1650,rust ownership and borrowing fundamentals tutorial
1651,python decorators explained with practical examples
1652,slow cooker beef stew with red wine reduction
1653,supernova remnant observed in the crab nebula
1654,homemade sourdough bread baking guide and recipe
1655,black hole accretion disk thermal emission spectrum
1656,python decorators explained with practical examples
1657,homemade sourdough bread baking guide and recipe
1658,homemade sourdough bread baking guide and recipe
1659,pasta carbonara authentic roman recipe with guanciale
1660,homemade sourdough bread baking guide and recipe
1661,homemade sourdough bread baking guide and recipe
1662,pasta carbonara authentic roman recipe with guanciale
1663,python decorators explained with practical examples
1664,supernova remnant observed in the crab nebula
1665,best knife sharpening techniques for kitchen blades
1666,react server components vs client components rendering
1667,homemade sourdough bread baking guide and recipe
1668,supernova remnant observed in the crab nebula
1669,python decorators explained with practical examples
1670,exoplanet discovery via transit photometry method
1671,slow cooker beef stew with red wine reduction
1672,postgres query plan analysis and index optimization
1673,postgres query plan analysis and index optimization
1674,pasta carbonara authentic roman recipe with guanciale
1675,black hole accretion disk thermal emission spectrum
1676,exoplanet discovery via transit photometry method
1677,slow cooker beef stew with red wine reduction
1678,supernova remnant observed in the crab nebula
1679,vegetarian curry with chickpeas and coconut milk
1680,slow cooker beef stew with red wine reduction
1681,python decorators explained with practical examples
1682,supernova remnant observed in the crab nebula
1683,rust ownership and borrowing fundamentals tutorial
1684,kubernetes pod networking and service discovery
1685,rust ownership and borrowing fundamentals tutorial
1686,exoplanet discovery via transit photometry method
1687,exoplanet discovery via transit photometry method
1688,homemade sourdough bread baking guide and recipe
1689,exoplanet discovery via transit photometry method
1690,postgres query plan analysis and index optimization
1691,vegetarian curry with chickpeas and coconut milk
1692,galaxy rotation curves and dark matter halo evidence
1693,galaxy rotation curves and dark matter halo evidence
1694,kubernetes pod networking and service discovery
1695,rust ownership and borrowing fundamentals tutorial
1696,python decorators explained with practical examples
1697,rust ownership and borrowing fundamentals tutorial
1698,black hole accretion disk thermal emission spectrum
1699,kubernetes pod networking and service discovery
1700,homemade sourdough bread baking guide and recipe
1701,cosmic microwave background polarization measurements
1702,postgres query plan analysis and index optimization
1703,best knife sharpening techniques for kitchen blades
1704,exoplanet discovery via transit photometry method
1705,exoplanet discovery via transit photometry method
1706,slow cooker beef stew with red wine reduction
1707,homemade sourdough bread baking guide and recipe
1708,galaxy rotation curves and dark matter halo evidence
1709,slow cooker beef stew with red wine reduction
1710,cosmic microwave background polarization measurements
1711,react server components vs client components rendering
1712,python decorators explained with practical examples
1713,galaxy rotation curves and dark matter halo evidence
1714,react server components vs client components rendering
1715,rust ownership and borrowing fundamentals tutorial
1716,rust ownership and borrowing fundamentals tutorial
1717,slow cooker beef stew with red wine reduction
1718,best knife sharpening techniques for kitchen blades
1719,supernova remnant observed in the crab nebula
1720,pasta carbonara authentic roman recipe with guanciale
1721,react server components vs client components rendering
1722,react server components vs client components rendering
1723,react server components vs client components rendering
1724,slow cooker beef stew with red wine reduction
1725,pasta carbonara authentic roman recipe with guanciale
1726,homemade sourdough bread baking guide and recipe
1727,kubernetes pod networking and service discovery
1728,postgres query plan analysis and index optimization
1729,slow cooker beef stew with red wine reduction
1730,rust ownership and borrowing fundamentals tutorial
1731,kubernetes pod networking and service discovery
1732,react server components vs client components rendering
1733,python decorators explained with practical examples
1734,galaxy rotation curves and dark matter halo evidence
1735,slow cooker beef stew with red wine reduction
1736,rust ownership and borrowing fundamentals tutorial
1737,best knife sharpening techniques for kitchen blades
1738,exoplanet discovery via transit photometry method
1739,postgres query plan analysis and index optimization
1740,react server components vs client components rendering
1741,cosmic microwave background polarization measurements
1742,best knife sharpening techniques for kitchen blades
1743,cosmic microwave background polarization measurements
1744,python decorators explained with practical examples
1745,black hole accretion disk thermal emission spectrum
1746,rust ownership and borrowing fundamentals tutorial
1747,slow cooker beef stew with red wine reduction
1748,cosmic microwave background polarization measurements
1749,cosmic microwave background polarization measurements
1750,homemade sourdough bread baking guide and recipe
1751,vegetarian curry with chickpeas and coconut milk
1752,supernova remnant observed in the crab nebula
1753,kubernetes pod networking and service discovery
1754,rust ownership and borrowing fundamentals tutorial
1755,rust ownership and borrowing fundamentals tutorial
1756,exoplanet discovery via transit photometry method
1757,homemade sourdough bread baking guide and recipe
1758,python decorators explained with practical examples
1759,postgres query plan analysis and index optimization
1760,postgres query plan analysis and index optimization
1761,homemade sourdough bread baking guide and recipe
1762,black hole accretion disk thermal emission spectrum
1763,best knife sharpening techniques for kitchen blades
1764,supernova remnant observed in the crab nebula
1765,vegetarian curry with chickpeas and coconut milk
1766,python decorators explained with practical examples
1767,slow cooker beef stew with red wine reduction
1768,black hole accretion disk thermal emission spectrum
1769,pasta carbonara authentic roman recipe with guanciale
1770,galaxy rotation curves and dark matter halo evidence
1771,supernova remnant observed in the crab nebula
1772,slow cooker beef stew with red wine reduction
1773,rust ownership and borrowing fundamentals tutorial
1774,kubernetes pod networking and service discovery
1775,exoplanet discovery via transit photometry method
1776,supernova remnant observed in the crab nebula
1777,vegetarian curry with chickpeas and coconut milk
1778,kubernetes pod networking and service discovery
1779,black hole accretion disk thermal emission spectrum
1780,exoplanet discovery via transit photometry method
1781,homemade sourdough bread baking guide and recipe
1782,vegetarian curry with chickpeas and coconut milk
1783,galaxy rotation curves and dark matter halo evidence
1784,postgres query plan analysis and index optimization
1785,vegetarian curry with chickpeas and coconut milk
1786,galaxy rotation curves and dark matter halo evidence
1787,black hole accretion disk thermal emission spectrum
1788,homemade sourdough bread baking guide and recipe
1789,kubernetes pod networking and service discovery
1790,galaxy rotation curves and dark matter halo evidence
1791,cosmic microwave background polarization measurements
1792,galaxy rotation curves and dark matter halo evidence
1793,vegetarian curry with chickpeas and coconut milk
1794,postgres query plan analysis and index optimization
1795,python decorators explained with practical examples
1796,homemade sourdough bread baking guide and recipe
1797,black hole accretion disk thermal emission spectrum
1798,exoplanet discovery via transit photometry method
1799,rust ownership and borrowing fundamentals tutorial
1800,best knife sharpening techniques for kitchen blades
1801,exoplanet discovery via transit photometry method
1802,supernova remnant observed in the crab nebula
1803,black hole accretion disk thermal emission spectrum
1804,homemade sourdough bread baking guide and recipe
1805,homemade sourdough bread baking guide and recipe
1806,vegetarian curry with chickpeas and coconut milk
1807,rust ownership and borrowing fundamentals tutorial
1808,homemade sourdough bread baking guide and recipe
1809,vegetarian curry with chickpeas and coconut milk
1810,python decorators explained with practical examples
1811,python decorators explained with practical examples
1812,cosmic microwave background polarization measurements
1813,rust ownership and borrowing fundamentals tutorial
1814,kubernetes pod networking and service discovery
1815,postgres query plan analysis and index optimization
1816,vegetarian curry with chickpeas and coconut milk
1817,python decorators explained with practical examples
1818,kubernetes pod networking and service discovery
1819,pasta carbonara authentic roman recipe with guanciale
1820,kubernetes pod networking and service discovery
1821,galaxy rotation curves and dark matter halo evidence
1822,galaxy rotation curves and dark matter halo evidence
1823,supernova remnant observed in the crab nebula
1824,exoplanet discovery via transit photometry method
1825,react server components vs client components rendering
1826,vegetarian curry with chickpeas and coconut milk
1827,pasta carbonara authentic roman recipe with guanciale
1828,best knife sharpening techniques for kitchen blades
1829,cosmic microwave background polarization measurements
1830,supernova remnant observed in the crab nebula
1831,kubernetes pod networking and service discovery
1832,postgres query plan analysis and index optimization
1833,pasta carbonara authentic roman recipe with guanciale
1834,cosmic microwave background polarization measurements
1835,python decorators explained with practical examples
1836,rust ownership and borrowing fundamentals tutorial
1837,galaxy rotation curves and dark matter halo evidence
1838,python decorators explained with practical examples
1839,postgres query plan analysis and index optimization
1840,supernova remnant observed in the crab nebula
1841,slow cooker beef stew with red wine reduction
1842,postgres query plan analysis and index optimization
1843,react server components vs client components rendering
1844,postgres query plan analysis and index optimization
1845,slow cooker beef stew with red wine reduction
1846,supernova remnant observed in the crab nebula
1847,react server components vs client components rendering
1848,rust ownership and borrowing fundamentals tutorial
1849,react server components vs client components rendering
1850,homemade sourdough bread baking guide and recipe
1851,cosmic microwave background polarization measurements
1852,react server components vs client components rendering
1853,homemade sourdough bread baking guide and recipe
1854,cosmic microwave background polarization measurements
1855,slow cooker beef stew with red wine reduction
1856,supernova remnant observed in the crab nebula
1857,supernova remnant observed in the crab nebula
1858,vegetarian curry with chickpeas and coconut milk
1859,python decorators explained with practical examples
1860,vegetarian curry with chickpeas and coconut milk
1861,supernova remnant observed in the crab nebula
1862,black hole accretion disk thermal emission spectrum
1863,kubernetes pod networking and service discovery
1864,exoplanet discovery via transit photometry method
1865,cosmic microwave background polarization measurements
1866,exoplanet discovery via transit photometry method
1867,slow cooker beef stew with red wine reduction
1868,homemade sourdough bread baking guide and recipe
1869,kubernetes pod networking and service discovery
1870,slow cooker beef stew with red wine reduction
1871,cosmic microwave background polarization measurements
1872,homemade sourdough bread baking guide and recipe
1873,black hole accretion disk thermal emission spectrum
1874,slow cooker beef stew with red wine reduction
1875,supernova remnant observed in the crab nebula
1876,postgres query plan analysis and index optimization
1877,homemade sourdough bread baking guide and recipe
1878,rust ownership and borrowing fundamentals tutorial
1879,black hole accretion disk thermal emission spectrum
1880,postgres query plan analysis and index optimization
1881,python decorators explained with practical examples
1882,react server components vs client components rendering
1883,python decorators explained with practical examples
1884,kubernetes pod networking and service discovery
1885,vegetarian curry with chickpeas and coconut milk
1886,rust ownership and borrowing fundamentals tutorial
1887,cosmic microwave background polarization measurements
1888,pasta carbonara authentic roman recipe with guanciale
1889,best knife sharpening techniques for kitchen blades
1890,galaxy rotation curves and dark matter halo evidence
1891,postgres query plan analysis and index optimization
1892,exoplanet discovery via transit photometry method
1893,vegetarian curry with chickpeas and coconut milk
1894,react server components vs client components rendering
1895,slow cooker beef stew with red wine reduction
1896,galaxy rotation curves and dark matter halo evidence
1897,slow cooker beef stew with red wine reduction
1898,best knife sharpening techniques for kitchen blades
1899,python decorators explained with practical examples
1900,python decorators explained with practical examples
1901,slow cooker beef stew with red wine reduction
1902,cosmic microwave background polarization measurements
1903,best knife sharpening techniques for kitchen blades
1904,galaxy rotation curves and dark matter halo evidence
1905,python decorators explained with practical examples
1906,kubernetes pod networking and service discovery
1907,galaxy rotation curves and dark matter halo evidence
1908,cosmic microwave background polarization measurements
1909,exoplanet discovery via transit photometry method
1910,kubernetes pod networking and service discovery
1911,exoplanet discovery via transit photometry method
1912,vegetarian curry with chickpeas and coconut milk
1913,vegetarian curry with chickpeas and coconut milk
1914,vegetarian curry with chickpeas and coconut milk
1915,homemade sourdough bread baking guide and recipe
1916,exoplanet discovery via transit photometry method
1917,kubernetes pod networking and service discovery
1918,react server components vs client components rendering
1919,rust ownership and borrowing fundamentals tutorial
1920,vegetarian curry with chickpeas and coconut milk
1921,vegetarian curry with chickpeas and coconut milk
1922,galaxy rotation curves and dark matter halo evidence
1923,galaxy rotation curves and dark matter halo evidence
1924,galaxy rotation curves and dark matter halo evidence
1925,supernova remnant observed in the crab nebula
1926,supernova remnant observed in the crab nebula
1927,pasta carbonara authentic roman recipe with guanciale
1928,rust ownership and borrowing fundamentals tutorial
1929,kubernetes pod networking and service discovery
1930,exoplanet discovery via transit photometry method
1931,kubernetes pod networking and service discovery
1932,slow cooker beef stew with red wine reduction
1933,react server components vs client components rendering
1934,homemade sourdough bread baking guide and recipe
1935,kubernetes pod networking and service discovery
1936,galaxy rotation curves and dark matter halo evidence
1937,slow cooker beef stew with red wine reduction
1938,kubernetes pod networking and service discovery
1939,python decorators explained with practical examples
1940,rust ownership and borrowing fundamentals tutorial
1941,postgres query plan analysis and index optimization
1942,kubernetes pod networking and service discovery
1943,cosmic microwave background polarization measurements
1944,exoplanet discovery via transit photometry method
1945,supernova remnant observed in the crab nebula
1946,black hole accretion disk thermal emission spectrum
1947,homemade sourdough bread baking guide and recipe
1948,galaxy rotation curves and dark matter halo evidence
1949,postgres query plan analysis and index optimization
1950,exoplanet discovery via transit photometry method
1951,python decorators explained with practical examples
1952,cosmic microwave background polarization measurements
1953,kubernetes pod networking and service discovery
1954,kubernetes pod networking and service discovery
1955,kubernetes pod networking and service discovery
1956,pasta carbonara authentic roman recipe with guanciale
1957,postgres query plan analysis and index optimization
1958,homemade sourdough bread baking guide and recipe
1959,supernova remnant observed in the crab nebula
1960,galaxy rotation curves and dark matter halo evidence
1961,slow cooker beef stew with red wine reduction
1962,python decorators explained with practical examples
1963,pasta carbonara authentic roman recipe with guanciale
1964,python decorators explained with practical examples
1965,supernova remnant observed in the crab nebula
1966,python decorators explained with practical examples
1967,rust ownership and borrowing fundamentals tutorial
1968,black hole accretion disk thermal emission spectrum
1969,homemade sourdough bread baking guide and recipe
1970,rust ownership and borrowing fundamentals tutorial
1971,rust ownership and borrowing fundamentals tutorial
1972,pasta carbonara authentic roman recipe with guanciale
1973,cosmic microwave background polarization measurements
1974,postgres query plan analysis and index optimization
1975,pasta carbonara authentic roman recipe with guanciale
1976,vegetarian curry with chickpeas and coconut milk
1977,slow cooker beef stew with red wine reduction
1978,kubernetes pod networking and service discovery
1979,postgres query plan analysis and index optimization
1980,exoplanet discovery via transit photometry method
1981,best knife sharpening techniques for kitchen blades
1982,cosmic microwave background polarization measurements
1983,black hole accretion disk thermal emission spectrum
1984,pasta carbonara authentic roman recipe with guanciale
1985,rust ownership and borrowing fundamentals tutorial
1986,rust ownership and borrowing fundamentals tutorial
1987,black hole accretion disk thermal emission spectrum
1988,react server components vs client components rendering
1989,galaxy rotation curves and dark matter halo evidence
1990,postgres query plan analysis and index optimization
1991,kubernetes pod networking and service discovery
1992,kubernetes pod networking and service discovery
1993,rust ownership and borrowing fundamentals tutorial
1994,best knife sharpening techniques for kitchen blades
1995,pasta carbonara authentic roman recipe with guanciale
1996,slow cooker beef stew with red wine reduction
1997,black hole accretion disk thermal emission spectrum
1998,postgres query plan analysis and index optimization
1999,best knife sharpening techniques for kitchen blades
2000,postgres query plan analysis and index optimization
2001,exoplanet discovery via transit photometry method
2002,python decorators explained with practical examples
2003,exoplanet discovery via transit photometry method
2004,vegetarian curry with chickpeas and coconut milk
2005,vegetarian curry with chickpeas and coconut milk
2006,exoplanet discovery via transit photometry method
2007,postgres query plan analysis and index optimization
2008,kubernetes pod networking and service discovery
2009,kubernetes pod networking and service discovery
2010,supernova remnant observed in the crab nebula
2011,cosmic microwave background polarization measurements
2012,supernova remnant observed in the crab nebula
2013,best knife sharpening techniques for kitchen blades
2014,vegetarian curry with chickpeas and coconut milk
2015,homemade sourdough bread baking guide and recipe
2016,black hole accretion disk thermal emission spectrum
2017,homemade sourdough bread baking guide and recipe
2018,kubernetes pod networking and service discovery
2019,vegetarian curry with chickpeas and coconut milk
2020,pasta carbonara authentic roman recipe with guanciale
2021,kubernetes pod networking and service discovery
2022,exoplanet discovery via transit photometry method
2023,exoplanet discovery via transit photometry method
2024,exoplanet discovery via transit photometry method
2025,kubernetes pod networking and service discovery
2026,python decorators explained with practical examples
2027,python decorators explained with practical examples
2028,python decorators explained with practical examples
2029,exoplanet discovery via transit photometry method
2030,rust ownership and borrowing fundamentals tutorial
2031,postgres query plan analysis and index optimization
2032,react server components vs client components rendering
2033,homemade sourdough bread baking guide and recipe
2034,cosmic microwave background polarization measurements
2035,black hole accretion disk thermal emission spectrum
2036,supernova remnant observed in the crab nebula
2037,react server components vs client components rendering
2038,cosmic microwave background polarization measurements
2039,slow cooker beef stew with red wine reduction
2040,cosmic microwave background polarization measurements
2041,rust ownership and borrowing fundamentals tutorial
2042,vegetarian curry with chickpeas and coconut milk
2043,supernova remnant observed in the crab nebula
2044,react server components vs client components rendering
2045,homemade sourdough bread baking guide and recipe
2046,exoplanet discovery via transit photometry method
2047,black hole accretion disk thermal emission spectrum
2048,postgres query plan analysis and index optimization
2049,galaxy rotation curves and dark matter halo evidence
2050,slow cooker beef stew with red wine reduction
2051,homemade sourdough bread baking guide and recipe
2052,best knife sharpening techniques for kitchen blades
2053,cosmic microwave background polarization measurements
2054,react server components vs client components rendering
2055,supernova remnant observed in the crab nebula
2056,supernova remnant observed in the crab nebula
2057,homemade sourdough bread baking guide and recipe
2058,best knife sharpening techniques for kitchen blades
2059,pasta carbonara authentic roman recipe with guanciale
2060,rust ownership and borrowing fundamentals tutorial
2061,best knife sharpening techniques for kitchen blades
2062,python decorators explained with practical examples
2063,galaxy rotation curves and dark matter halo evidence
2064,black hole accretion disk thermal emission spectrum
2065,homemade sourdough bread baking guide and recipe
2066,supernova remnant observed in the crab nebula
2067,postgres query plan analysis and index optimization
2068,react server components vs client components rendering
2069,react server components vs client components rendering
2070,homemade sourdough bread baking guide and recipe
2071,supernova remnant observed in the crab nebula
2072,exoplanet discovery via transit photometry method
2073,postgres query plan analysis and index optimization
2074,slow cooker beef stew with red wine reduction
2075,kubernetes pod networking and service discovery
2076,python decorators explained with practical examples
2077,vegetarian curry with chickpeas and coconut milk
2078,exoplanet discovery via transit photometry method
2079,python decorators explained with practical examples
2080,slow cooker beef stew with red wine reduction
2081,cosmic microwave background polarization measurements
2082,slow cooker beef stew with red wine reduction
2083,exoplanet discovery via transit photometry method
2084,react server components vs client components rendering
2085,vegetarian curry with chickpeas and coconut milk
2086,galaxy rotation curves and dark matter halo evidence
2087,homemade sourdough bread baking guide and recipe
2088,slow cooker beef stew with red wine reduction
2089,slow cooker beef stew with red wine reduction
2090,postgres query plan analysis and index optimization
2091,slow cooker beef stew with red wine reduction
2092,postgres query plan analysis and index optimization
2093,black hole accretion disk thermal emission spectrum
2094,rust ownership and borrowing fundamentals tutorial
2095,python decorators explained with practical examples
2096,rust ownership and borrowing fundamentals tutorial
2097,kubernetes pod networking and service discovery
2098,rust ownership and borrowing fundamentals tutorial
2099,homemade sourdough bread baking guide and recipe
2100,rust ownership and borrowing fundamentals tutorial
2101,react server components vs client components rendering
2102,galaxy rotation curves and dark matter halo evidence
2103,homemade sourdough bread baking guide and recipe
2104,react server components vs client components rendering
2105,galaxy rotation curves and dark matter halo evidence
2106,rust ownership and borrowing fundamentals tutorial
2107,rust ownership and borrowing fundamentals tutorial
2108,rust ownership and borrowing fundamentals tutorial
2109,python decorators explained with practical examples
2110,exoplanet discovery via transit photometry method
2111,slow cooker beef stew with red wine reduction
2112,supernova remnant observed in the crab nebula
2113,kubernetes pod networking and service discovery
2114,cosmic microwave background polarization measurements
2115,react server components vs client components rendering
2116,best knife sharpening techniques for kitchen blades
2117,best knife sharpening techniques for kitchen blades
2118,galaxy rotation curves and dark matter halo evidence
2119,slow cooker beef stew with red wine reduction
2120,react server components vs client components rendering
2121,vegetarian curry with chickpeas and coconut milk
2122,pasta carbonara authentic roman recipe with guanciale
2123,kubernetes pod networking and service discovery
2124,vegetarian curry with chickpeas and coconut milk
2125,supernova remnant observed in the crab nebula
2126,rust ownership and borrowing fundamentals tutorial
2127,rust ownership and borrowing fundamentals tutorial
2128,vegetarian curry with chickpeas and coconut milk
2129,kubernetes pod networking and service discovery
2130,vegetarian curry with chickpeas and coconut milk
2131,galaxy rotation curves and dark matter halo evidence
2132,postgres query plan analysis and index optimization
2133,black hole accretion disk thermal emission spectrum
2134,postgres query plan analysis and index optimization
2135,slow cooker beef stew with red wine reduction
2136,kubernetes pod networking and service discovery
2137,postgres query plan analysis and index optimization
2138,black hole accretion disk thermal emission spectrum
2139,galaxy rotation curves and dark matter halo evidence
2140,slow cooker beef stew with red wine reduction
2141,homemade sourdough bread baking guide and recipe
2142,python decorators explained with practical examples
2143,cosmic microwave background polarization measurements
2144,slow cooker beef stew with red wine reduction
2145,python decorators explained with practical examples
2146,galaxy rotation curves and dark matter halo evidence
2147,homemade sourdough bread baking guide and recipe
2148,postgres query plan analysis and index optimization
2149,kubernetes pod networking and service discovery
2150,supernova remnant observed in the crab nebula
2151,react server components vs client components rendering
2152,best knife sharpening techniques for kitchen blades
2153,pasta carbonara authentic roman recipe with guanciale
2154,python decorators explained with practical examples
2155,kubernetes pod networking and service discovery
2156,black hole accretion disk thermal emission spectrum
2157,cosmic microwave background polarization measurements
2158,pasta carbonara authentic roman recipe with guanciale
2159,kubernetes pod networking and service discovery
2160,black hole accretion disk thermal emission spectrum
2161,galaxy rotation curves and dark matter halo evidence
2162,slow cooker beef stew with red wine reduction
2163,rust ownership and borrowing fundamentals tutorial
2164,supernova remnant observed in the crab nebula
2165,postgres query plan analysis and index optimization
2166,python decorators explained with practical examples
2167,slow cooker beef stew with red wine reduction
2168,black hole accretion disk thermal emission spectrum
2169,kubernetes pod networking and service discovery
2170,galaxy rotation curves and dark matter halo evidence
2171,homemade sourdough bread baking guide and recipe
2172,galaxy rotation curves and dark matter halo evidence
2173,best knife sharpening techniques for kitchen blades
2174,react server components vs client components rendering
2175,galaxy rotation curves and dark matter halo evidence
2176,supernova remnant observed in the crab nebula
2177,homemade sourdough bread baking guide and recipe
2178,react server components vs client components rendering
2179,kubernetes pod networking and service discovery
2180,best knife sharpening techniques for kitchen blades
2181,best knife sharpening techniques for kitchen blades
2182,exoplanet discovery via transit photometry method
2183,cosmic microwave background polarization measurements
2184,supernova remnant observed in the crab nebula
2185,cosmic microwave background polarization measurements
2186,black hole accretion disk thermal emission spectrum
2187,supernova remnant observed in the crab nebula
2188,react server components vs client components rendering
2189,exoplanet discovery via transit photometry method
2190,galaxy rotation curves and dark matter halo evidence
2191,supernova remnant observed in the crab nebula
2192,react server components vs client components rendering
2193,react server components vs client components rendering
2194,python decorators explained with practical examples
2195,best knife sharpening techniques for kitchen blades
2196,slow cooker beef stew with red wine reduction
2197,supernova remnant observed in the crab nebula
2198,postgres query plan analysis and index optimization
2199,homemade sourdough bread baking guide and recipe
2200,slow cooker beef stew with red wine reduction
2201,rust ownership and borrowing fundamentals tutorial
2202,slow cooker beef stew with red wine reduction
2203,homemade sourdough bread baking guide and recipe
2204,supernova remnant observed in the crab nebula
2205,postgres query plan analysis and index optimization
2206,cosmic microwave background polarization measurements
2207,pasta carbonara authentic roman recipe with guanciale
2208,homemade sourdough bread baking guide and recipe
2209,exoplanet discovery via transit photometry method
2210,python decorators explained with practical examples
2211,homemade sourdough bread baking guide and recipe
2212,rust ownership and borrowing fundamentals tutorial
2213,vegetarian curry with chickpeas and coconut milk
2214,kubernetes pod networking and service discovery
2215,exoplanet discovery via transit photometry method
2216,postgres query plan analysis and index optimization
2217,homemade sourdough bread baking guide and recipe
2218,cosmic microwave background polarization measurements
2219,kubernetes pod networking and service discovery
2220,kubernetes pod networking and service discovery
2221,rust ownership and borrowing fundamentals tutorial
2222,slow cooker beef stew with red wine reduction
2223,supernova remnant observed in the crab nebula
2224,postgres query plan analysis and index optimization
2225,react server components vs client components rendering
2226,postgres query plan analysis and index optimization
2227,best knife sharpening techniques for kitchen blades
2228,exoplanet discovery via transit photometry method
2229,homemade sourdough bread baking guide and recipe
2230,black hole accretion disk thermal emission spectrum
2231,supernova remnant observed in the crab nebula
2232,cosmic microwave background polarization measurements
2233,postgres query plan analysis and index optimization
2234,cosmic microwave background polarization measurements
2235,kubernetes pod networking and service discovery
2236,vegetarian curry with chickpeas and coconut milk
2237,python decorators explained with practical examples
2238,vegetarian curry with chickpeas and coconut milk
2239,cosmic microwave background polarization measurements
2240,react server components vs client components rendering
2241,kubernetes pod networking and service discovery
2242,black hole accretion disk thermal emission spectrum
2243,exoplanet discovery via transit photometry method
2244,slow cooker beef stew with red wine reduction
2245,homemade sourdough bread baking guide and recipe
2246,black hole accretion disk thermal emission spectrum
2247,kubernetes pod networking and service discovery
2248,vegetarian curry with chickpeas and coconut milk
2249,pasta carbonara authentic roman recipe with guanciale
2250,exoplanet discovery via transit photometry method
2251,best knife sharpening techniques for kitchen blades
2252,supernova remnant observed in the crab nebula
2253,best knife sharpening techniques for kitchen blades
2254,best knife sharpening techniques for kitchen blades
2255,homemade sourdough bread baking guide and recipe
2256,supernova remnant observed in the crab nebula
2257,homemade sourdough bread baking guide and recipe
2258,slow cooker beef stew with red wine reduction
2259,exoplanet discovery via transit photometry method
2260,cosmic microwave background polarization measurements
2261,rust ownership and borrowing fundamentals tutorial
2262,python decorators explained with practical examples
2263,postgres query plan analysis and index optimization
2264,homemade sourdough bread baking guide and recipe
2265,supernova remnant observed in the crab nebula
2266,black hole accretion disk thermal emission spectrum
2267,kubernetes pod networking and service discovery
2268,galaxy rotation curves and dark matter halo evidence
2269,rust ownership and borrowing fundamentals tutorial
2270,react server components vs client components rendering
2271,rust ownership and borrowing fundamentals tutorial
2272,black hole accretion disk thermal emission spectrum
2273,black hole accretion disk thermal emission spectrum
2274,best knife sharpening techniques for kitchen blades
2275,react server components vs client components rendering
2276,homemade sourdough bread baking guide and recipe
2277,galaxy rotation curves and dark matter halo evidence
2278,react server components vs client components rendering
2279,exoplanet discovery via transit photometry method
2280,kubernetes pod networking and service discovery
2281,kubernetes pod networking and service discovery
2282,react server components vs client components rendering
2283,postgres query plan analysis and index optimization
2284,vegetarian curry with chickpeas and coconut milk
2285,homemade sourdough bread baking guide and recipe
2286,python decorators explained with practical examples
2287,galaxy rotation curves and dark matter halo evidence
2288,best knife sharpening techniques for kitchen blades
2289,react server components vs client components rendering
2290,react server components vs client components rendering
2291,best knife sharpening techniques for kitchen blades
2292,supernova remnant observed in the crab nebula
2293,supernova remnant observed in the crab nebula
2294,best knife sharpening techniques for kitchen blades
2295,black hole accretion disk thermal emission spectrum
2296,homemade sourdough bread baking guide and recipe
2297,slow cooker beef stew with red wine reduction
2298,postgres query plan analysis and index optimization
2299,galaxy rotation curves and dark matter halo evidence
2300,python decorators explained with practical examples
2301,kubernetes pod networking and service discovery
2302,vegetarian curry with chickpeas and coconut milk
2303,homemade sourdough bread baking guide and recipe
2304,homemade sourdough bread baking guide and recipe
2305,exoplanet discovery via transit photometry method
2306,supernova remnant observed in the crab nebula
2307,slow cooker beef stew with red wine reduction
2308,galaxy rotation curves and dark matter halo evidence
2309,rust ownership and borrowing fundamentals tutorial
2310,slow cooker beef stew with red wine reduction
2311,slow cooker beef stew with red wine reduction
2312,slow cooker beef stew with red wine reduction
2313,kubernetes pod networking and service discovery
2314,postgres query plan analysis and index optimization
2315,slow cooker beef stew with red wine reduction
2316,python decorators explained with practical examples
2317,python decorators explained with practical examples
2318,pasta carbonara authentic roman recipe with guanciale
2319,postgres query plan analysis and index optimization
2320,postgres query plan analysis and index optimization
2321,cosmic microwave background polarization measurements
2322,supernova remnant observed in the crab nebula
2323,homemade sourdough bread baking guide and recipe
2324,black hole accretion disk thermal emission spectrum
2325,postgres query plan analysis and index optimization
2326,python decorators explained with practical examples
2327,python decorators explained with practical examples
2328,exoplanet discovery via transit photometry method
2329,homemade sourdough bread baking guide and recipe
2330,pasta carbonara authentic roman recipe with guanciale
2331,pasta carbonara authentic roman recipe with guanciale
2332,python decorators explained with practical examples
2333,vegetarian curry with chickpeas and coconut milk
2334,supernova remnant observed in the crab nebula
2335,slow cooker beef stew with red wine reduction
2336,pasta carbonara authentic roman recipe with guanciale
2337,supernova remnant observed in the crab nebula
2338,pasta carbonara authentic roman recipe with guanciale
2339,slow cooker beef stew with red wine reduction
2340,postgres query plan analysis and index optimization
2341,exoplanet discovery via transit photometry method
2342,black hole accretion disk thermal emission spectrum
2343,supernova remnant observed in the crab nebula
2344,postgres query plan analysis and index optimization
2345,cosmic microwave background polarization measurements
2346,slow cooker beef stew with red wine reduction
2347,exoplanet discovery via transit photometry method
2348,cosmic microwave background polarization measurements
2349,kubernetes pod networking and service discovery
2350,homemade sourdough bread baking guide and recipe
2351,slow cooker beef stew with red wine reduction
2352,postgres query plan analysis and index optimization
2353,cosmic microwave background polarization measurements
2354,homemade sourdough bread baking guide and recipe
2355,python decorators explained with practical examples
2356,exoplanet discovery via transit photometry method
2357,rust ownership and borrowing fundamentals tutorial
2358,kubernetes pod networking and service discovery
2359,slow cooker beef stew with red wine reduction
2360,slow cooker beef stew with red wine reduction
2361,homemade sourdough bread baking guide and recipe
2362,homemade sourdough bread baking guide and recipe
2363,react server components vs client components rendering
2364,supernova remnant observed in the crab nebula
2365,galaxy rotation curves and dark matter halo evidence
2366,homemade sourdough bread baking guide and recipe
2367,homemade sourdough bread baking guide and recipe
2368,homemade sourdough bread baking guide and recipe
2369,kubernetes pod networking and service discovery
2370,postgres query plan analysis and index optimization
2371,best knife sharpening techniques for kitchen blades
2372,cosmic microwave background polarization measurements
2373,cosmic microwave background polarization measurements
2374,slow cooker beef stew with red wine reduction
2375,kubernetes pod networking and service discovery
2376,slow cooker beef stew with red wine reduction
2377,python decorators explained with practical examples
2378,kubernetes pod networking and service discovery
2379,exoplanet discovery via transit photometry method
2380,kubernetes pod networking and service discovery
2381,homemade sourdough bread baking guide and recipe
2382,exoplanet discovery via transit photometry method
2383,exoplanet discovery via transit photometry method
2384,cosmic microwave background polarization measurements
2385,postgres query plan analysis and index optimization
2386,python decorators explained with practical examples
2387,supernova remnant observed in the crab nebula
2388,rust ownership and borrowing fundamentals tutorial
2389,pasta carbonara authentic roman recipe with guanciale
2390,postgres query plan analysis and index optimization
2391,slow cooker beef stew with red wine reduction
2392,supernova remnant observed in the crab nebula
2393,galaxy rotation curves and dark matter halo evidence
2394,pasta carbonara authentic roman recipe with guanciale
2395,galaxy rotation curves and dark matter halo evidence
2396,exoplanet discovery via transit photometry method
2397,best knife sharpening techniques for kitchen blades
2398,slow cooker beef stew with red wine reduction
2399,exoplanet discovery via transit photometry method
2400,cosmic microwave background polarization measurements
2401,python decorators explained with practical examples
2402,supernova remnant observed in the crab nebula
2403,best knife sharpening techniques for kitchen blades
2404,exoplanet discovery via transit photometry method
2405,postgres query plan analysis and index optimization
2406,exoplanet discovery via transit photometry method
2407,pasta carbonara authentic roman recipe with guanciale
2408,black hole accretion disk thermal emission spectrum
2409,exoplanet discovery via transit photometry method
2410,pasta carbonara authentic roman recipe with guanciale
2411,postgres query plan analysis and index optimization
2412,exoplanet discovery via transit photometry method
2413,pasta carbonara authentic roman recipe with guanciale
2414,python decorators explained with practical examples
2415,black hole accretion disk thermal emission spectrum
2416,exoplanet discovery via transit photometry method
2417,postgres query plan analysis and index optimization
2418,cosmic microwave background polarization measurements
2419,best knife sharpening techniques for kitchen blades
2420,react server components vs client components rendering
2421,vegetarian curry with chickpeas and coconut milk
2422,vegetarian curry with chickpeas and coconut milk
2423,postgres query plan analysis and index optimization
2424,galaxy rotation curves and dark matter halo evidence
2425,supernova remnant observed in the crab nebula
2426,galaxy rotation curves and dark matter halo evidence
2427,homemade sourdough bread baking guide and recipe
2428,cosmic microwave background polarization measurements
2429,cosmic microwave background polarization measurements
2430,kubernetes pod networking and service discovery
2431,black hole accretion disk thermal emission spectrum
2432,postgres query plan analysis and index optimization
2433,pasta carbonara authentic roman recipe with guanciale
2434,vegetarian curry with chickpeas and coconut milk
2435,homemade sourdough bread baking guide and recipe
2436,cosmic microwave background polarization measurements
2437,supernova remnant observed in the crab nebula
2438,react server components vs client components rendering
2439,kubernetes pod networking and service discovery
2440,exoplanet discovery via transit photometry method
2441,python decorators explained with practical examples
2442,best knife sharpening techniques for kitchen blades
2443,galaxy rotation curves and dark matter halo evidence
2444,postgres query plan analysis and index optimization
2445,react server components vs client components rendering
2446,homemade sourdough bread baking guide and recipe
2447,slow cooker beef stew with red wine reduction
2448,rust ownership and borrowing fundamentals tutorial
2449,exoplanet discovery via transit photometry method
2450,homemade sourdough bread baking guide and recipe
2451,kubernetes pod networking and service discovery
2452,exoplanet discovery via transit photometry method
2453,rust ownership and borrowing fundamentals tutorial
2454,react server components vs client components rendering
2455,exoplanet discovery via transit photometry method
2456,exoplanet discovery via transit photometry method
2457,postgres query plan analysis and index optimization
2458,best knife sharpening techniques for kitchen blades
2459,rust ownership and borrowing fundamentals tutorial
2460,black hole accretion disk thermal emission spectrum
2461,cosmic microwave background polarization measurements
2462,black hole accretion disk thermal emission spectrum
2463,slow cooker beef stew with red wine reduction
2464,slow cooker beef stew with red wine reduction
2465,supernova remnant observed in the crab nebula
2466,black hole accretion disk thermal emission spectrum
2467,exoplanet discovery via transit photometry method
2468,slow cooker beef stew with red wine reduction
2469,cosmic microwave background polarization measurements
2470,postgres query plan analysis and index optimization
2471,react server components vs client components rendering
2472,vegetarian curry with chickpeas and coconut milk
2473,kubernetes pod networking and service discovery
2474,galaxy rotation curves and dark matter halo evidence
2475,best knife sharpening techniques for kitchen blades
2476,postgres query plan analysis and index optimization
2477,supernova remnant observed in the crab nebula
2478,supernova remnant observed in the crab nebula
2479,slow cooker beef stew with red wine reduction
2480,python decorators explained with practical examples
2481,supernova remnant observed in the crab nebula
2482,kubernetes pod networking and service discovery
2483,black hole accretion disk thermal emission spectrum
2484,python decorators explained with practical examples
2485,galaxy rotation curves and dark matter halo evidence
2486,kubernetes pod networking and service discovery
2487,homemade sourdough bread baking guide and recipe
2488,pasta carbonara authentic roman recipe with guanciale
2489,postgres query plan analysis and index optimization
2490,vegetarian curry with chickpeas and coconut milk
2491,slow cooker beef stew with red wine reduction
2492,rust ownership and borrowing fundamentals tutorial
2493,cosmic microwave background polarization measurements
2494,supernova remnant observed in the crab nebula
2495,vegetarian curry with chickpeas and coconut milk
2496,exoplanet discovery via transit photometry method
2497,python decorators explained with practical examples
2498,homemade sourdough bread baking guide and recipe
2499,vegetarian curry with chickpeas and coconut milk
2500,galaxy rotation curves and dark matter halo evidence
2501,exoplanet discovery via transit photometry method
2502,homemade sourdough bread baking guide and recipe
2503,python decorators explained with practical examples
2504,exoplanet discovery via transit photometry method
2505,vegetarian curry with chickpeas and coconut milk
2506,exoplanet discovery via transit photometry method
2507,rust ownership and borrowing fundamentals tutorial
2508,pasta carbonara authentic roman recipe with guanciale
2509,supernova remnant observed in the crab nebula
2510,slow cooker beef stew with red wine reduction
2511,slow cooker beef stew with red wine reduction
2512,best knife sharpening techniques for kitchen blades
2513,cosmic microwave background polarization measurements
2514,supernova remnant observed in the crab nebula
2515,slow cooker beef stew with red wine reduction
2516,homemade sourdough bread baking guide and recipe
2517,exoplanet discovery via transit photometry method
2518,cosmic microwave background polarization measurements
2519,exoplanet discovery via transit photometry method
2520,black hole accretion disk thermal emission spectrum
2521,best knife sharpening techniques for kitchen blades
2522,python decorators explained with practical examples
2523,rust ownership and borrowing fundamentals tutorial
2524,rust ownership and borrowing fundamentals tutorial
2525,python decorators explained with practical examples
2526,best knife sharpening techniques for kitchen blades
2527,kubernetes pod networking and service discovery
2528,exoplanet discovery via transit photometry method
2529,galaxy rotation curves and dark matter halo evidence
2530,rust ownership and borrowing fundamentals tutorial
2531,galaxy rotation curves and dark matter halo evidence
2532,slow cooker beef stew with red wine reduction
2533,slow cooker beef stew with red wine reduction
2534,slow cooker beef stew with red wine reduction
2535,pasta carbonara authentic roman recipe with guanciale
2536,slow cooker beef stew with red wine reduction
2537,pasta carbonara authentic roman recipe with guanciale
2538,homemade sourdough bread baking guide and recipe
2539,galaxy rotation curves and dark matter halo evidence
2540,slow cooker beef stew with red wine reduction
2541,react server components vs client components rendering
2542,black hole accretion disk thermal emission spectrum
2543,supernova remnant observed in the crab nebula
2544,postgres query plan analysis and index optimization
2545,postgres query plan analysis and index optimization
2546,cosmic microwave background polarization measurements
2547,rust ownership and borrowing fundamentals tutorial
2548,vegetarian curry with chickpeas and coconut milk
2549,rust ownership and borrowing fundamentals tutorial
2550,kubernetes pod networking and service discovery
2551,supernova remnant observed in the crab nebula
2552,python decorators explained with practical examples
2553,best knife sharpening techniques for kitchen blades
2554,kubernetes pod networking and service discovery
2555,postgres query plan analysis and index optimization
2556,react server components vs client components rendering
2557,react server components vs client components rendering
2558,exoplanet discovery via transit photometry method
2559,kubernetes pod networking and service discovery
2560,react server components vs client components rendering
2561,vegetarian curry with chickpeas and coconut milk
2562,postgres query plan analysis and index optimization
2563,slow cooker beef stew with red wine reduction
2564,supernova remnant observed in the crab nebula
2565,python decorators explained with practical examples
2566,galaxy rotation curves and dark matter halo evidence
2567,supernova remnant observed in the crab nebula
2568,galaxy rotation curves and dark matter halo evidence
2569,rust ownership and borrowing fundamentals tutorial
2570,slow cooker beef stew with red wine reduction
2571,postgres query plan analysis and index optimization
2572,exoplanet discovery via transit photometry method
2573,rust ownership and borrowing fundamentals tutorial
2574,rust ownership and borrowing fundamentals tutorial
2575,galaxy rotation curves and dark matter halo evidence
2576,vegetarian curry with chickpeas and coconut milk
2577,pasta carbonara authentic roman recipe with guanciale
2578,postgres query plan analysis and index optimization
2579,postgres query plan analysis and index optimization
2580,exoplanet discovery via transit photometry method
2581,supernova remnant observed in the crab nebula
2582,exoplanet discovery via transit photometry method
2583,black hole accretion disk thermal emission spectrum
2584,galaxy rotation curves and dark matter halo evidence
2585,vegetarian curry with chickpeas and coconut milk
2586,exoplanet discovery via transit photometry method
2587,exoplanet discovery via transit photometry method
2588,react server components vs client components rendering
2589,best knife sharpening techniques for kitchen blades
2590,python decorators explained with practical examples
2591,slow cooker beef stew with red wine reduction
2592,slow cooker beef stew with red wine reduction
2593,homemade sourdough bread baking guide and recipe
2594,cosmic microwave background polarization measurements
2595,cosmic microwave background polarization measurements
2596,python decorators explained with practical examples
2597,rust ownership and borrowing fundamentals tutorial
2598,postgres query plan analysis and index optimization
2599,postgres query plan analysis and index optimization
2600,galaxy rotation curves and dark matter halo evidence
2601,best knife sharpening techniques for kitchen blades
2602,rust ownership and borrowing fundamentals tutorial
2603,kubernetes pod networking and service discovery
2604,python decorators explained with practical examples
2605,rust ownership and borrowing fundamentals tutorial
2606,pasta carbonara authentic roman recipe with guanciale
2607,cosmic microwave background polarization measurements
2608,python decorators explained with practical examples
2609,cosmic microwave background polarization measurements
2610,galaxy rotation curves and dark matter halo evidence
2611,best knife sharpening techniques for kitchen blades
2612,vegetarian curry with chickpeas and coconut milk
2613,rust ownership and borrowing fundamentals tutorial
2614,rust ownership and borrowing fundamentals tutorial
2615,cosmic microwave background polarization measurements
2616,slow cooker beef stew with red wine reduction
2617,exoplanet discovery via transit photometry method
2618,best knife sharpening techniques for kitchen blades
2619,kubernetes pod networking and service discovery
2620,homemade sourdough bread baking guide and recipe
2621,homemade sourdough bread baking guide and recipe
2622,best knife sharpening techniques for kitchen blades
2623,postgres query plan analysis and index optimization
2624,supernova remnant observed in the crab nebula
2625,react server components vs client components rendering
2626,rust ownership and borrowing fundamentals tutorial
2627,black hole accretion disk thermal emission spectrum
2628,supernova remnant observed in the crab nebula
2629,best knife sharpening techniques for kitchen blades
2630,python decorators explained with practical examples
2631,black hole accretion disk thermal emission spectrum
2632,supernova remnant observed in the crab nebula
2633,cosmic microwave background polarization measurements
2634,rust ownership and borrowing fundamentals tutorial
2635,vegetarian curry with chickpeas and coconut milk
2636,python decorators explained with practical examples
2637,black hole accretion disk thermal emission spectrum
2638,kubernetes pod networking and service discovery
2639,kubernetes pod networking and service discovery
2640,pasta carbonara authentic roman recipe with guanciale
2641,postgres query plan analysis and index optimization
2642,slow cooker beef stew with red wine reduction
2643,galaxy rotation curves and dark matter halo evidence
2644,galaxy rotation curves and dark matter halo evidence
2645,react server components vs client components rendering
2646,postgres query plan analysis and index optimization
2647,best knife sharpening techniques for kitchen blades
2648,kubernetes pod networking and service discovery
2649,react server components vs client components rendering
2650,galaxy rotation curves and dark matter halo evidence
2651,postgres query plan analysis and index optimization
2652,postgres query plan analysis and index optimization
2653,slow cooker beef stew with red wine reduction
2654,homemade sourdough bread baking guide and recipe
2655,react server components vs client components rendering
2656,python decorators explained with practical examples
2657,react server components vs client components rendering
2658,slow cooker beef stew with red wine reduction
2659,postgres query plan analysis and index optimization
2660,galaxy rotation curves and dark matter halo evidence
2661,exoplanet discovery via transit photometry method
2662,cosmic microwave background polarization measurements
2663,python decorators explained with practical examples
2664,pasta carbonara authentic roman recipe with guanciale
2665,black hole accretion disk thermal emission spectrum
2666,rust ownership and borrowing fundamentals tutorial
2667,python decorators explained with practical examples
2668,exoplanet discovery via transit photometry method
2669,vegetarian curry with chickpeas and coconut milk
2670,homemade sourdough bread baking guide and recipe
2671,cosmic microwave background polarization measurements
2672,slow cooker beef stew with red wine reduction
2673,postgres query plan analysis and index optimization
2674,exoplanet discovery via transit photometry method
2675,slow cooker beef stew with red wine reduction
2676,postgres query plan analysis and index optimization
2677,black hole accretion disk thermal emission spectrum
2678,cosmic microwave background polarization measurements
2679,homemade sourdough bread baking guide and recipe
2680,postgres query plan analysis and index optimization
2681,exoplanet discovery via transit photometry method
2682,postgres query plan analysis and index optimization
2683,kubernetes pod networking and service discovery
2684,best knife sharpening techniques for kitchen blades
2685,python decorators explained with practical examples
2686,cosmic microwave background polarization measurements
2687,exoplanet discovery via transit photometry method
2688,supernova remnant observed in the crab nebula
2689,pasta carbonara authentic roman recipe with guanciale
2690,galaxy rotation curves and dark matter halo evidence
2691,react server components vs client components rendering
2692,black hole accretion disk thermal emission spectrum
2693,homemade sourdough bread baking guide and recipe
2694,black hole accretion disk thermal emission spectrum
2695,cosmic microwave background polarization measurements
2696,best knife sharpening techniques for kitchen blades
2697,vegetarian curry with chickpeas and coconut milk
2698,react server components vs client components rendering
2699,galaxy rotation curves and dark matter halo evidence
2700,black hole accretion disk thermal emission spectrum
2701,galaxy rotation curves and dark matter halo evidence
2702,python decorators explained with practical examples
2703,exoplanet discovery via transit photometry method
2704,black hole accretion disk thermal emission spectrum
2705,vegetarian curry with chickpeas and coconut milk
2706,slow cooker beef stew with red wine reduction
2707,pasta carbonara authentic roman recipe with guanciale
2708,galaxy rotation curves and dark matter halo evidence
2709,supernova remnant observed in the crab nebula
2710,slow cooker beef stew with red wine reduction
2711,vegetarian curry with chickpeas and coconut milk
2712,react server components vs client components rendering
2713,cosmic microwave background polarization measurements
2714,react server components vs client components rendering
2715,postgres query plan analysis and index optimization
2716,slow cooker beef stew with red wine reduction
2717,black hole accretion disk thermal emission spectrum
2718,best knife sharpening techniques for kitchen blades
2719,best knife sharpening techniques for kitchen blades
2720,black hole accretion disk thermal emission spectrum
2721,exoplanet discovery via transit photometry method
2722,cosmic microwave background polarization measurements
2723,exoplanet discovery via transit photometry method
2724,galaxy rotation curves and dark matter halo evidence
2725,best knife sharpening techniques for kitchen blades
2726,vegetarian curry with chickpeas and coconut milk
2727,black hole accretion disk thermal emission spectrum
2728,pasta carbonara authentic roman recipe with guanciale
2729,react server components vs client components rendering
2730,best knife sharpening techniques for kitchen blades
2731,vegetarian curry with chickpeas and coconut milk
2732,slow cooker beef stew with red wine reduction
2733,supernova remnant observed in the crab nebula
2734,kubernetes pod networking and service discovery
2735,best knife sharpening techniques for kitchen blades
2736,slow cooker beef stew with red wine reduction
2737,python decorators explained with practical examples
2738,react server components vs client components rendering
2739,homemade sourdough bread baking guide and recipe
2740,react server components vs client components rendering
2741,python decorators explained with practical examples
2742,slow cooker beef stew with red wine reduction
2743,cosmic microwave background polarization measurements
2744,galaxy rotation curves and dark matter halo evidence
2745,pasta carbonara authentic roman recipe with guanciale
2746,homemade sourdough bread baking guide and recipe
2747,homemade sourdough bread baking guide and recipe
2748,react server components vs client components rendering
2749,exoplanet discovery via transit photometry method
2750,galaxy rotation curves and dark matter halo evidence
2751,rust ownership and borrowing fundamentals tutorial
2752,kubernetes pod networking and service discovery
2753,cosmic microwave background polarization measurements
2754,black hole accretion disk thermal emission spectrum
2755,rust ownership and borrowing fundamentals tutorial
2756,rust ownership and borrowing fundamentals tutorial
2757,best knife sharpening techniques for kitchen blades
2758,postgres query plan analysis and index optimization
2759,black hole accretion disk thermal emission spectrum
2760,galaxy rotation curves and dark matter halo evidence
2761,supernova remnant observed in the crab nebula
2762,react server components vs client components rendering
2763,kubernetes pod networking and service discovery
2764,supernova remnant observed in the crab nebula
2765,react server components vs client components rendering
2766,best knife sharpening techniques for kitchen blades
2767,python decorators explained with practical examples
2768,homemade sourdough bread baking guide and recipe
2769,pasta carbonara authentic roman recipe with guanciale
2770,pasta carbonara authentic roman recipe with guanciale
2771,black hole accretion disk thermal emission spectrum
2772,react server components vs client components rendering
2773,vegetarian curry with chickpeas and coconut milk
2774,vegetarian curry with chickpeas and coconut milk
2775,pasta carbonara authentic roman recipe with guanciale
2776,homemade sourdough bread baking guide and recipe
2777,black hole accretion disk thermal emission spectrum
2778,supernova remnant observed in the crab nebula
2779,galaxy rotation curves and dark matter halo evidence
2780,postgres query plan analysis and index optimization
2781,supernova remnant observed in the crab nebula
2782,best knife sharpening techniques for kitchen blades
2783,best knife sharpening techniques for kitchen blades
2784,vegetarian curry with chickpeas and coconut milk
2785,cosmic microwave background polarization measurements
2786,exoplanet discovery via transit photometry method
2787,pasta carbonara authentic roman recipe with guanciale
2788,rust ownership and borrowing fundamentals tutorial
2789,supernova remnant observed in the crab nebula
2790,exoplanet discovery via transit photometry method
2791,react server components vs client components rendering
2792,kubernetes pod networking and service discovery
2793,slow cooker beef stew with red wine reduction
2794,pasta carbonara authentic roman recipe with guanciale
2795,vegetarian curry with chickpeas and coconut milk
2796,postgres query plan analysis and index optimization
2797,pasta carbonara authentic roman recipe with guanciale
2798,rust ownership and borrowing fundamentals tutorial
2799,kubernetes pod networking and service discovery
2800,black hole accretion disk thermal emission spectrum
2801,python decorators explained with practical examples
2802,postgres query plan analysis and index optimization
2803,kubernetes pod networking and service discovery
2804,supernova remnant observed in the crab nebula
2805,vegetarian curry with chickpeas and coconut milk
2806,exoplanet discovery via transit photometry method
2807,cosmic microwave background polarization measurements
2808,slow cooker beef stew with red wine reduction
2809,react server components vs client components rendering
2810,kubernetes pod networking and service discovery
2811,best knife sharpening techniques for kitchen blades
2812,exoplanet discovery via transit photometry method
2813,supernova remnant observed in the crab nebula
2814,galaxy rotation curves and dark matter halo evidence
2815,react server components vs client components rendering
2816,black hole accretion disk thermal emission spectrum
2817,pasta carbonara authentic roman recipe with guanciale
2818,python decorators explained with practical examples
2819,rust ownership and borrowing fundamentals tutorial
2820,supernova remnant observed in the crab nebula
2821,python decorators explained with practical examples
2822,postgres query plan analysis and index optimization
2823,supernova remnant observed in the crab nebula
2824,exoplanet discovery via transit photometry method
2825,vegetarian curry with chickpeas and coconut milk
2826,supernova remnant observed in the crab nebula
2827,exoplanet discovery via transit photometry method
2828,kubernetes pod networking and service discovery
2829,kubernetes pod networking and service discovery
2830,rust ownership and borrowing fundamentals tutorial
2831,vegetarian curry with chickpeas and coconut milk
2832,react server components vs client components rendering
2833,best knife sharpening techniques for kitchen blades
2834,black hole accretion disk thermal emission spectrum
2835,postgres query plan analysis and index optimization
2836,vegetarian curry with chickpeas and coconut milk
2837,best knife sharpening techniques for kitchen blades
2838,black hole accretion disk thermal emission spectrum
2839,slow cooker beef stew with red wine reduction
2840,supernova remnant observed in the crab nebula
2841,postgres query plan analysis and index optimization
2842,pasta carbonara authentic roman recipe with guanciale
2843,rust ownership and borrowing fundamentals tutorial
2844,slow cooker beef stew with red wine reduction
2845,postgres query plan analysis and index optimization
2846,supernova remnant observed in the crab nebula
2847,black hole accretion disk thermal emission spectrum
2848,pasta carbonara authentic roman recipe with guanciale
2849,best knife sharpening techniques for kitchen blades
2850,python decorators explained with practical examples
2851,exoplanet discovery via transit photometry method
2852,exoplanet discovery via transit photometry method
2853,black hole accretion disk thermal emission spectrum
2854,galaxy rotation curves and dark matter halo evidence
2855,black hole accretion disk thermal emission spectrum
2856,postgres query plan analysis and index optimization
2857,cosmic microwave background polarization measurements
2858,react server components vs client components rendering
2859,cosmic microwave background polarization measurements
2860,pasta carbonara authentic roman recipe with guanciale
2861,python decorators explained with practical examples
2862,exoplanet discovery via transit photometry method
2863,galaxy rotation curves and dark matter halo evidence
2864,vegetarian curry with chickpeas and coconut milk
2865,black hole accretion disk thermal emission spectrum
2866,pasta carbonara authentic roman recipe with guanciale
2867,supernova remnant observed in the crab nebula
2868,galaxy rotation curves and dark matter halo evidence
2869,python decorators explained with practical examples
2870,homemade sourdough bread baking guide and recipe
2871,best knife sharpening techniques for kitchen blades
2872,black hole accretion disk thermal emission spectrum
2873,supernova remnant observed in the crab nebula
2874,exoplanet discovery via transit photometry method
2875,postgres query plan analysis and index optimization
2876,pasta carbonara authentic roman recipe with guanciale
2877,react server components vs client components rendering
2878,exoplanet discovery via transit photometry method
2879,homemade sourdough bread baking guide and recipe
2880,cosmic microwave background polarization measurements
2881,kubernetes pod networking and service discovery
2882,homemade sourdough bread baking guide and recipe
2883,exoplanet discovery via transit photometry method
2884,best knife sharpening techniques for kitchen blades
2885,vegetarian curry with chickpeas and coconut milk
2886,pasta carbonara authentic roman recipe with guanciale
2887,rust ownership and borrowing fundamentals tutorial
2888,supernova remnant observed in the crab nebula
2889,slow cooker beef stew with red wine reduction
2890,best knife sharpening techniques for kitchen blades
2891,slow cooker beef stew with red wine reduction
2892,kubernetes pod networking and service discovery
2893,rust ownership and borrowing fundamentals tutorial
2894,supernova remnant observed in the crab nebula
2895,homemade sourdough bread baking guide and recipe
2896,pasta carbonara authentic roman recipe with guanciale
2897,homemade sourdough bread baking guide and recipe
2898,homemade sourdough bread baking guide and recipe
2899,exoplanet discovery via transit photometry method
2900,galaxy rotation curves and dark matter halo evidence
2901,homemade sourdough bread baking guide and recipe
2902,slow cooker beef stew with red wine reduction
2903,best knife sharpening techniques for kitchen blades
2904,react server components vs client components rendering
2905,cosmic microwave background polarization measurements
2906,cosmic microwave background polarization measurements
2907,postgres query plan analysis and index optimization
2908,postgres query plan analysis and index optimization
2909,pasta carbonara authentic roman recipe with guanciale
2910,best knife sharpening techniques for kitchen blades
2911,rust ownership and borrowing fundamentals tutorial
2912,black hole accretion disk thermal emission spectrum
2913,pasta carbonara authentic roman recipe with guanciale
2914,react server components vs client components rendering
2915,homemade sourdough bread baking guide and recipe
2916,galaxy rotation curves and dark matter halo evidence
2917,postgres query plan analysis and index optimization
2918,cosmic microwave background polarization measurements
2919,react server components vs client components rendering
2920,exoplanet discovery via transit photometry method
2921,best knife sharpening techniques for kitchen blades
2922,galaxy rotation curves and dark matter halo evidence
2923,slow cooker beef stew with red wine reduction
2924,postgres query plan analysis and index optimization
2925,pasta carbonara authentic roman recipe with guanciale
2926,pasta carbonara authentic roman recipe with guanciale
2927,postgres query plan analysis and index optimization
2928,exoplanet discovery via transit photometry method
2929,exoplanet discovery via transit photometry method
2930,black hole accretion disk thermal emission spectrum
2931,kubernetes pod networking and service discovery
2932,homemade sourdough bread baking guide and recipe
2933,exoplanet discovery via transit photometry method
2934,pasta carbonara authentic roman recipe with guanciale
2935,exoplanet discovery via transit photometry method
2936,kubernetes pod networking and service discovery
2937,homemade sourdough bread baking guide and recipe
2938,cosmic microwave background polarization measurements
2939,vegetarian curry with chickpeas and coconut milk
2940,homemade sourdough bread baking guide and recipe
2941,cosmic microwave background polarization measurements
2942,supernova remnant observed in the crab nebula
2943,rust ownership and borrowing fundamentals tutorial
2944,supernova remnant observed in the crab nebula
2945,react server components vs client components rendering
2946,supernova remnant observed in the crab nebula
2947,python decorators explained with practical examples
2948,black hole accretion disk thermal emission spectrum
2949,python decorators explained with practical examples
2950,slow cooker beef stew with red wine reduction
2951,cosmic microwave background polarization measurements
2952,galaxy rotation curves and dark matter halo evidence
2953,best knife sharpening techniques for kitchen blades
2954,vegetarian curry with chickpeas and coconut milk
2955,best knife sharpening techniques for kitchen blades
2956,rust ownership and borrowing fundamentals tutorial
2957,best knife sharpening techniques for kitchen blades
2958,vegetarian curry with chickpeas and coconut milk
2959,homemade sourdough bread baking guide and recipe
2960,rust ownership and borrowing fundamentals tutorial
2961,slow cooker beef stew with red wine reduction
2962,cosmic microwave background polarization measurements
2963,kubernetes pod networking and service discovery
2964,python decorators explained with practical examples
2965,slow cooker beef stew with red wine reduction
2966,exoplanet discovery via transit photometry method
2967,pasta carbonara authentic roman recipe with guanciale
2968,cosmic microwave background polarization measurements
2969,python decorators explained with practical examples
2970,supernova remnant observed in the crab nebula
2971,pasta carbonara authentic roman recipe with guanciale
2972,exoplanet discovery via transit photometry method
2973,galaxy rotation curves and dark matter halo evidence
2974,galaxy rotation curves and dark matter halo evidence
2975,best knife sharpening techniques for kitchen blades
2976,galaxy rotation curves and dark matter halo evidence
2977,best knife sharpening techniques for kitchen blades
2978,rust ownership and borrowing fundamentals tutorial
2979,postgres query plan analysis and index optimization
2980,black hole accretion disk thermal emission spectrum
2981,best knife sharpening techniques for kitchen blades
2982,galaxy rotation curves and dark matter halo evidence
2983,postgres query plan analysis and index optimization
2984,black hole accretion disk thermal emission spectrum
2985,black hole accretion disk thermal emission spectrum
2986,slow cooker beef stew with red wine reduction
2987,black hole accretion disk thermal emission spectrum
2988,galaxy rotation curves and dark matter halo evidence
2989,supernova remnant observed in the crab nebula
2990,slow cooker beef stew with red wine reduction
2991,exoplanet discovery via transit photometry method
2992,vegetarian curry with chickpeas and coconut milk
2993,exoplanet discovery via transit photometry method
2994,best knife sharpening techniques for kitchen blades
2995,cosmic microwave background polarization measurements
2996,galaxy rotation curves and dark matter halo evidence
2997,supernova remnant observed in the crab nebula
2998,react server components vs client components rendering
2999,react server components vs client components rendering
3000,react server components vs client components rendering
3001,pasta carbonara authentic roman recipe with guanciale
3002,black hole accretion disk thermal emission spectrum
3003,pasta carbonara authentic roman recipe with guanciale
3004,supernova remnant observed in the crab nebula
3005,black hole accretion disk thermal emission spectrum
3006,kubernetes pod networking and service discovery
3007,postgres query plan analysis and index optimization
3008,exoplanet discovery via transit photometry method
3009,homemade sourdough bread baking guide and recipe
3010,black hole accretion disk thermal emission spectrum
3011,rust ownership and borrowing fundamentals tutorial
3012,postgres query plan analysis and index optimization
3013,homemade sourdough bread baking guide and recipe
3014,galaxy rotation curves and dark matter halo evidence
3015,exoplanet discovery via transit photometry method
3016,kubernetes pod networking and service discovery
3017,kubernetes pod networking and service discovery
3018,black hole accretion disk thermal emission spectrum
3019,pasta carbonara authentic roman recipe with guanciale
3020,exoplanet discovery via transit photometry method
3021,pasta carbonara authentic roman recipe with guanciale
3022,vegetarian curry with chickpeas and coconut milk
3023,black hole accretion disk thermal emission spectrum
3024,black hole accretion disk thermal emission spectrum
3025,slow cooker beef stew with red wine reduction
3026,pasta carbonara authentic roman recipe with guanciale
3027,black hole accretion disk thermal emission spectrum
3028,vegetarian curry with chickpeas and coconut milk
3029,supernova remnant observed in the crab nebula
3030,python decorators explained with practical examples
3031,black hole accretion disk thermal emission spectrum
3032,cosmic microwave background polarization measurements
3033,postgres query plan analysis and index optimization
3034,postgres query plan analysis and index optimization
3035,slow cooker beef stew with red wine reduction
3036,react server components vs client components rendering
3037,galaxy rotation curves and dark matter halo evidence
3038,python decorators explained with practical examples
3039,best knife sharpening techniques for kitchen blades
3040,pasta carbonara authentic roman recipe with guanciale
3041,vegetarian curry with chickpeas and coconut milk
3042,postgres query plan analysis and index optimization
3043,galaxy rotation curves and dark matter halo evidence
3044,python decorators explained with practical examples
3045,python decorators explained with practical examples
3046,best knife sharpening techniques for kitchen blades
3047,homemade sourdough bread baking guide and recipe
3048,slow cooker beef stew with red wine reduction
3049,supernova remnant observed in the crab nebula
3050,homemade sourdough bread baking guide and recipe
3051,supernova remnant observed in the crab nebula
3052,react server components vs client components rendering
3053,cosmic microwave background polarization measurements
3054,kubernetes pod networking and service discovery
3055,slow cooker beef stew with red wine reduction
3056,kubernetes pod networking and service discovery
3057,postgres query plan analysis and index optimization
3058,black hole accretion disk thermal emission spectrum
3059,exoplanet discovery via transit photometry method
3060,python decorators explained with practical examples
3061,pasta carbonara authentic roman recipe with guanciale
3062,exoplanet discovery via transit photometry method
3063,black hole accretion disk thermal emission spectrum
3064,pasta carbonara authentic roman recipe with guanciale
3065,slow cooker beef stew with red wine reduction
3066,exoplanet discovery via transit photometry method
3067,homemade sourdough bread baking guide and recipe
3068,kubernetes pod networking and service discovery
3069,kubernetes pod networking and service discovery
3070,kubernetes pod networking and service discovery
3071,supernova remnant observed in the crab nebula
3072,postgres query plan analysis and index optimization
3073,kubernetes pod networking and service discovery
3074,python decorators explained with practical examples
3075,react server components vs client components rendering
3076,galaxy rotation curves and dark matter halo evidence
3077,pasta carbonara authentic roman recipe with guanciale
3078,rust ownership and borrowing fundamentals tutorial
3079,supernova remnant observed in the crab nebula
3080,slow cooker beef stew with red wine reduction
3081,galaxy rotation curves and dark matter halo evidence
3082,postgres query plan analysis and index optimization
3083,galaxy rotation curves and dark matter halo evidence
3084,rust ownership and borrowing fundamentals tutorial
3085,react server components vs client components rendering
3086,cosmic microwave background polarization measurements
3087,cosmic microwave background polarization measurements
3088,exoplanet discovery via transit photometry method
3089,slow cooker beef stew with red wine reduction
3090,python decorators explained with practical examples
3091,rust ownership and borrowing fundamentals tutorial
3092,cosmic microwave background polarization measurements
3093,black hole accretion disk thermal emission spectrum
3094,postgres query plan analysis and index optimization
3095,python decorators explained with practical examples
3096,cosmic microwave background polarization measurements
3097,postgres query plan analysis and index optimization
3098,pasta carbonara authentic roman recipe with guanciale
3099,cosmic microwave background polarization measurements
3100,black hole accretion disk thermal emission spectrum
3101,homemade sourdough bread baking guide and recipe
3102,pasta carbonara authentic roman recipe with guanciale
3103,black hole accretion disk thermal emission spectrum
3104,postgres query plan analysis and index optimization
3105,cosmic microwave background polarization measurements
3106,react server components vs client components rendering
3107,supernova remnant observed in the crab nebula
3108,galaxy rotation curves and dark matter halo evidence
3109,rust ownership and borrowing fundamentals tutorial
3110,pasta carbonara authentic roman recipe with guanciale
3111,homemade sourdough bread baking guide and recipe
3112,homemade sourdough bread baking guide and recipe
3113,homemade sourdough bread baking guide and recipe
3114,slow cooker beef stew with red wine reduction
3115,pasta carbonara authentic roman recipe with guanciale
3116,black hole accretion disk thermal emission spectrum
3117,react server components vs client components rendering
3118,python decorators explained with practical examples
3119,cosmic microwave background polarization measurements
3120,pasta carbonara authentic roman recipe with guanciale
3121,python decorators explained with practical examples
3122,python decorators explained with practical examples
3123,best knife sharpening techniques for kitchen blades
3124,react server components vs client components rendering
3125,kubernetes pod networking and service discovery
3126,galaxy rotation curves and dark matter halo evidence
3127,exoplanet discovery via transit photometry method
3128,postgres query plan analysis and index optimization
3129,python decorators explained with practical examples
3130,python decorators explained with practical examples
3131,vegetarian curry with chickpeas and coconut milk
3132,postgres query plan analysis and index optimization
3133,python decorators explained with practical examples
3134,supernova remnant observed in the crab nebula
3135,black hole accretion disk thermal emission spectrum
3136,python decorators explained with practical examples
3137,pasta carbonara authentic roman recipe with guanciale
3138,slow cooker beef stew with red wine reduction
3139,supernova remnant observed in the crab nebula
3140,galaxy rotation curves and dark matter halo evidence
3141,react server components vs client components rendering
3142,supernova remnant observed in the crab nebula
3143,rust ownership and borrowing fundamentals tutorial
3144,black hole accretion disk thermal emission spectrum
3145,exoplanet discovery via transit photometry method
3146,black hole accretion disk thermal emission spectrum
3147,python decorators explained with practical examples
3148,supernova remnant observed in the crab nebula
3149,react server components vs client components rendering
3150,black hole accretion disk thermal emission spectrum
3151,best knife sharpening techniques for kitchen blades
3152,slow cooker beef stew with red wine reduction
3153,pasta carbonara authentic roman recipe with guanciale
3154,kubernetes pod networking and service discovery
3155,best knife sharpening techniques for kitchen blades
3156,kubernetes pod networking and service discovery
3157,slow cooker beef stew with red wine reduction
3158,postgres query plan analysis and index optimization
3159,exoplanet discovery via transit photometry method
3160,black hole accretion disk thermal emission spectrum
3161,rust ownership and borrowing fundamentals tutorial
3162,galaxy rotation curves and dark matter halo evidence
3163,pasta carbonara authentic roman recipe with guanciale
3164,postgres query plan analysis and index optimization
3165,supernova remnant observed in the crab nebula
3166,rust ownership and borrowing fundamentals tutorial
3167,homemade sourdough bread baking guide and recipe
3168,homemade sourdough bread baking guide and recipe
3169,exoplanet discovery via transit photometry method
3170,pasta carbonara authentic roman recipe with guanciale
3171,best knife sharpening techniques for kitchen blades
3172,react server components vs client components rendering
3173,exoplanet discovery via transit photometry method
3174,cosmic microwave background polarization measurements
3175,cosmic microwave background polarization measurements
3176,react server components vs client components rendering
3177,kubernetes pod networking and service discovery
3178,exoplanet discovery via transit photometry method
3179,galaxy rotation curves and dark matter halo evidence
3180,pasta carbonara authentic roman recipe with guanciale
3181,python decorators explained with practical examples
3182,homemade sourdough bread baking guide and recipe
3183,python decorators explained with practical examples
3184,slow cooker beef stew with red wine reduction
3185,galaxy rotation curves and dark matter halo evidence
3186,python decorators explained with practical examples
3187,postgres query plan analysis and index optimization
3188,black hole accretion disk thermal emission spectrum
3189,vegetarian curry with chickpeas and coconut milk
3190,exoplanet discovery via transit photometry method
3191,galaxy rotation curves and dark matter halo evidence
3192,galaxy rotation curves and dark matter halo evidence
3193,best knife sharpening techniques for kitchen blades
3194,best knife sharpening techniques for kitchen blades
3195,cosmic microwave background polarization measurements
3196,rust ownership and borrowing fundamentals tutorial
3197,black hole accretion disk thermal emission spectrum
3198,kubernetes pod networking and service discovery
3199,homemade sourdough bread baking guide and recipe
3200,pasta carbonara authentic roman recipe with guanciale
3201,exoplanet discovery via transit photometry method
3202,cosmic microwave background polarization measurements
3203,kubernetes pod networking and service discovery
3204,supernova remnant observed in the crab nebula
3205,vegetarian curry with chickpeas and coconut milk
3206,best knife sharpening techniques for kitchen blades
3207,rust ownership and borrowing fundamentals tutorial
3208,homemade sourdough bread baking guide and recipe
3209,kubernetes pod networking and service discovery
3210,kubernetes pod networking and service discovery
3211,pasta carbonara authentic roman recipe with guanciale
3212,cosmic microwave background polarization measurements
3213,react server components vs client components rendering
3214,homemade sourdough bread baking guide and recipe
3215,cosmic microwave background polarization measurements
3216,react server components vs client components rendering
3217,galaxy rotation curves and dark matter halo evidence
3218,supernova remnant observed in the crab nebula
3219,slow cooker beef stew with red wine reduction
3220,black hole accretion disk thermal emission spectrum
3221,vegetarian curry with chickpeas and coconut milk
3222,best knife sharpening techniques for kitchen blades
3223,cosmic microwave background polarization measurements
3224,black hole accretion disk thermal emission spectrum
3225,vegetarian curry with chickpeas and coconut milk
3226,postgres query plan analysis and index optimization
3227,react server components vs client components rendering
3228,pasta carbonara authentic roman recipe with guanciale
3229,exoplanet discovery via transit photometry method
3230,exoplanet discovery via transit photometry method
3231,rust ownership and borrowing fundamentals tutorial
3232,galaxy rotation curves and dark matter halo evidence
3233,postgres query plan analysis and index optimization
3234,supernova remnant observed in the crab nebula
3235,pasta carbonara authentic roman recipe with guanciale
3236,react server components vs client components rendering
3237,cosmic microwave background polarization measurements
3238,vegetarian curry with chickpeas and coconut milk
3239,postgres query plan analysis and index optimization
3240,best knife sharpening techniques for kitchen blades
3241,homemade sourdough bread baking guide and recipe
3242,slow cooker beef stew with red wine reduction
3243,supernova remnant observed in the crab nebula
3244,python decorators explained with practical examples
3245,cosmic microwave background polarization measurements
3246,cosmic microwave background polarization measurements
3247,black hole accretion disk thermal emission spectrum
3248,best knife sharpening techniques for kitchen blades
3249,galaxy rotation curves and dark matter halo evidence
3250,black hole accretion disk thermal emission spectrum
3251,exoplanet discovery via transit photometry method
3252,supernova remnant observed in the crab nebula
3253,exoplanet discovery via transit photometry method
3254,rust ownership and borrowing fundamentals tutorial
3255,react server components vs client components rendering
3256,homemade sourdough bread baking guide and recipe
3257,best knife sharpening techniques for kitchen blades
3258,exoplanet discovery via transit photometry method
3259,cosmic microwave background polarization measurements
3260,python decorators explained with practical examples
3261,postgres query plan analysis and index optimization
3262,slow cooker beef stew with red wine reduction
3263,kubernetes pod networking and service discovery
3264,slow cooker beef stew with red wine reduction
3265,postgres query plan analysis and index optimization
3266,homemade sourdough bread baking guide and recipe
3267,best knife sharpening techniques for kitchen blades
3268,rust ownership and borrowing fundamentals tutorial
3269,exoplanet discovery via transit photometry method
3270,pasta carbonara authentic roman recipe with guanciale
3271,homemade sourdough bread baking guide and recipe
3272,python decorators explained with practical examples
3273,vegetarian curry with chickpeas and coconut milk
3274,vegetarian curry with chickpeas and coconut milk
3275,exoplanet discovery via transit photometry method
3276,best knife sharpening techniques for kitchen blades
3277,supernova remnant observed in the crab nebula
3278,vegetarian curry with chickpeas and coconut milk
3279,supernova remnant observed in the crab nebula
3280,cosmic microwave background polarization measurements
3281,kubernetes pod networking and service discovery
3282,python decorators explained with practical examples
3283,pasta carbonara authentic roman recipe with guanciale
3284,rust ownership and borrowing fundamentals tutorial
3285,react server components vs client components rendering
3286,galaxy rotation curves and dark matter halo evidence
3287,galaxy rotation curves and dark matter halo evidence
3288,homemade sourdough bread baking guide and recipe
3289,supernova remnant observed in the crab nebula
3290,galaxy rotation curves and dark matter halo evidence
3291,galaxy rotation curves and dark matter halo evidence
3292,homemade sourdough bread baking guide and recipe
3293,slow cooker beef stew with red wine reduction
3294,postgres query plan analysis and index optimization
3295,black hole accretion disk thermal emission spectrum
3296,react server components vs client components rendering
3297,homemade sourdough bread baking guide and recipe
3298,python decorators explained with practical examples
3299,react server components vs client components rendering
3300,vegetarian curry with chickpeas and coconut milk
3301,supernova remnant observed in the crab nebula
3302,slow cooker beef stew with red wine reduction
3303,supernova remnant observed in the crab nebula
3304,best knife sharpening techniques for kitchen blades
3305,cosmic microwave background polarization measurements
3306,galaxy rotation curves and dark matter halo evidence
3307,exoplanet discovery via transit photometry method
3308,kubernetes pod networking and service discovery
3309,kubernetes pod networking and service discovery
3310,best knife sharpening techniques for kitchen blades
3311,vegetarian curry with chickpeas and coconut milk
3312,cosmic microwave background polarization measurements
3313,best knife sharpening techniques for kitchen blades
3314,galaxy rotation curves and dark matter halo evidence
3315,best knife sharpening techniques for kitchen blades
3316,react server components vs client components rendering
3317,cosmic microwave background polarization measurements
3318,slow cooker beef stew with red wine reduction
3319,black hole accretion disk thermal emission spectrum
3320,homemade sourdough bread baking guide and recipe
3321,galaxy rotation curves and dark matter halo evidence
3322,react server components vs client components rendering
3323,kubernetes pod networking and service discovery
3324,pasta carbonara authentic roman recipe with guanciale
3325,supernova remnant observed in the crab nebula
3326,best knife sharpening techniques for kitchen blades
3327,galaxy rotation curves and dark matter halo evidence
3328,react server components vs client components rendering
3329,rust ownership and borrowing fundamentals tutorial
3330,pasta carbonara authentic roman recipe with guanciale
3331,slow cooker beef stew with red wine reduction
3332,rust ownership and borrowing fundamentals tutorial
3333,python decorators explained with practical examples
3334,pasta carbonara authentic roman recipe with guanciale
3335,exoplanet discovery via transit photometry method
3336,pasta carbonara authentic roman recipe with guanciale
3337,cosmic microwave background polarization measurements
3338,rust ownership and borrowing fundamentals tutorial
3339,rust ownership and borrowing fundamentals tutorial
3340,black hole accretion disk thermal emission spectrum
3341,supernova remnant observed in the crab nebula
3342,slow cooker beef stew with red wine reduction
3343,vegetarian curry with chickpeas and coconut milk
3344,rust ownership and borrowing fundamentals tutorial
3345,postgres query plan analysis and index optimization
3346,supernova remnant observed in the crab nebula
3347,galaxy rotation curves and dark matter halo evidence
3348,react server components vs client components rendering
3349,pasta carbonara authentic roman recipe with guanciale
3350,pasta carbonara authentic roman recipe with guanciale
3351,black hole accretion disk thermal emission spectrum
3352,react server components vs client components rendering
3353,supernova remnant observed in the crab nebula
3354,slow cooker beef stew with red wine reduction
3355,vegetarian curry with chickpeas and coconut milk
3356,galaxy rotation curves and dark matter halo evidence
3357,python decorators explained with practical examples
3358,kubernetes pod networking and service discovery
3359,kubernetes pod networking and service discovery
3360,homemade sourdough bread baking guide and recipe
3361,best knife sharpening techniques for kitchen blades
3362,python decorators explained with practical examples
3363,react server components vs client components rendering
3364,supernova remnant observed in the crab nebula
3365,vegetarian curry with chickpeas and coconut milk
3366,react server components vs client components rendering
3367,rust ownership and borrowing fundamentals tutorial
3368,kubernetes pod networking and service discovery
3369,supernova remnant observed in the crab nebula
3370,homemade sourdough bread baking guide and recipe
3371,best knife sharpening techniques for kitchen blades
3372,cosmic microwave background polarization measurements
3373,homemade sourdough bread baking guide and recipe
3374,vegetarian curry with chickpeas and coconut milk
3375,kubernetes pod networking and service discovery
3376,best knife sharpening techniques for kitchen blades
3377,slow cooker beef stew with red wine reduction
3378,rust ownership and borrowing fundamentals tutorial
3379,vegetarian curry with chickpeas and coconut milk
3380,pasta carbonara authentic roman recipe with guanciale
3381,galaxy rotation curves and dark matter halo evidence
3382,galaxy rotation curves and dark matter halo evidence
3383,supernova remnant observed in the crab nebula
3384,react server components vs client components rendering
3385,black hole accretion disk thermal emission spectrum
3386,best knife sharpening techniques for kitchen blades
3387,exoplanet discovery via transit photometry method
3388,galaxy rotation curves and dark matter halo evidence
3389,galaxy rotation curves and dark matter halo evidence
3390,react server components vs client components rendering
3391,exoplanet discovery via transit photometry method
3392,best knife sharpening techniques for kitchen blades
3393,best knife sharpening techniques for kitchen blades
3394,cosmic microwave background polarization measurements
3395,black hole accretion disk thermal emission spectrum
3396,supernova remnant observed in the crab nebula
3397,slow cooker beef stew with red wine reduction
3398,vegetarian curry with chickpeas and coconut milk
3399,pasta carbonara authentic roman recipe with guanciale
3400,python decorators explained with practical examples
3401,exoplanet discovery via transit photometry method
3402,python decorators explained with practical examples
3403,rust ownership and borrowing fundamentals tutorial
3404,vegetarian curry with chickpeas and coconut milk
3405,homemade sourdough bread baking guide and recipe
3406,homemade sourdough bread baking guide and recipe
3407,react server components vs client components rendering
3408,homemade sourdough bread baking guide and recipe
3409,python decorators explained with practical examples
3410,react server components vs client components rendering
3411,vegetarian curry with chickpeas and coconut milk
3412,best knife sharpening techniques for kitchen blades
3413,react server components vs client components rendering
3414,python decorators explained with practical examples
3415,supernova remnant observed in the crab nebula
3416,supernova remnant observed in the crab nebula
3417,galaxy rotation curves and dark matter halo evidence
3418,python decorators explained with practical examples
3419,vegetarian curry with chickpeas and coconut milk
3420,homemade sourdough bread baking guide and recipe
3421,kubernetes pod networking and service discovery
3422,rust ownership and borrowing fundamentals tutorial
3423,pasta carbonara authentic roman recipe with guanciale
3424,react server components vs client components rendering
3425,postgres query plan analysis and index optimization
3426,rust ownership and borrowing fundamentals tutorial
3427,galaxy rotation curves and dark matter halo evidence
3428,slow cooker beef stew with red wine reduction
3429,vegetarian curry with chickpeas and coconut milk
3430,cosmic microwave background polarization measurements
3431,homemade sourdough bread baking guide and recipe
3432,kubernetes pod networking and service discovery
3433,exoplanet discovery via transit photometry method
3434,exoplanet discovery via transit photometry method
3435,vegetarian curry with chickpeas and coconut milk
3436,cosmic microwave background polarization measurements
3437,pasta carbonara authentic roman recipe with guanciale
3438,vegetarian curry with chickpeas and coconut milk
3439,supernova remnant observed in the crab nebula
3440,postgres query plan analysis and index optimization
3441,kubernetes pod networking and service discovery
3442,galaxy rotation curves and dark matter halo evidence
3443,black hole accretion disk thermal emission spectrum
3444,postgres query plan analysis and index optimization
3445,black hole accretion disk thermal emission spectrum
3446,rust ownership and borrowing fundamentals tutorial
3447,best knife sharpening techniques for kitchen blades
3448,exoplanet discovery via transit photometry method
3449,supernova remnant observed in the crab nebula
3450,slow cooker beef stew with red wine reduction
3451,galaxy rotation curves and dark matter halo evidence
3452,homemade sourdough bread baking guide and recipe
3453,pasta carbonara authentic roman recipe with guanciale
3454,rust ownership and borrowing fundamentals tutorial
3455,kubernetes pod networking and service discovery
3456,black hole accretion disk thermal emission spectrum
3457,exoplanet discovery via transit photometry method
3458,homemade sourdough bread baking guide and recipe
3459,pasta carbonara authentic roman recipe with guanciale
3460,best knife sharpening techniques for kitchen blades
3461,vegetarian curry with chickpeas and coconut milk
3462,best knife sharpening techniques for kitchen blades
3463,react server components vs client components rendering
3464,slow cooker beef stew with red wine reduction
3465,postgres query plan analysis and index optimization
3466,slow cooker beef stew with red wine reduction
3467,black hole accretion disk thermal emission spectrum
3468,homemade sourdough bread baking guide and recipe
3469,postgres query plan analysis and index optimization
3470,kubernetes pod networking and service discovery
3471,supernova remnant observed in the crab nebula
3472,galaxy rotation curves and dark matter halo evidence
3473,exoplanet discovery via transit photometry method
3474,best knife sharpening techniques for kitchen blades
3475,galaxy rotation curves and dark matter halo evidence
3476,pasta carbonara authentic roman recipe with guanciale
3477,black hole accretion disk thermal emission spectrum
3478,vegetarian curry with chickpeas and coconut milk
3479,vegetarian curry with chickpeas and coconut milk
3480,exoplanet discovery via transit photometry method
3481,exoplanet discovery via transit photometry method
3482,black hole accretion disk thermal emission spectrum
3483,rust ownership and borrowing fundamentals tutorial
3484,postgres query plan analysis and index optimization
3485,postgres query plan analysis and index optimization
3486,homemade sourdough bread baking guide and recipe
3487,slow cooker beef stew with red wine reduction
3488,rust ownership and borrowing fundamentals tutorial
3489,postgres query plan analysis and index optimization
3490,react server components vs client components rendering
3491,galaxy rotation curves and dark matter halo evidence
3492,supernova remnant observed in the crab nebula
3493,pasta carbonara authentic roman recipe with guanciale
3494,pasta carbonara authentic roman recipe with guanciale
3495,slow cooker beef stew with red wine reduction
3496,pasta carbonara authentic roman recipe with guanciale
3497,kubernetes pod networking and service discovery
3498,vegetarian curry with chickpeas and coconut milk
3499,kubernetes pod networking and service discovery
3500,slow cooker beef stew with red wine reduction
3501,slow cooker beef stew with red wine reduction
3502,galaxy rotation curves and dark matter halo evidence
3503,vegetarian curry with chickpeas and coconut milk
3504,galaxy rotation curves and dark matter halo evidence
3505,homemade sourdough bread baking guide and recipe
3506,slow cooker beef stew with red wine reduction
3507,pasta carbonara authentic roman recipe with guanciale
3508,react server components vs client components rendering
3509,react server components vs client components rendering
3510,rust ownership and borrowing fundamentals tutorial
3511,exoplanet discovery via transit photometry method
3512,postgres query plan analysis and index optimization
3513,postgres query plan analysis and index optimization
3514,rust ownership and borrowing fundamentals tutorial
3515,slow cooker beef stew with red wine reduction
3516,pasta carbonara authentic roman recipe with guanciale
3517,kubernetes pod networking and service discovery
3518,galaxy rotation curves and dark matter halo evidence
3519,slow cooker beef stew with red wine reduction
3520,postgres query plan analysis and index optimization
3521,react server components vs client components rendering
3522,cosmic microwave background polarization measurements
3523,python decorators explained with practical examples
3524,slow cooker beef stew with red wine reduction
3525,rust ownership and borrowing fundamentals tutorial
3526,pasta carbonara authentic roman recipe with guanciale
3527,galaxy rotation curves and dark matter halo evidence
3528,kubernetes pod networking and service discovery
3529,vegetarian curry with chickpeas and coconut milk
3530,kubernetes pod networking and service discovery
3531,react server components vs client components rendering
3532,react server components vs client components rendering
3533,kubernetes pod networking and service discovery
3534,rust ownership and borrowing fundamentals tutorial
3535,rust ownership and borrowing fundamentals tutorial
3536,homemade sourdough bread baking guide and recipe
3537,rust ownership and borrowing fundamentals tutorial
3538,black hole accretion disk thermal emission spectrum
3539,kubernetes pod networking and service discovery
3540,postgres query plan analysis and index optimization
3541,react server components vs client components rendering
3542,pasta carbonara authentic roman recipe with guanciale
3543,homemade sourdough bread baking guide and recipe
3544,exoplanet discovery via transit photometry method
3545,slow cooker beef stew with red wine reduction
3546,exoplanet discovery via transit photometry method
3547,galaxy rotation curves and dark matter halo evidence
3548,exoplanet discovery via transit photometry method
3549,pasta carbonara authentic roman recipe with guanciale
3550,exoplanet discovery via transit photometry method
3551,galaxy rotation curves and dark matter halo evidence
3552,galaxy rotation curves and dark matter halo evidence
3553,black hole accretion disk thermal emission spectrum
3554,best knife sharpening techniques for kitchen blades
3555,slow cooker beef stew with red wine reduction
3556,react server components vs client components rendering
3557,best knife sharpening techniques for kitchen blades
3558,galaxy rotation curves and dark matter halo evidence
3559,homemade sourdough bread baking guide and recipe
3560,postgres query plan analysis and index optimization
3561,react server components vs client components rendering
3562,postgres query plan analysis and index optimization
3563,best knife sharpening techniques for kitchen blades
3564,homemade sourdough bread baking guide and recipe
3565,rust ownership and borrowing fundamentals tutorial
3566,pasta carbonara authentic roman recipe with guanciale
3567,rust ownership and borrowing fundamentals tutorial
3568,exoplanet discovery via transit photometry method
3569,black hole accretion disk thermal emission spectrum
3570,python decorators explained with practical examples
3571,vegetarian curry with chickpeas and coconut milk
3572,exoplanet discovery via transit photometry method
3573,supernova remnant observed in the crab nebula
3574,python decorators explained with practical examples
3575,exoplanet discovery via transit photometry method
3576,vegetarian curry with chickpeas and coconut milk
3577,rust ownership and borrowing fundamentals tutorial
3578,best knife sharpening techniques for kitchen blades
3579,postgres query plan analysis and index optimization
3580,kubernetes pod networking and service discovery
3581,slow cooker beef stew with red wine reduction
3582,cosmic microwave background polarization measurements
3583,pasta carbonara authentic roman recipe with guanciale
3584,rust ownership and borrowing fundamentals tutorial
3585,pasta carbonara authentic roman recipe with guanciale
3586,react server components vs client components rendering
3587,homemade sourdough bread baking guide and recipe
3588,kubernetes pod networking and service discovery
3589,react server components vs client components rendering
3590,homemade sourdough bread baking guide and recipe
3591,galaxy rotation curves and dark matter halo evidence
3592,kubernetes pod networking and service discovery
3593,best knife sharpening techniques for kitchen blades
3594,rust ownership and borrowing fundamentals tutorial
3595,black hole accretion disk thermal emission spectrum
3596,pasta carbonara authentic roman recipe with guanciale
3597,black hole accretion disk thermal emission spectrum
3598,rust ownership and borrowing fundamentals tutorial
3599,kubernetes pod networking and service discovery
3600,postgres query plan analysis and index optimization
3601,kubernetes pod networking and service discovery
3602,python decorators explained with practical examples
3603,slow cooker beef stew with red wine reduction
3604,cosmic microwave background polarization measurements
3605,python decorators explained with practical examples
3606,postgres query plan analysis and index optimization
3607,galaxy rotation curves and dark matter halo evidence
3608,vegetarian curry with chickpeas and coconut milk
3609,homemade sourdough bread baking guide and recipe
3610,cosmic microwave background polarization measurements
3611,slow cooker beef stew with red wine reduction
3612,supernova remnant observed in the crab nebula
3613,python decorators explained with practical examples
3614,supernova remnant observed in the crab nebula
3615,supernova remnant observed in the crab nebula
3616,react server components vs client components rendering
3617,vegetarian curry with chickpeas and coconut milk
3618,galaxy rotation curves and dark matter halo evidence
3619,python decorators explained with practical examples
3620,rust ownership and borrowing fundamentals tutorial
3621,vegetarian curry with chickpeas and coconut milk
3622,slow cooker beef stew with red wine reduction
3623,homemade sourdough bread baking guide and recipe
3624,black hole accretion disk thermal emission spectrum
3625,kubernetes pod networking and service discovery
3626,rust ownership and borrowing fundamentals tutorial
3627,postgres query plan analysis and index optimization
3628,react server components vs client components rendering
3629,react server components vs client components rendering
3630,pasta carbonara authentic roman recipe with guanciale
3631,cosmic microwave background polarization measurements
3632,exoplanet discovery via transit photometry method
3633,supernova remnant observed in the crab nebula
3634,black hole accretion disk thermal emission spectrum
3635,vegetarian curry with chickpeas and coconut milk
3636,black hole accretion disk thermal emission spectrum
3637,slow cooker beef stew with red wine reduction
3638,black hole accretion disk thermal emission spectrum
3639,react server components vs client components rendering
3640,vegetarian curry with chickpeas and coconut milk
3641,kubernetes pod networking and service discovery
3642,rust ownership and borrowing fundamentals tutorial
3643,postgres query plan analysis and index optimization
3644,supernova remnant observed in the crab nebula
3645,supernova remnant observed in the crab nebula
3646,react server components vs client components rendering
3647,python decorators explained with practical examples
3648,cosmic microwave background polarization measurements
3649,exoplanet discovery via transit photometry method
3650,exoplanet discovery via transit photometry method
3651,cosmic microwave background polarization measurements
3652,exoplanet discovery via transit photometry method
3653,rust ownership and borrowing fundamentals tutorial
3654,postgres query plan analysis and index optimization
3655,galaxy rotation curves and dark matter halo evidence
3656,vegetarian curry with chickpeas and coconut milk
3657,python decorators explained with practical examples
3658,react server components vs client components rendering
3659,kubernetes pod networking and service discovery
3660,cosmic microwave background polarization measurements
3661,react server components vs client components rendering
3662,pasta carbonara authentic roman recipe with guanciale
3663,pasta carbonara authentic roman recipe with guanciale
3664,exoplanet discovery via transit photometry method
3665,pasta carbonara authentic roman recipe with guanciale
3666,vegetarian curry with chickpeas and coconut milk
3667,galaxy rotation curves and dark matter halo evidence
3668,slow cooker beef stew with red wine reduction
3669,galaxy rotation curves and dark matter halo evidence
3670,slow cooker beef stew with red wine reduction
3671,kubernetes pod networking and service discovery
3672,cosmic microwave background polarization measurements
3673,galaxy rotation curves and dark matter halo evidence
3674,kubernetes pod networking and service discovery
3675,postgres query plan analysis and index optimization
3676,galaxy rotation curves and dark matter halo evidence
3677,kubernetes pod networking and service discovery
3678,postgres query plan analysis and index optimization
3679,galaxy rotation curves and dark matter halo evidence
3680,react server components vs client components rendering
3681,react server components vs client components rendering
3682,python decorators explained with practical examples
3683,black hole accretion disk thermal emission spectrum
3684,postgres query plan analysis and index optimization
3685,supernova remnant observed in the crab nebula
3686,vegetarian curry with chickpeas and coconut milk
3687,exoplanet discovery via transit photometry method
3688,vegetarian curry with chickpeas and coconut milk
3689,black hole accretion disk thermal emission spectrum
3690,postgres query plan analysis and index optimization
3691,python decorators explained with practical examples
3692,galaxy rotation curves and dark matter halo evidence
3693,homemade sourdough bread baking guide and recipe
3694,kubernetes pod networking and service discovery
3695,rust ownership and borrowing fundamentals tutorial
3696,pasta carbonara authentic roman recipe with guanciale
3697,vegetarian curry with chickpeas and coconut milk
3698,black hole accretion disk thermal emission spectrum
3699,rust ownership and borrowing fundamentals tutorial
3700,best knife sharpening techniques for kitchen blades
3701,homemade sourdough bread baking guide and recipe
3702,pasta carbonara authentic roman recipe with guanciale
3703,cosmic microwave background polarization measurements
3704,best knife sharpening techniques for kitchen blades
3705,react server components vs client components rendering
3706,vegetarian curry with chickpeas and coconut milk
3707,kubernetes pod networking and service discovery
3708,homemade sourdough bread baking guide and recipe
3709,react server components vs client components rendering
3710,react server components vs client components rendering
3711,pasta carbonara authentic roman recipe with guanciale
3712,postgres query plan analysis and index optimization
3713,slow cooker beef stew with red wine reduction
3714,cosmic microwave background polarization measurements
3715,slow cooker beef stew with red wine reduction
3716,postgres query plan analysis and index optimization
3717,python decorators explained with practical examples
3718,supernova remnant observed in the crab nebula
3719,cosmic microwave background polarization measurements
3720,kubernetes pod networking and service discovery
3721,vegetarian curry with chickpeas and coconut milk
3722,homemade sourdough bread baking guide and recipe
3723,python decorators explained with practical examples
3724,python decorators explained with practical examples
3725,homemade sourdough bread baking guide and recipe
3726,homemade sourdough bread baking guide and recipe
3727,cosmic microwave background polarization measurements
3728,postgres query plan analysis and index optimization
3729,postgres query plan analysis and index optimization
3730,slow cooker beef stew with red wine reduction
3731,react server components vs client components rendering
3732,react server components vs client components rendering
3733,vegetarian curry with chickpeas and coconut milk
3734,react server components vs client components rendering
3735,pasta carbonara authentic roman recipe with guanciale
3736,exoplanet discovery via transit photometry method
3737,react server components vs client components rendering
3738,black hole accretion disk thermal emission spectrum
3739,rust ownership and borrowing fundamentals tutorial
3740,supernova remnant observed in the crab nebula
3741,react server components vs client components rendering
3742,supernova remnant observed in the crab nebula
3743,best knife sharpening techniques for kitchen blades
3744,cosmic microwave background polarization measurements
3745,exoplanet discovery via transit photometry method
3746,kubernetes pod networking and service discovery
3747,best knife sharpening techniques for kitchen blades
3748,rust ownership and borrowing fundamentals tutorial
3749,homemade sourdough bread baking guide and recipe
3750,kubernetes pod networking and service discovery
3751,slow cooker beef stew with red wine reduction
3752,homemade sourdough bread baking guide and recipe
3753,cosmic microwave background polarization measurements
3754,galaxy rotation curves and dark matter halo evidence
3755,vegetarian curry with chickpeas and coconut milk
3756,supernova remnant observed in the crab nebula
3757,rust ownership and borrowing fundamentals tutorial
3758,pasta carbonara authentic roman recipe with guanciale
3759,react server components vs client components rendering
3760,postgres query plan analysis and index optimization
3761,exoplanet discovery via transit photometry method
3762,pasta carbonara authentic roman recipe with guanciale
3763,supernova remnant observed in the crab nebula
3764,slow cooker beef stew with red wine reduction
3765,kubernetes pod networking and service discovery
3766,slow cooker beef stew with red wine reduction
3767,black hole accretion disk thermal emission spectrum
3768,python decorators explained with practical examples
3769,slow cooker beef stew with red wine reduction
3770,cosmic microwave background polarization measurements
3771,cosmic microwave background polarization measurements
3772,galaxy rotation curves and dark matter halo evidence
3773,exoplanet discovery via transit photometry method
3774,cosmic microwave background polarization measurements
3775,python decorators explained with practical examples
3776,postgres query plan analysis and index optimization
3777,react server components vs client components rendering
3778,pasta carbonara authentic roman recipe with guanciale
3779,postgres query plan analysis and index optimization
3780,homemade sourdough bread baking guide and recipe
3781,homemade sourdough bread baking guide and recipe
3782,exoplanet discovery via transit photometry method
3783,postgres query plan analysis and index optimization
3784,cosmic microwave background polarization measurements
3785,homemade sourdough bread baking guide and recipe
3786,python decorators explained with practical examples
3787,python decorators explained with practical examples
3788,python decorators explained with practical examples
3789,postgres query plan analysis and index optimization
3790,slow cooker beef stew with red wine reduction
3791,galaxy rotation curves and dark matter halo evidence
3792,best knife sharpening techniques for kitchen blades
3793,exoplanet discovery via transit photometry method
3794,vegetarian curry with chickpeas and coconut milk
3795,supernova remnant observed in the crab nebula
3796,python decorators explained with practical examples
3797,postgres query plan analysis and index optimization
3798,python decorators explained with practical examples
3799,postgres query plan analysis and index optimization
3800,react server components vs client components rendering
3801,cosmic microwave background polarization measurements
3802,pasta carbonara authentic roman recipe with guanciale
3803,rust ownership and borrowing fundamentals tutorial
3804,homemade sourdough bread baking guide and recipe
3805,supernova remnant observed in the crab nebula
3806,slow cooker beef stew with red wine reduction
3807,supernova remnant observed in the crab nebula
3808,python decorators explained with practical examples
3809,rust ownership and borrowing fundamentals tutorial
3810,vegetarian curry with chickpeas and coconut milk
3811,black hole accretion disk thermal emission spectrum
3812,black hole accretion disk thermal emission spectrum
3813,cosmic microwave background polarization measurements
3814,postgres query plan analysis and index optimization
3815,supernova remnant observed in the crab nebula
3816,vegetarian curry with chickpeas and coconut milk
3817,postgres query plan analysis and index optimization
3818,python decorators explained with practical examples
3819,best knife sharpening techniques for kitchen blades
3820,black hole accretion disk thermal emission spectrum
3821,kubernetes pod networking and service discovery
3822,kubernetes pod networking and service discovery
3823,slow cooker beef stew with red wine reduction
3824,postgres query plan analysis and index optimization
3825,best knife sharpening techniques for kitchen blades
3826,galaxy rotation curves and dark matter halo evidence
3827,vegetarian curry with chickpeas and coconut milk
3828,galaxy rotation curves and dark matter halo evidence
3829,rust ownership and borrowing fundamentals tutorial
3830,exoplanet discovery via transit photometry method
3831,cosmic microwave background polarization measurements
3832,black hole accretion disk thermal emission spectrum
3833,exoplanet discovery via transit photometry method
3834,python decorators explained with practical examples
3835,slow cooker beef stew with red wine reduction
3836,cosmic microwave background polarization measurements
3837,postgres query plan analysis and index optimization
3838,exoplanet discovery via transit photometry method
3839,kubernetes pod networking and service discovery
3840,slow cooker beef stew with red wine reduction
3841,python decorators explained with practical examples
3842,python decorators explained with practical examples
3843,react server components vs client components rendering
3844,kubernetes pod networking and service discovery
3845,kubernetes pod networking and service discovery
3846,best knife sharpening techniques for kitchen blades
3847,cosmic microwave background polarization measurements
3848,kubernetes pod networking and service discovery
3849,best knife sharpening techniques for kitchen blades
3850,react server components vs client components rendering
3851,slow cooker beef stew with red wine reduction
3852,rust ownership and borrowing fundamentals tutorial
3853,black hole accretion disk thermal emission spectrum
3854,vegetarian curry with chickpeas and coconut milk
3855,python decorators explained with practical examples
3856,rust ownership and borrowing fundamentals tutorial
3857,best knife sharpening techniques for kitchen blades
3858,python decorators explained with practical examples
3859,kubernetes pod networking and service discovery
3860,exoplanet discovery via transit photometry method
3861,vegetarian curry with chickpeas and coconut milk
3862,vegetarian curry with chickpeas and coconut milk
3863,kubernetes pod networking and service discovery
3864,best knife sharpening techniques for kitchen blades
3865,python decorators explained with practical examples
3866,supernova remnant observed in the crab nebula
3867,galaxy rotation curves and dark matter halo evidence
3868,react server components vs client components rendering
3869,galaxy rotation curves and dark matter halo evidence
3870,kubernetes pod networking and service discovery
3871,best knife sharpening techniques for kitchen blades
3872,homemade sourdough bread baking guide and recipe
3873,homemade sourdough bread baking guide and recipe
3874,cosmic microwave background polarization measurements
3875,homemade sourdough bread baking guide and recipe
3876,kubernetes pod networking and service discovery
3877,slow cooker beef stew with red wine reduction
3878,postgres query plan analysis and index optimization
3879,best knife sharpening techniques for kitchen blades
3880,exoplanet discovery via transit photometry method
3881,exoplanet discovery via transit photometry method
3882,kubernetes pod networking and service discovery
3883,black hole accretion disk thermal emission spectrum
3884,postgres query plan analysis and index optimization
3885,homemade sourdough bread baking guide and recipe
3886,supernova remnant observed in the crab nebula
3887,python decorators explained with practical examples
3888,react server components vs client components rendering
3889,slow cooker beef stew with red wine reduction
3890,best knife sharpening techniques for kitchen blades
3891,rust ownership and borrowing fundamentals tutorial
3892,exoplanet discovery via transit photometry method
3893,python decorators explained with practical examples
3894,cosmic microwave background polarization measurements
3895,rust ownership and borrowing fundamentals tutorial
3896,pasta carbonara authentic roman recipe with guanciale
3897,homemade sourdough bread baking guide and recipe
3898,pasta carbonara authentic roman recipe with guanciale
3899,exoplanet discovery via transit photometry method
3900,postgres query plan analysis and index optimization
3901,postgres query plan analysis and index optimization
3902,postgres query plan analysis and index optimization
3903,homemade sourdough bread baking guide and recipe
3904,homemade sourdough bread baking guide and recipe
3905,cosmic microwave background polarization measurements
3906,kubernetes pod networking and service discovery
3907,exoplanet discovery via transit photometry method
3908,slow cooker beef stew with red wine reduction
3909,galaxy rotation curves and dark matter halo evidence
3910,rust ownership and borrowing fundamentals tutorial
3911,rust ownership and borrowing fundamentals tutorial
3912,vegetarian curry with chickpeas and coconut milk
3913,exoplanet discovery via transit photometry method
3914,exoplanet discovery via transit photometry method
3915,postgres query plan analysis and index optimization
3916,react server components vs client components rendering
3917,galaxy rotation curves and dark matter halo evidence
3918,homemade sourdough bread baking guide and recipe
3919,rust ownership and borrowing fundamentals tutorial
3920,react server components vs client components rendering
3921,black hole accretion disk thermal emission spectrum
3922,postgres query plan analysis and index optimization
3923,galaxy rotation curves and dark matter halo evidence
3924,slow cooker beef stew with red wine reduction
3925,galaxy rotation curves and dark matter halo evidence
3926,postgres query plan analysis and index optimization
3927,slow cooker beef stew with red wine reduction
3928,python decorators explained with practical examples
3929,pasta carbonara authentic roman recipe with guanciale
3930,cosmic microwave background polarization measurements
3931,slow cooker beef stew with red wine reduction
3932,react server components vs client components rendering
3933,best knife sharpening techniques for kitchen blades
3934,cosmic microwave background polarization measurements
3935,black hole accretion disk thermal emission spectrum
3936,vegetarian curry with chickpeas and coconut milk
3937,vegetarian curry with chickpeas and coconut milk
3938,vegetarian curry with chickpeas and coconut milk
3939,pasta carbonara authentic roman recipe with guanciale
3940,exoplanet discovery via transit photometry method
3941,python decorators explained with practical examples
3942,homemade sourdough bread baking guide and recipe
3943,react server components vs client components rendering
3944,python decorators explained with practical examples
3945,react server components vs client components rendering
3946,homemade sourdough bread baking guide and recipe
3947,galaxy rotation curves and dark matter halo evidence
3948,kubernetes pod networking and service discovery
3949,kubernetes pod networking and service discovery
3950,best knife sharpening techniques for kitchen blades
3951,postgres query plan analysis and index optimization
3952,homemade sourdough bread baking guide and recipe
3953,python decorators explained with practical examples
3954,vegetarian curry with chickpeas and coconut milk
3955,slow cooker beef stew with red wine reduction
3956,kubernetes pod networking and service discovery
3957,slow cooker beef stew with red wine reduction
3958,react server components vs client components rendering
3959,kubernetes pod networking and service discovery
3960,galaxy rotation curves and dark matter halo evidence
3961,slow cooker beef stew with red wine reduction
3962,best knife sharpening techniques for kitchen blades
3963,supernova remnant observed in the crab nebula
3964,homemade sourdough bread baking guide and recipe
3965,rust ownership and borrowing fundamentals tutorial
3966,react server components vs client components rendering
3967,supernova remnant observed in the crab nebula
3968,react server components vs client components rendering
3969,slow cooker beef stew with red wine reduction
3970,supernova remnant observed in the crab nebula
3971,cosmic microwave background polarization measurements
3972,kubernetes pod networking and service discovery
3973,best knife sharpening techniques for kitchen blades
3974,best knife sharpening techniques for kitchen blades
3975,supernova remnant observed in the crab nebula
3976,pasta carbonara authentic roman recipe with guanciale
3977,vegetarian curry with chickpeas and coconut milk
3978,black hole accretion disk thermal emission spectrum
3979,supernova remnant observed in the crab nebula
3980,python decorators explained with practical examples
3981,black hole accretion disk thermal emission spectrum
3982,black hole accretion disk thermal emission spectrum
3983,galaxy rotation curves and dark matter halo evidence
3984,galaxy rotation curves and dark matter halo evidence
3985,best knife sharpening techniques for kitchen blades
3986,best knife sharpening techniques for kitchen blades
3987,supernova remnant observed in the crab nebula
3988,black hole accretion disk thermal emission spectrum
3989,exoplanet discovery via transit photometry method
3990,kubernetes pod networking and service discovery
3991,exoplanet discovery via transit photometry method
3992,galaxy rotation curves and dark matter halo evidence
3993,black hole accretion disk thermal emission spectrum
3994,galaxy rotation curves and dark matter halo evidence
3995,exoplanet discovery via transit photometry method
3996,galaxy rotation curves and dark matter halo evidence
3997,best knife sharpening techniques for kitchen blades
3998,postgres query plan analysis and index optimization
3999,pasta carbonara authentic roman recipe with guanciale
4000,slow cooker beef stew with red wine reduction
4001,python decorators explained with practical examples
4002,exoplanet discovery via transit photometry method
4003,react server components vs client components rendering
4004,react server components vs client components rendering
4005,galaxy rotation curves and dark matter halo evidence
4006,supernova remnant observed in the crab nebula
4007,slow cooker beef stew with red wine reduction
4008,postgres query plan analysis and index optimization
4009,best knife sharpening techniques for kitchen blades
4010,slow cooker beef stew with red wine reduction
4011,slow cooker beef stew with red wine reduction
4012,homemade sourdough bread baking guide and recipe
4013,exoplanet discovery via transit photometry method
4014,python decorators explained with practical examples
4015,cosmic microwave background polarization measurements
4016,best knife sharpening techniques for kitchen blades
4017,python decorators explained with practical examples
4018,best knife sharpening techniques for kitchen blades
4019,galaxy rotation curves and dark matter halo evidence
4020,vegetarian curry with chickpeas and coconut milk
4021,cosmic microwave background polarization measurements
4022,vegetarian curry with chickpeas and coconut milk
4023,supernova remnant observed in the crab nebula
4024,python decorators explained with practical examples
4025,react server components vs client components rendering
4026,rust ownership and borrowing fundamentals tutorial
4027,black hole accretion disk thermal emission spectrum
4028,exoplanet discovery via transit photometry method
4029,cosmic microwave background polarization measurements
4030,react server components vs client components rendering
4031,supernova remnant observed in the crab nebula
4032,rust ownership and borrowing fundamentals tutorial
4033,python decorators explained with practical examples
4034,postgres query plan analysis and index optimization
4035,cosmic microwave background polarization measurements
4036,black hole accretion disk thermal emission spectrum
4037,galaxy rotation curves and dark matter halo evidence
4038,supernova remnant observed in the crab nebula
4039,pasta carbonara authentic roman recipe with guanciale
4040,kubernetes pod networking and service discovery
4041,galaxy rotation curves and dark matter halo evidence
4042,homemade sourdough bread baking guide and recipe
4043,rust ownership and borrowing fundamentals tutorial
4044,exoplanet discovery via transit photometry method
4045,kubernetes pod networking and service discovery
4046,supernova remnant observed in the crab nebula
4047,supernova remnant observed in the crab nebula
4048,kubernetes pod networking and service discovery
4049,galaxy rotation curves and dark matter halo evidence
4050,homemade sourdough bread baking guide and recipe
4051,pasta carbonara authentic roman recipe with guanciale
4052,cosmic microwave background polarization measurements
4053,best knife sharpening techniques for kitchen blades
4054,black hole accretion disk thermal emission spectrum
4055,best knife sharpening techniques for kitchen blades
4056,supernova remnant observed in the crab nebula
4057,exoplanet discovery via transit photometry method
4058,kubernetes pod networking and service discovery
4059,cosmic microwave background polarization measurements
4060,pasta carbonara authentic roman recipe with guanciale
4061,galaxy rotation curves and dark matter halo evidence
4062,homemade sourdough bread baking guide and recipe
4063,galaxy rotation curves and dark matter halo evidence
4064,galaxy rotation curves and dark matter halo evidence
4065,best knife sharpening techniques for kitchen blades
4066,homemade sourdough bread baking guide and recipe
4067,cosmic microwave background polarization measurements
4068,supernova remnant observed in the crab nebula
4069,homemade sourdough bread baking guide and recipe
4070,supernova remnant observed in the crab nebula
4071,slow cooker beef stew with red wine reduction
4072,supernova remnant observed in the crab nebula
4073,vegetarian curry with chickpeas and coconut milk
4074,black hole accretion disk thermal emission spectrum
4075,black hole accretion disk thermal emission spectrum
4076,kubernetes pod networking and service discovery
4077,postgres query plan analysis and index optimization
4078,postgres query plan analysis and index optimization
4079,exoplanet discovery via transit photometry method
4080,homemade sourdough bread baking guide and recipe
4081,kubernetes pod networking and service discovery
4082,python decorators explained with practical examples
4083,kubernetes pod networking and service discovery
4084,pasta carbonara authentic roman recipe with guanciale
4085,python decorators explained with practical examples
4086,python decorators explained with practical examples
4087,black hole accretion disk thermal emission spectrum
4088,rust ownership and borrowing fundamentals tutorial
4089,rust ownership and borrowing fundamentals tutorial
4090,postgres query plan analysis and index optimization
4091,supernova remnant observed in the crab nebula
4092,python decorators explained with practical examples
4093,kubernetes pod networking and service discovery
4094,react server components vs client components rendering
4095,react server components vs client components rendering
4096,kubernetes pod networking and service discovery
4097,rust ownership and borrowing fundamentals tutorial
4098,slow cooker beef stew with red wine reduction
4099,postgres query plan analysis and index optimization
4100,homemade sourdough bread baking guide and recipe
4101,kubernetes pod networking and service discovery
4102,rust ownership and borrowing fundamentals tutorial
4103,black hole accretion disk thermal emission spectrum
4104,galaxy rotation curves and dark matter halo evidence
4105,python decorators explained with practical examples
4106,postgres query plan analysis and index optimization
4107,slow cooker beef stew with red wine reduction
4108,react server components vs client components rendering
4109,exoplanet discovery via transit photometry method
4110,rust ownership and borrowing fundamentals tutorial
4111,vegetarian curry with chickpeas and coconut milk
4112,python decorators explained with practical examples
4113,postgres query plan analysis and index optimization
4114,cosmic microwave background polarization measurements
4115,black hole accretion disk thermal emission spectrum
4116,pasta carbonara authentic roman recipe with guanciale
4117,postgres query plan analysis and index optimization
4118,homemade sourdough bread baking guide and recipe
4119,rust ownership and borrowing fundamentals tutorial
4120,black hole accretion disk thermal emission spectrum
4121,cosmic microwave background polarization measurements
4122,cosmic microwave background polarization measurements
4123,react server components vs client components rendering
4124,python decorators explained with practical examples
4125,slow cooker beef stew with red wine reduction
4126,cosmic microwave background polarization measurements
4127,black hole accretion disk thermal emission spectrum
4128,supernova remnant observed in the crab nebula
4129,cosmic microwave background polarization measurements
4130,supernova remnant observed in the crab nebula
4131,exoplanet discovery via transit photometry method
4132,cosmic microwave background polarization measurements
4133,kubernetes pod networking and service discovery
4134,react server components vs client components rendering
4135,react server components vs client components rendering
4136,python decorators explained with practical examples
4137,slow cooker beef stew with red wine reduction
4138,galaxy rotation curves and dark matter halo evidence
4139,exoplanet discovery via transit photometry method
4140,exoplanet discovery via transit photometry method
4141,pasta carbonara authentic roman recipe with guanciale
4142,supernova remnant observed in the crab nebula
4143,exoplanet discovery via transit photometry method
4144,vegetarian curry with chickpeas and coconut milk
4145,pasta carbonara authentic roman recipe with guanciale
4146,pasta carbonara authentic roman recipe with guanciale
4147,vegetarian curry with chickpeas and coconut milk
4148,pasta carbonara authentic roman recipe with guanciale
4149,galaxy rotation curves and dark matter halo evidence
4150,cosmic microwave background polarization measurements
4151,react server components vs client components rendering
4152,postgres query plan analysis and index optimization
4153,postgres query plan analysis and index optimization
4154,supernova remnant observed in the crab nebula
4155,black hole accretion disk thermal emission spectrum
4156,pasta carbonara authentic roman recipe with guanciale
4157,cosmic microwave background polarization measurements
4158,supernova remnant observed in the crab nebula
4159,cosmic microwave background polarization measurements
4160,python decorators explained with practical examples
4161,slow cooker beef stew with red wine reduction
4162,supernova remnant observed in the crab nebula
4163,pasta carbonara authentic roman recipe with guanciale
4164,slow cooker beef stew with red wine reduction
4165,react server components vs client components rendering
4166,kubernetes pod networking and service discovery
4167,vegetarian curry with chickpeas and coconut milk
4168,galaxy rotation curves and dark matter halo evidence
4169,slow cooker beef stew with red wine reduction
4170,galaxy rotation curves and dark matter halo evidence
4171,rust ownership and borrowing fundamentals tutorial
4172,rust ownership and borrowing fundamentals tutorial
4173,cosmic microwave background polarization measurements
4174,best knife sharpening techniques for kitchen blades
4175,postgres query plan analysis and index optimization
4176,postgres query plan analysis and index optimization
4177,black hole accretion disk thermal emission spectrum
4178,black hole accretion disk thermal emission spectrum
4179,pasta carbonara authentic roman recipe with guanciale
4180,rust ownership and borrowing fundamentals tutorial
4181,slow cooker beef stew with red wine reduction
4182,cosmic microwave background polarization measurements
4183,supernova remnant observed in the crab nebula
4184,cosmic microwave background polarization measurements
4185,pasta carbonara authentic roman recipe with guanciale
4186,rust ownership and borrowing fundamentals tutorial
4187,kubernetes pod networking and service discovery
4188,best knife sharpening techniques for kitchen blades
4189,galaxy rotation curves and dark matter halo evidence
4190,black hole accretion disk thermal emission spectrum
4191,postgres query plan analysis and index optimization
4192,pasta carbonara authentic roman recipe with guanciale
4193,vegetarian curry with chickpeas and coconut milk
4194,exoplanet discovery via transit photometry method
4195,vegetarian curry with chickpeas and coconut milk
4196,galaxy rotation curves and dark matter halo evidence
4197,pasta carbonara authentic roman recipe with guanciale
4198,supernova remnant observed in the crab nebula
4199,react server components vs client components rendering
4200,exoplanet discovery via transit photometry method
4201,supernova remnant observed in the crab nebula
4202,rust ownership and borrowing fundamentals tutorial
4203,homemade sourdough bread baking guide and recipe
4204,homemade sourdough bread baking guide and recipe
4205,pasta carbonara authentic roman recipe with guanciale
4206,pasta carbonara authentic roman recipe with guanciale
4207,cosmic microwave background polarization measurements
4208,react server components vs client components rendering
4209,slow cooker beef stew with red wine reduction
4210,react server components vs client components rendering
4211,galaxy rotation curves and dark matter halo evidence
4212,black hole accretion disk thermal emission spectrum
4213,best knife sharpening techniques for kitchen blades
4214,vegetarian curry with chickpeas and coconut milk
4215,galaxy rotation curves and dark matter halo evidence
4216,vegetarian curry with chickpeas and coconut milk
4217,rust ownership and borrowing fundamentals tutorial
4218,black hole accretion disk thermal emission spectrum
4219,exoplanet discovery via transit photometry method
4220,react server components vs client components rendering
4221,supernova remnant observed in the crab nebula
4222,react server components vs client components rendering
4223,python decorators explained with practical examples
4224,rust ownership and borrowing fundamentals tutorial
4225,postgres query plan analysis and index optimization
4226,rust ownership and borrowing fundamentals tutorial
4227,react server components vs client components rendering
4228,rust ownership and borrowing fundamentals tutorial
4229,exoplanet discovery via transit photometry method
4230,homemade sourdough bread baking guide and recipe
4231,react server components vs client components rendering
4232,postgres query plan analysis and index optimization
4233,best knife sharpening techniques for kitchen blades
4234,postgres query plan analysis and index optimization
4235,homemade sourdough bread baking guide and recipe
4236,supernova remnant observed in the crab nebula
4237,slow cooker beef stew with red wine reduction
4238,kubernetes pod networking and service discovery
4239,vegetarian curry with chickpeas and coconut milk
4240,cosmic microwave background polarization measurements
4241,rust ownership and borrowing fundamentals tutorial
4242,galaxy rotation curves and dark matter halo evidence
4243,black hole accretion disk thermal emission spectrum
4244,vegetarian curry with chickpeas and coconut milk
4245,galaxy rotation curves and dark matter halo evidence
4246,postgres query plan analysis and index optimization
4247,exoplanet discovery via transit photometry method
4248,react server components vs client components rendering
4249,postgres query plan analysis and index optimization
4250,black hole accretion disk thermal emission spectrum
4251,supernova remnant observed in the crab nebula
4252,pasta carbonara authentic roman recipe with guanciale
4253,python decorators explained with practical examples
4254,best knife sharpening techniques for kitchen blades
4255,rust ownership and borrowing fundamentals tutorial
4256,best knife sharpening techniques for kitchen blades
4257,kubernetes pod networking and service discovery
4258,python decorators explained with practical examples
4259,best knife sharpening techniques for kitchen blades
4260,galaxy rotation curves and dark matter halo evidence
4261,homemade sourdough bread baking guide and recipe
4262,react server components vs client components rendering
4263,python decorators explained with practical examples
4264,cosmic microwave background polarization measurements
4265,galaxy rotation curves and dark matter halo evidence
4266,supernova remnant observed in the crab nebula
4267,rust ownership and borrowing fundamentals tutorial
4268,react server components vs client components rendering
4269,cosmic microwave background polarization measurements
4270,best knife sharpening techniques for kitchen blades
4271,postgres query plan analysis and index optimization
4272,cosmic microwave background polarization measurements
4273,pasta carbonara authentic roman recipe with guanciale
4274,homemade sourdough bread baking guide and recipe
4275,homemade sourdough bread baking guide and recipe
4276,kubernetes pod networking and service discovery
4277,best knife sharpening techniques for kitchen blades
4278,react server components vs client components rendering
4279,postgres query plan analysis and index optimization
4280,rust ownership and borrowing fundamentals tutorial
4281,vegetarian curry with chickpeas and coconut milk
4282,best knife sharpening techniques for kitchen blades
4283,react server components vs client components rendering
4284,cosmic microwave background polarization measurements
4285,react server components vs client components rendering
4286,exoplanet discovery via transit photometry method
4287,rust ownership and borrowing fundamentals tutorial
4288,slow cooker beef stew with red wine reduction
4289,kubernetes pod networking and service discovery
4290,postgres query plan analysis and index optimization
4291,cosmic microwave background polarization measurements
4292,postgres query plan analysis and index optimization
4293,postgres query plan analysis and index optimization
4294,cosmic microwave background polarization measurements
4295,galaxy rotation curves and dark matter halo evidence
4296,react server components vs client components rendering
4297,postgres query plan analysis and index optimization
4298,pasta carbonara authentic roman recipe with guanciale
4299,vegetarian curry with chickpeas and coconut milk
4300,vegetarian curry with chickpeas and coconut milk
4301,slow cooker beef stew with red wine reduction
4302,postgres query plan analysis and index optimization
4303,slow cooker beef stew with red wine reduction
4304,cosmic microwave background polarization measurements
4305,pasta carbonara authentic roman recipe with guanciale
4306,slow cooker beef stew with red wine reduction
4307,slow cooker beef stew with red wine reduction
4308,postgres query plan analysis and index optimization
4309,pasta carbonara authentic roman recipe with guanciale
4310,vegetarian curry with chickpeas and coconut milk
4311,black hole accretion disk thermal emission spectrum
4312,kubernetes pod networking and service discovery
4313,vegetarian curry with chickpeas and coconut milk
4314,slow cooker beef stew with red wine reduction
4315,rust ownership and borrowing fundamentals tutorial
4316,cosmic microwave background polarization measurements
4317,vegetarian curry with chickpeas and coconut milk
4318,pasta carbonara authentic roman recipe with guanciale
4319,best knife sharpening techniques for kitchen blades
4320,slow cooker beef stew with red wine reduction
4321,postgres query plan analysis and index optimization
4322,react server components vs client components rendering
4323,python decorators explained with practical examples
4324,exoplanet discovery via transit photometry method
4325,slow cooker beef stew with red wine reduction
4326,pasta carbonara authentic roman recipe with guanciale
4327,react server components vs client components rendering
4328,cosmic microwave background polarization measurements
4329,homemade sourdough bread baking guide and recipe
4330,supernova remnant observed in the crab nebula
4331,galaxy rotation curves and dark matter halo evidence
4332,python decorators explained with practical examples
4333,black hole accretion disk thermal emission spectrum
4334,python decorators explained with practical examples
4335,slow cooker beef stew with red wine reduction
4336,kubernetes pod networking and service discovery
4337,react server components vs client components rendering
4338,rust ownership and borrowing fundamentals tutorial
4339,vegetarian curry with chickpeas and coconut milk
4340,best knife sharpening techniques for kitchen blades
4341,postgres query plan analysis and index optimization
4342,rust ownership and borrowing fundamentals tutorial
4343,rust ownership and borrowing fundamentals tutorial
4344,cosmic microwave background polarization measurements
4345,react server components vs client components rendering
4346,rust ownership and borrowing fundamentals tutorial
4347,react server components vs client components rendering
4348,vegetarian curry with chickpeas and coconut milk
4349,kubernetes pod networking and service discovery
4350,cosmic microwave background polarization measurements
4351,rust ownership and borrowing fundamentals tutorial
4352,pasta carbonara authentic roman recipe with guanciale
4353,homemade sourdough bread baking guide and recipe
4354,postgres query plan analysis and index optimization
4355,slow cooker beef stew with red wine reduction
4356,react server components vs client components rendering
4357,pasta carbonara authentic roman recipe with guanciale
4358,rust ownership and borrowing fundamentals tutorial
4359,cosmic microwave background polarization measurements
4360,python decorators explained with practical examples
4361,homemade sourdough bread baking guide and recipe
4362,exoplanet discovery via transit photometry method
4363,slow cooker beef stew with red wine reduction
4364,slow cooker beef stew with red wine reduction
4365,black hole accretion disk thermal emission spectrum
4366,galaxy rotation curves and dark matter halo evidence
4367,homemade sourdough bread baking guide and recipe
4368,galaxy rotation curves and dark matter halo evidence
4369,supernova remnant observed in the crab nebula
4370,pasta carbonara authentic roman recipe with guanciale
4371,python decorators explained with practical examples
4372,slow cooker beef stew with red wine reduction
4373,black hole accretion disk thermal emission spectrum
4374,supernova remnant observed in the crab nebula
4375,python decorators explained with practical examples
4376,postgres query plan analysis and index optimization
4377,black hole accretion disk thermal emission spectrum
4378,pasta carbonara authentic roman recipe with guanciale
4379,python decorators explained with practical examples
4380,python decorators explained with practical examples
4381,rust ownership and borrowing fundamentals tutorial
4382,vegetarian curry with chickpeas and coconut milk
4383,python decorators explained with practical examples
4384,rust ownership and borrowing fundamentals tutorial
4385,pasta carbonara authentic roman recipe with guanciale
4386,best knife sharpening techniques for kitchen blades
4387,supernova remnant observed in the crab nebula
4388,black hole accretion disk thermal emission spectrum
4389,vegetarian curry with chickpeas and coconut milk
4390,supernova remnant observed in the crab nebula
4391,galaxy rotation curves and dark matter halo evidence
4392,cosmic microwave background polarization measurements
4393,vegetarian curry with chickpeas and coconut milk
4394,pasta carbonara authentic roman recipe with guanciale
4395,vegetarian curry with chickpeas and coconut milk
4396,galaxy rotation curves and dark matter halo evidence
4397,exoplanet discovery via transit photometry method
4398,best knife sharpening techniques for kitchen blades
4399,slow cooker beef stew with red wine reduction
4400,exoplanet discovery via transit photometry method
4401,best knife sharpening techniques for kitchen blades
4402,cosmic microwave background polarization measurements
4403,postgres query plan analysis and index optimization
4404,python decorators explained with practical examples
4405,best knife sharpening techniques for kitchen blades
4406,galaxy rotation curves and dark matter halo evidence
4407,react server components vs client components rendering
4408,slow cooker beef stew with red wine reduction
4409,rust ownership and borrowing fundamentals tutorial
4410,react server components vs client components rendering
4411,postgres query plan analysis and index optimization
4412,postgres query plan analysis and index optimization
4413,black hole accretion disk thermal emission spectrum
4414,slow cooker beef stew with red wine reduction
4415,exoplanet discovery via transit photometry method
4416,vegetarian curry with chickpeas and coconut milk
4417,postgres query plan analysis and index optimization
4418,rust ownership and borrowing fundamentals tutorial
4419,galaxy rotation curves and dark matter halo evidence
4420,pasta carbonara authentic roman recipe with guanciale
4421,kubernetes pod networking and service discovery
4422,kubernetes pod networking and service discovery
4423,slow cooker beef stew with red wine reduction
4424,rust ownership and borrowing fundamentals tutorial
4425,best knife sharpening techniques for kitchen blades
4426,vegetarian curry with chickpeas and coconut milk
4427,black hole accretion disk thermal emission spectrum
4428,supernova remnant observed in the crab nebula
4429,exoplanet discovery via transit photometry method
4430,galaxy rotation curves and dark matter halo evidence
4431,homemade sourdough bread baking guide and recipe
4432,supernova remnant observed in the crab nebula
4433,react server components vs client components rendering
4434,react server components vs client components rendering
4435,exoplanet discovery via transit photometry method
4436,rust ownership and borrowing fundamentals tutorial
4437,rust ownership and borrowing fundamentals tutorial
4438,exoplanet discovery via transit photometry method
4439,galaxy rotation curves and dark matter halo evidence
4440,slow cooker beef stew with red wine reduction
4441,kubernetes pod networking and service discovery
4442,rust ownership and borrowing fundamentals tutorial
4443,rust ownership and borrowing fundamentals tutorial
4444,galaxy rotation curves and dark matter halo evidence
4445,cosmic microwave background polarization measurements
4446,slow cooker beef stew with red wine reduction
4447,python decorators explained with practical examples
4448,homemade sourdough bread baking guide and recipe
4449,vegetarian curry with chickpeas and coconut milk
4450,cosmic microwave background polarization measurements
4451,black hole accretion disk thermal emission spectrum
4452,galaxy rotation curves and dark matter halo evidence
4453,kubernetes pod networking and service discovery
4454,cosmic microwave background polarization measurements
4455,exoplanet discovery via transit photometry method
4456,pasta carbonara authentic roman recipe with guanciale
4457,black hole accretion disk thermal emission spectrum
4458,pasta carbonara authentic roman recipe with guanciale
4459,exoplanet discovery via transit photometry method
4460,best knife sharpening techniques for kitchen blades
4461,best knife sharpening techniques for kitchen blades
4462,galaxy rotation curves and dark matter halo evidence
4463,exoplanet discovery via transit photometry method
4464,best knife sharpening techniques for kitchen blades
4465,galaxy rotation curves and dark matter halo evidence
4466,python decorators explained with practical examples
4467,black hole accretion disk thermal emission spectrum
4468,rust ownership and borrowing fundamentals tutorial
4469,python decorators explained with practical examples
4470,slow cooker beef stew with red wine reduction
4471,homemade sourdough bread baking guide and recipe
4472,pasta carbonara authentic roman recipe with guanciale
4473,pasta carbonara authentic roman recipe with guanciale
4474,pasta carbonara authentic roman recipe with guanciale
4475,best knife sharpening techniques for kitchen blades
4476,cosmic microwave background polarization measurements
4477,exoplanet discovery via transit photometry method
4478,exoplanet discovery via transit photometry method
4479,best knife sharpening techniques for kitchen blades
4480,postgres query plan analysis and index optimization
4481,react server components vs client components rendering
4482,galaxy rotation curves and dark matter halo evidence
4483,pasta carbonara authentic roman recipe with guanciale
4484,galaxy rotation curves and dark matter halo evidence
4485,pasta carbonara authentic roman recipe with guanciale
4486,pasta carbonara authentic roman recipe with guanciale
4487,black hole accretion disk thermal emission spectrum
4488,best knife sharpening techniques for kitchen blades
4489,pasta carbonara authentic roman recipe with guanciale
4490,postgres query plan analysis and index optimization
4491,react server components vs client components rendering
4492,best knife sharpening techniques for kitchen blades
4493,galaxy rotation curves and dark matter halo evidence
4494,slow cooker beef stew with red wine reduction
4495,cosmic microwave background polarization measurements
4496,pasta carbonara authentic roman recipe with guanciale
4497,galaxy rotation curves and dark matter halo evidence
4498,cosmic microwave background polarization measurements
4499,galaxy rotation curves and dark matter halo evidence
4500,python decorators explained with practical examples
4501,cosmic microwave background polarization measurements
4502,exoplanet discovery via transit photometry method
4503,cosmic microwave background polarization measurements
4504,exoplanet discovery via transit photometry method
4505,react server components vs client components rendering
4506,python decorators explained with practical examples
4507,postgres query plan analysis and index optimization
4508,vegetarian curry with chickpeas and coconut milk
4509,python decorators explained with practical examples
4510,kubernetes pod networking and service discovery
4511,black hole accretion disk thermal emission spectrum
4512,python decorators explained with practical examples
4513,python decorators explained with practical examples
4514,cosmic microwave background polarization measurements
4515,kubernetes pod networking and service discovery
4516,homemade sourdough bread baking guide and recipe
4517,supernova remnant observed in the crab nebula
4518,supernova remnant observed in the crab nebula
4519,kubernetes pod networking and service discovery
4520,kubernetes pod networking and service discovery
4521,pasta carbonara authentic roman recipe with guanciale
4522,rust ownership and borrowing fundamentals tutorial
4523,python decorators explained with practical examples
4524,homemade sourdough bread baking guide and recipe
4525,pasta carbonara authentic roman recipe with guanciale
4526,black hole accretion disk thermal emission spectrum
4527,pasta carbonara authentic roman recipe with guanciale
4528,galaxy rotation curves and dark matter halo evidence
4529,python decorators explained with practical examples
4530,pasta carbonara authentic roman recipe with guanciale
4531,react server components vs client components rendering
4532,homemade sourdough bread baking guide and recipe
4533,slow cooker beef stew with red wine reduction
4534,pasta carbonara authentic roman recipe with guanciale
4535,black hole accretion disk thermal emission spectrum
4536,black hole accretion disk thermal emission spectrum
4537,best knife sharpening techniques for kitchen blades
4538,cosmic microwave background polarization measurements
4539,vegetarian curry with chickpeas and coconut milk
4540,react server components vs client components rendering
4541,python decorators explained with practical examples
4542,vegetarian curry with chickpeas and coconut milk
4543,exoplanet discovery via transit photometry method
4544,supernova remnant observed in the crab nebula
4545,rust ownership and borrowing fundamentals tutorial
4546,rust ownership and borrowing fundamentals tutorial
4547,postgres query plan analysis and index optimization
4548,python decorators explained with practical examples
4549,postgres query plan analysis and index optimization
4550,rust ownership and borrowing fundamentals tutorial
4551,vegetarian curry with chickpeas and coconut milk
4552,postgres query plan analysis and index optimization
4553,python decorators explained with practical examples
4554,best knife sharpening techniques for kitchen blades
4555,cosmic microwave background polarization measurements
4556,best knife sharpening techniques for kitchen blades
4557,react server components vs client components rendering
4558,black hole accretion disk thermal emission spectrum
4559,supernova remnant observed in the crab nebula
4560,cosmic microwave background polarization measurements
4561,cosmic microwave background polarization measurements
4562,python decorators explained with practical examples
4563,best knife sharpening techniques for kitchen blades
4564,pasta carbonara authentic roman recipe with guanciale
4565,react server components vs client components rendering
4566,slow cooker beef stew with red wine reduction
4567,exoplanet discovery via transit photometry method
4568,postgres query plan analysis and index optimization
4569,postgres query plan analysis and index optimization
4570,pasta carbonara authentic roman recipe with guanciale
4571,react server components vs client components rendering
4572,homemade sourdough bread baking guide and recipe
4573,black hole accretion disk thermal emission spectrum
4574,vegetarian curry with chickpeas and coconut milk
4575,slow cooker beef stew with red wine reduction
4576,galaxy rotation curves and dark matter halo evidence
4577,react server components vs client components rendering
4578,python decorators explained with practical examples
4579,supernova remnant observed in the crab nebula
4580,rust ownership and borrowing fundamentals tutorial
4581,python decorators explained with practical examples
4582,slow cooker beef stew with red wine reduction
4583,best knife sharpening techniques for kitchen blades
4584,galaxy rotation curves and dark matter halo evidence
4585,supernova remnant observed in the crab nebula
4586,supernova remnant observed in the crab nebula
4587,python decorators explained with practical examples
4588,rust ownership and borrowing fundamentals tutorial
4589,best knife sharpening techniques for kitchen blades
4590,supernova remnant observed in the crab nebula
4591,postgres query plan analysis and index optimization
4592,kubernetes pod networking and service discovery
4593,react server components vs client components rendering
4594,pasta carbonara authentic roman recipe with guanciale
4595,pasta carbonara authentic roman recipe with guanciale
4596,vegetarian curry with chickpeas and coconut milk
4597,galaxy rotation curves and dark matter halo evidence
4598,rust ownership and borrowing fundamentals tutorial
4599,exoplanet discovery via transit photometry method
4600,python decorators explained with practical examples
4601,rust ownership and borrowing fundamentals tutorial
4602,rust ownership and borrowing fundamentals tutorial
4603,exoplanet discovery via transit photometry method
4604,exoplanet discovery via transit photometry method
4605,homemade sourdough bread baking guide and recipe
4606,slow cooker beef stew with red wine reduction
4607,black hole accretion disk thermal emission spectrum
4608,best knife sharpening techniques for kitchen blades
4609,vegetarian curry with chickpeas and coconut milk
4610,python decorators explained with practical examples
4611,python decorators explained with practical examples
4612,slow cooker beef stew with red wine reduction
4613,galaxy rotation curves and dark matter halo evidence
4614,pasta carbonara authentic roman recipe with guanciale
4615,react server components vs client components rendering
4616,cosmic microwave background polarization measurements
4617,black hole accretion disk thermal emission spectrum
4618,supernova remnant observed in the crab nebula
4619,slow cooker beef stew with red wine reduction
4620,cosmic microwave background polarization measurements
4621,slow cooker beef stew with red wine reduction
4622,postgres query plan analysis and index optimization
4623,cosmic microwave background polarization measurements
4624,exoplanet discovery via transit photometry method
4625,vegetarian curry with chickpeas and coconut milk
4626,rust ownership and borrowing fundamentals tutorial
4627,pasta carbonara authentic roman recipe with guanciale
4628,best knife sharpening techniques for kitchen blades
4629,slow cooker beef stew with red wine reduction
4630,slow cooker beef stew with red wine reduction
4631,black hole accretion disk thermal emission spectrum
4632,postgres query plan analysis and index optimization
4633,react server components vs client components rendering
4634,galaxy rotation curves and dark matter halo evidence
4635,exoplanet discovery via transit photometry method
4636,postgres query plan analysis and index optimization
4637,slow cooker beef stew with red wine reduction
4638,react server components vs client components rendering
4639,homemade sourdough bread baking guide and recipe
4640,vegetarian curry with chickpeas and coconut milk
4641,kubernetes pod networking and service discovery
4642,black hole accretion disk thermal emission spectrum
4643,cosmic microwave background polarization measurements
4644,best knife sharpening techniques for kitchen blades
4645,python decorators explained with practical examples
4646,supernova remnant observed in the crab nebula
4647,python decorators explained with practical examples
4648,postgres query plan analysis and index optimization
4649,best knife sharpening techniques for kitchen blades
4650,best knife sharpening techniques for kitchen blades
4651,black hole accretion disk thermal emission spectrum
4652,pasta carbonara authentic roman recipe with guanciale
4653,galaxy rotation curves and dark matter halo evidence
4654,homemade sourdough bread baking guide and recipe
4655,homemade sourdough bread baking guide and recipe
4656,react server components vs client components rendering
4657,rust ownership and borrowing fundamentals tutorial
4658,python decorators explained with practical examples
4659,kubernetes pod networking and service discovery
4660,cosmic microwave background polarization measurements
4661,best knife sharpening techniques for kitchen blades
4662,black hole accretion disk thermal emission spectrum
4663,react server components vs client components rendering
4664,vegetarian curry with chickpeas and coconut milk
4665,rust ownership and borrowing fundamentals tutorial
4666,cosmic microwave background polarization measurements
4667,vegetarian curry with chickpeas and coconut milk
4668,rust ownership and borrowing fundamentals tutorial
4669,galaxy rotation curves and dark matter halo evidence
4670,kubernetes pod networking and service discovery
4671,exoplanet discovery via transit photometry method
4672,slow cooker beef stew with red wine reduction
4673,pasta carbonara authentic roman recipe with guanciale
4674,python decorators explained with practical examples
4675,best knife sharpening techniques for kitchen blades
4676,python decorators explained with practical examples
4677,react server components vs client components rendering
4678,cosmic microwave background polarization measurements
4679,rust ownership and borrowing fundamentals tutorial
4680,kubernetes pod networking and service discovery
4681,galaxy rotation curves and dark matter halo evidence
4682,slow cooker beef stew with red wine reduction
4683,black hole accretion disk thermal emission spectrum
4684,python decorators explained with practical examples
4685,postgres query plan analysis and index optimization
4686,python decorators explained with practical examples
4687,pasta carbonara authentic roman recipe with guanciale
4688,homemade sourdough bread baking guide and recipe
4689,pasta carbonara authentic roman recipe with guanciale
4690,slow cooker beef stew with red wine reduction
4691,rust ownership and borrowing fundamentals tutorial
4692,cosmic microwave background polarization measurements
4693,python decorators explained with practical examples
4694,kubernetes pod networking and service discovery
4695,react server components vs client components rendering
4696,slow cooker beef stew with red wine reduction
4697,react server components vs client components rendering
4698,python decorators explained with practical examples
4699,slow cooker beef stew with red wine reduction
4700,react server components vs client components rendering
4701,kubernetes pod networking and service discovery
4702,kubernetes pod networking and service discovery
4703,react server components vs client components rendering
4704,cosmic microwave background polarization measurements
4705,cosmic microwave background polarization measurements
4706,slow cooker beef stew with red wine reduction
4707,best knife sharpening techniques for kitchen blades
4708,best knife sharpening techniques for kitchen blades
4709,vegetarian curry with chickpeas and coconut milk
4710,best knife sharpening techniques for kitchen blades
4711,vegetarian curry with chickpeas and coconut milk
4712,cosmic microwave background polarization measurements
4713,black hole accretion disk thermal emission spectrum
4714,cosmic microwave background polarization measurements
4715,kubernetes pod networking and service discovery
4716,vegetarian curry with chickpeas and coconut milk
4717,cosmic microwave background polarization measurements
4718,exoplanet discovery via transit photometry method
4719,homemade sourdough bread baking guide and recipe
4720,rust ownership and borrowing fundamentals tutorial
4721,best knife sharpening techniques for kitchen blades
4722,slow cooker beef stew with red wine reduction
4723,react server components vs client components rendering
4724,black hole accretion disk thermal emission spectrum
4725,homemade sourdough bread baking guide and recipe
4726,supernova remnant observed in the crab nebula
4727,supernova remnant observed in the crab nebula
4728,vegetarian curry with chickpeas and coconut milk
4729,python decorators explained with practical examples
4730,exoplanet discovery via transit photometry method
4731,exoplanet discovery via transit photometry method
4732,postgres query plan analysis and index optimization
4733,homemade sourdough bread baking guide and recipe
4734,vegetarian curry with chickpeas and coconut milk
4735,python decorators explained with practical examples
4736,pasta carbonara authentic roman recipe with guanciale
4737,pasta carbonara authentic roman recipe with guanciale
4738,kubernetes pod networking and service discovery
4739,best knife sharpening techniques for kitchen blades
4740,cosmic microwave background polarization measurements
4741,rust ownership and borrowing fundamentals tutorial
4742,slow cooker beef stew with red wine reduction
4743,pasta carbonara authentic roman recipe with guanciale
4744,react server components vs client components rendering
4745,galaxy rotation curves and dark matter halo evidence
4746,pasta carbonara authentic roman recipe with guanciale
4747,black hole accretion disk thermal emission spectrum
4748,supernova remnant observed in the crab nebula
4749,react server components vs client components rendering
4750,homemade sourdough bread baking guide and recipe
4751,kubernetes pod networking and service discovery
4752,vegetarian curry with chickpeas and coconut milk
4753,exoplanet discovery via transit photometry method
4754,cosmic microwave background polarization measurements
4755,galaxy rotation curves and dark matter halo evidence
4756,galaxy rotation curves and dark matter halo evidence
4757,slow cooker beef stew with red wine reduction
4758,rust ownership and borrowing fundamentals tutorial
4759,supernova remnant observed in the crab nebula
4760,rust ownership and borrowing fundamentals tutorial
4761,cosmic microwave background polarization measurements
4762,python decorators explained with practical examples
4763,galaxy rotation curves and dark matter halo evidence
4764,exoplanet discovery via transit photometry method
4765,postgres query plan analysis and index optimization
4766,pasta carbonara authentic roman recipe with guanciale
4767,vegetarian curry with chickpeas and coconut milk
4768,best knife sharpening techniques for kitchen blades
4769,black hole accretion disk thermal emission spectrum
4770,python decorators explained with practical examples
4771,python decorators explained with practical examples
4772,vegetarian curry with chickpeas and coconut milk
4773,pasta carbonara authentic roman recipe with guanciale
4774,kubernetes pod networking and service discovery
4775,python decorators explained with practical examples
4776,vegetarian curry with chickpeas and coconut milk
4777,postgres query plan analysis and index optimization
4778,kubernetes pod networking and service discovery
4779,vegetarian curry with chickpeas and coconut milk
4780,best knife sharpening techniques for kitchen blades
4781,supernova remnant observed in the crab nebula
4782,slow cooker beef stew with red wine reduction
4783,black hole accretion disk thermal emission spectrum
4784,homemade sourdough bread baking guide and recipe
4785,exoplanet discovery via transit photometry method
4786,python decorators explained with practical examples
4787,black hole accretion disk thermal emission spectrum
4788,homemade sourdough bread baking guide and recipe
4789,python decorators explained with practical examples
4790,kubernetes pod networking and service discovery
4791,kubernetes pod networking and service discovery
4792,vegetarian curry with chickpeas and coconut milk
4793,galaxy rotation curves and dark matter halo evidence
4794,cosmic microwave background polarization measurements
4795,kubernetes pod networking and service discovery
4796,exoplanet discovery via transit photometry method
4797,black hole accretion disk thermal emission spectrum
4798,cosmic microwave background polarization measurements
4799,react server components vs client components rendering
4800,cosmic microwave background polarization measurements
4801,rust ownership and borrowing fundamentals tutorial
4802,galaxy rotation curves and dark matter halo evidence
4803,pasta carbonara authentic roman recipe with guanciale
4804,slow cooker beef stew with red wine reduction
4805,react server components vs client components rendering
4806,homemade sourdough bread baking guide and recipe
4807,vegetarian curry with chickpeas and coconut milk
4808,best knife sharpening techniques for kitchen blades
4809,react server components vs client components rendering
4810,exoplanet discovery via transit photometry method
4811,rust ownership and borrowing fundamentals tutorial
4812,vegetarian curry with chickpeas and coconut milk
4813,pasta carbonara authentic roman recipe with guanciale
4814,black hole accretion disk thermal emission spectrum
4815,postgres query plan analysis and index optimization
4816,black hole accretion disk thermal emission spectrum
4817,vegetarian curry with chickpeas and coconut milk
4818,galaxy rotation curves and dark matter halo evidence
4819,exoplanet discovery via transit photometry method
4820,slow cooker beef stew with red wine reduction
4821,cosmic microwave background polarization measurements
4822,black hole accretion disk thermal emission spectrum
4823,vegetarian curry with chickpeas and coconut milk
4824,react server components vs client components rendering
4825,slow cooker beef stew with red wine reduction
4826,rust ownership and borrowing fundamentals tutorial
4827,homemade sourdough bread baking guide and recipe
4828,pasta carbonara authentic roman recipe with guanciale
4829,supernova remnant observed in the crab nebula
4830,vegetarian curry with chickpeas and coconut milk
4831,rust ownership and borrowing fundamentals tutorial
4832,rust ownership and borrowing fundamentals tutorial
4833,react server components vs client components rendering
4834,react server components vs client components rendering
4835,best knife sharpening techniques for kitchen blades
4836,python decorators explained with practical examples
4837,homemade sourdough bread baking guide and recipe
4838,exoplanet discovery via transit photometry method
4839,vegetarian curry with chickpeas and coconut milk
4840,supernova remnant observed in the crab nebula
4841,cosmic microwave background polarization measurements
4842,rust ownership and borrowing fundamentals tutorial
4843,postgres query plan analysis and index optimization
4844,pasta carbonara authentic roman recipe with guanciale
4845,supernova remnant observed in the crab nebula
4846,exoplanet discovery via transit photometry method
4847,kubernetes pod networking and service discovery
4848,postgres query plan analysis and index optimization
4849,slow cooker beef stew with red wine reduction
4850,python decorators explained with practical examples
4851,best knife sharpening techniques for kitchen blades
4852,pasta carbonara authentic roman recipe with guanciale
4853,supernova remnant observed in the crab nebula
4854,kubernetes pod networking and service discovery
4855,rust ownership and borrowing fundamentals tutorial
4856,postgres query plan analysis and index optimization
4857,black hole accretion disk thermal emission spectrum
4858,black hole accretion disk thermal emission spectrum
4859,slow cooker beef stew with red wine reduction
4860,python decorators explained with practical examples
4861,react server components vs client components rendering
4862,supernova remnant observed in the crab nebula
4863,exoplanet discovery via transit photometry method
4864,react server components vs client components rendering
4865,exoplanet discovery via transit photometry method
4866,exoplanet discovery via transit photometry method
4867,supernova remnant observed in the crab nebula
4868,cosmic microwave background polarization measurements
4869,best knife sharpening techniques for kitchen blades
4870,best knife sharpening techniques for kitchen blades
4871,galaxy rotation curves and dark matter halo evidence
4872,kubernetes pod networking and service discovery
4873,black hole accretion disk thermal emission spectrum
4874,slow cooker beef stew with red wine reduction
4875,best knife sharpening techniques for kitchen blades
4876,homemade sourdough bread baking guide and recipe
4877,kubernetes pod networking and service discovery
4878,galaxy rotation curves and dark matter halo evidence
4879,react server components vs client components rendering
4880,rust ownership and borrowing fundamentals tutorial
4881,exoplanet discovery via transit photometry method
4882,python decorators explained with practical examples
4883,black hole accretion disk thermal emission spectrum
4884,pasta carbonara authentic roman recipe with guanciale
4885,exoplanet discovery via transit photometry method
4886,python decorators explained with practical examples
4887,rust ownership and borrowing fundamentals tutorial
4888,best knife sharpening techniques for kitchen blades
4889,exoplanet discovery via transit photometry method
4890,homemade sourdough bread baking guide and recipe
4891,python decorators explained with practical examples
4892,react server components vs client components rendering
4893,vegetarian curry with chickpeas and coconut milk
4894,cosmic microwave background polarization measurements
4895,slow cooker beef stew with red wine reduction
4896,vegetarian curry with chickpeas and coconut milk
4897,vegetarian curry with chickpeas and coconut milk
4898,galaxy rotation curves and dark matter halo evidence
4899,best knife sharpening techniques for kitchen blades
4900,galaxy rotation curves and dark matter halo evidence
4901,python decorators explained with practical examples
4902,python decorators explained with practical examples
4903,supernova remnant observed in the crab nebula
4904,homemade sourdough bread baking guide and recipe
4905,slow cooker beef stew with red wine reduction
4906,homemade sourdough bread baking guide and recipe
4907,best knife sharpening techniques for kitchen blades
4908,supernova remnant observed in the crab nebula
4909,kubernetes pod networking and service discovery
4910,supernova remnant observed in the crab nebula
4911,black hole accretion disk thermal emission spectrum
4912,react server components vs client components rendering
4913,pasta carbonara authentic roman recipe with guanciale
4914,pasta carbonara authentic roman recipe with guanciale
4915,supernova remnant observed in the crab nebula
4916,postgres query plan analysis and index optimization
4917,python decorators explained with practical examples
4918,cosmic microwave background polarization measurements
4919,black hole accretion disk thermal emission spectrum
4920,vegetarian curry with chickpeas and coconut milk
4921,galaxy rotation curves and dark matter halo evidence
4922,slow cooker beef stew with red wine reduction
4923,black hole accretion disk thermal emission spectrum
4924,exoplanet discovery via transit photometry method
4925,homemade sourdough bread baking guide and recipe
4926,best knife sharpening techniques for kitchen blades
4927,homemade sourdough bread baking guide and recipe
4928,best knife sharpening techniques for kitchen blades
4929,supernova remnant observed in the crab nebula
4930,rust ownership and borrowing fundamentals tutorial
4931,pasta carbonara authentic roman recipe with guanciale
4932,vegetarian curry with chickpeas and coconut milk
4933,galaxy rotation curves and dark matter halo evidence
4934,best knife sharpening techniques for kitchen blades
4935,galaxy rotation curves and dark matter halo evidence
4936,kubernetes pod networking and service discovery
4937,vegetarian curry with chickpeas and coconut milk
4938,postgres query plan analysis and index optimization
4939,best knife sharpening techniques for kitchen blades
4940,best knife sharpening techniques for kitchen blades
4941,galaxy rotation curves and dark matter halo evidence
4942,cosmic microwave background polarization measurements
4943,vegetarian curry with chickpeas and coconut milk
4944,rust ownership and borrowing fundamentals tutorial
4945,homemade sourdough bread baking guide and recipe
4946,pasta carbonara authentic roman recipe with guanciale
4947,postgres query plan analysis and index optimization
4948,react server components vs client components rendering
4949,best knife sharpening techniques for kitchen blades
4950,python decorators explained with practical examples
4951,slow cooker beef stew with red wine reduction
4952,black hole accretion disk thermal emission spectrum
4953,slow cooker beef stew with red wine reduction
4954,slow cooker beef stew with red wine reduction
4955,black hole accretion disk thermal emission spectrum
4956,vegetarian curry with chickpeas and coconut milk
4957,postgres query plan analysis and index optimization
4958,react server components vs client components rendering
4959,rust ownership and borrowing fundamentals tutorial
4960,slow cooker beef stew with red wine reduction
4961,black hole accretion disk thermal emission spectrum
4962,rust ownership and borrowing fundamentals tutorial
4963,react server components vs client components rendering
4964,cosmic microwave background polarization measurements
4965,homemade sourdough bread baking guide and recipe
4966,galaxy rotation curves and dark matter halo evidence
4967,exoplanet discovery via transit photometry method
4968,homemade sourdough bread baking guide and recipe
4969,best knife sharpening techniques for kitchen blades
4970,best knife sharpening techniques for kitchen blades
4971,vegetarian curry with chickpeas and coconut milk
4972,best knife sharpening techniques for kitchen blades
4973,python decorators explained with practical examples
4974,kubernetes pod networking and service discovery
4975,exoplanet discovery via transit photometry method
4976,pasta carbonara authentic roman recipe with guanciale
4977,vegetarian curry with chickpeas and coconut milk
4978,rust ownership and borrowing fundamentals tutorial
4979,exoplanet discovery via transit photometry method
4980,pasta carbonara authentic roman recipe with guanciale
4981,black hole accretion disk thermal emission spectrum
4982,python decorators explained with practical examples
4983,cosmic microwave background polarization measurements
4984,galaxy rotation curves and dark matter halo evidence
4985,galaxy rotation curves and dark matter halo evidence
4986,react server components vs client components rendering
4987,supernova remnant observed in the crab nebula
4988,slow cooker beef stew with red wine reduction
4989,exoplanet discovery via transit photometry method
4990,python decorators explained with practical examples
4991,kubernetes pod networking and service discovery
4992,homemade sourdough bread baking guide and recipe
4993,cosmic microwave background polarization measurements
4994,exoplanet discovery via transit photometry method
4995,cosmic microwave background polarization measurements
4996,pasta carbonara authentic roman recipe with guanciale
4997,vegetarian curry with chickpeas and coconut milk
4998,supernova remnant observed in the crab nebula
4999,galaxy rotation curves and dark matter halo evidence
5000,supernova remnant observed in the crab nebula
5001,black hole accretion disk thermal emission spectrum
5002,python decorators explained with practical examples
5003,react server components vs client components rendering
5004,kubernetes pod networking and service discovery
5005,rust ownership and borrowing fundamentals tutorial
5006,black hole accretion disk thermal emission spectrum
5007,postgres query plan analysis and index optimization
5008,rust ownership and borrowing fundamentals tutorial
5009,rust ownership and borrowing fundamentals tutorial
5010,postgres query plan analysis and index optimization
5011,vegetarian curry with chickpeas and coconut milk
5012,supernova remnant observed in the crab nebula
5013,vegetarian curry with chickpeas and coconut milk
5014,kubernetes pod networking and service discovery
5015,slow cooker beef stew with red wine reduction
5016,slow cooker beef stew with red wine reduction
5017,postgres query plan analysis and index optimization
5018,pasta carbonara authentic roman recipe with guanciale
5019,postgres query plan analysis and index optimization
5020,black hole accretion disk thermal emission spectrum
5021,supernova remnant observed in the crab nebula
5022,python decorators explained with practical examples
5023,homemade sourdough bread baking guide and recipe
5024,supernova remnant observed in the crab nebula
5025,black hole accretion disk thermal emission spectrum
5026,cosmic microwave background polarization measurements
5027,kubernetes pod networking and service discovery
5028,rust ownership and borrowing fundamentals tutorial
5029,vegetarian curry with chickpeas and coconut milk
5030,python decorators explained with practical examples
5031,pasta carbonara authentic roman recipe with guanciale
5032,homemade sourdough bread baking guide and recipe
5033,best knife sharpening techniques for kitchen blades
5034,black hole accretion disk thermal emission spectrum
5035,rust ownership and borrowing fundamentals tutorial
5036,galaxy rotation curves and dark matter halo evidence
5037,react server components vs client components rendering
5038,postgres query plan analysis and index optimization
5039,slow cooker beef stew with red wine reduction
5040,pasta carbonara authentic roman recipe with guanciale
5041,react server components vs client components rendering
5042,exoplanet discovery via transit photometry method
5043,rust ownership and borrowing fundamentals tutorial
5044,cosmic microwave background polarization measurements
5045,supernova remnant observed in the crab nebula
5046,galaxy rotation curves and dark matter halo evidence
5047,slow cooker beef stew with red wine reduction
5048,homemade sourdough bread baking guide and recipe
5049,black hole accretion disk thermal emission spectrum
5050,exoplanet discovery via transit photometry method
5051,postgres query plan analysis and index optimization
5052,black hole accretion disk thermal emission spectrum
5053,kubernetes pod networking and service discovery
5054,postgres query plan analysis and index optimization
5055,black hole accretion disk thermal emission spectrum
5056,supernova remnant observed in the crab nebula
5057,homemade sourdough bread baking guide and recipe
5058,pasta carbonara authentic roman recipe with guanciale
5059,cosmic microwave background polarization measurements
5060,pasta carbonara authentic roman recipe with guanciale
5061,best knife sharpening techniques for kitchen blades
5062,black hole accretion disk thermal emission spectrum
5063,slow cooker beef stew with red wine reduction
5064,python decorators explained with practical examples
5065,best knife sharpening techniques for kitchen blades
5066,rust ownership and borrowing fundamentals tutorial
5067,galaxy rotation curves and dark matter halo evidence
5068,rust ownership and borrowing fundamentals tutorial
5069,python decorators explained with practical examples
5070,galaxy rotation curves and dark matter halo evidence
5071,exoplanet discovery via transit photometry method
5072,cosmic microwave background polarization measurements
5073,vegetarian curry with chickpeas and coconut milk
5074,pasta carbonara authentic roman recipe with guanciale
5075,best knife sharpening techniques for kitchen blades
5076,exoplanet discovery via transit photometry method
5077,homemade sourdough bread baking guide and recipe
5078,galaxy rotation curves and dark matter halo evidence
5079,black hole accretion disk thermal emission spectrum
5080,rust ownership and borrowing fundamentals tutorial
5081,rust ownership and borrowing fundamentals tutorial
5082,supernova remnant observed in the crab nebula
5083,rust ownership and borrowing fundamentals tutorial
5084,postgres query plan analysis and index optimization
5085,homemade sourdough bread baking guide and recipe
5086,pasta carbonara authentic roman recipe with guanciale
5087,cosmic microwave background polarization measurements
5088,vegetarian curry with chickpeas and coconut milk
5089,react server components vs client components rendering
5090,kubernetes pod networking and service discovery
5091,react server components vs client components rendering
5092,postgres query plan analysis and index optimization
5093,kubernetes pod networking and service discovery
5094,kubernetes pod networking and service discovery
5095,exoplanet discovery via transit photometry method
5096,black hole accretion disk thermal emission spectrum
5097,rust ownership and borrowing fundamentals tutorial
5098,galaxy rotation curves and dark matter halo evidence
5099,rust ownership and borrowing fundamentals tutorial
5100,vegetarian curry with chickpeas and coconut milk
5101,best knife sharpening techniques for kitchen blades
5102,homemade sourdough bread baking guide and recipe
5103,best knife sharpening techniques for kitchen blades
5104,supernova remnant observed in the crab nebula
5105,exoplanet discovery via transit photometry method
5106,python decorators explained with practical examples
5107,exoplanet discovery via transit photometry method
5108,exoplanet discovery via transit photometry method
5109,kubernetes pod networking and service discovery
5110,python decorators explained with practical examples
5111,rust ownership and borrowing fundamentals tutorial
5112,kubernetes pod networking and service discovery
5113,python decorators explained with practical examples
5114,kubernetes pod networking and service discovery
5115,pasta carbonara authentic roman recipe with guanciale
5116,vegetarian curry with chickpeas and coconut milk
5117,black hole accretion disk thermal emission spectrum
5118,exoplanet discovery via transit photometry method
5119,galaxy rotation curves and dark matter halo evidence
5120,homemade sourdough bread baking guide and recipe
5121,python decorators explained with practical examples
5122,exoplanet discovery via transit photometry method
5123,python decorators explained with practical examples
5124,vegetarian curry with chickpeas and coconut milk
5125,python decorators explained with practical examples
5126,black hole accretion disk thermal emission spectrum
5127,slow cooker beef stew with red wine reduction
5128,exoplanet discovery via transit photometry method
5129,python decorators explained with practical examples
5130,react server components vs client components rendering
5131,exoplanet discovery via transit photometry method
5132,postgres query plan analysis and index optimization
5133,exoplanet discovery via transit photometry method
5134,rust ownership and borrowing fundamentals tutorial
5135,postgres query plan analysis and index optimization
5136,postgres query plan analysis and index optimization
5137,kubernetes pod networking and service discovery
5138,react server components vs client components rendering
5139,cosmic microwave background polarization measurements
5140,rust ownership and borrowing fundamentals tutorial
5141,cosmic microwave background polarization measurements
5142,vegetarian curry with chickpeas and coconut milk
5143,black hole accretion disk thermal emission spectrum
5144,galaxy rotation curves and dark matter halo evidence
5145,supernova remnant observed in the crab nebula
5146,vegetarian curry with chickpeas and coconut milk
5147,exoplanet discovery via transit photometry method
5148,react server components vs client components rendering
5149,postgres query plan analysis and index optimization
5150,cosmic microwave background polarization measurements
5151,python decorators explained with practical examples
5152,kubernetes pod networking and service discovery
5153,slow cooker beef stew with red wine reduction
5154,supernova remnant observed in the crab nebula
5155,homemade sourdough bread baking guide and recipe
5156,exoplanet discovery via transit photometry method
5157,black hole accretion disk thermal emission spectrum
5158,black hole accretion disk thermal emission spectrum
5159,vegetarian curry with chickpeas and coconut milk
5160,best knife sharpening techniques for kitchen blades
5161,python decorators explained with practical examples
5162,pasta carbonara authentic roman recipe with guanciale
5163,supernova remnant observed in the crab nebula
5164,pasta carbonara authentic roman recipe with guanciale
5165,exoplanet discovery via transit photometry method
5166,homemade sourdough bread baking guide and recipe
5167,cosmic microwave background polarization measurements
5168,supernova remnant observed in the crab nebula
5169,slow cooker beef stew with red wine reduction
5170,slow cooker beef stew with red wine reduction
5171,react server components vs client components rendering
5172,postgres query plan analysis and index optimization
5173,black hole accretion disk thermal emission spectrum
5174,postgres query plan analysis and index optimization
5175,best knife sharpening techniques for kitchen blades
5176,kubernetes pod networking and service discovery
5177,best knife sharpening techniques for kitchen blades
5178,slow cooker beef stew with red wine reduction
5179,cosmic microwave background polarization measurements
5180,homemade sourdough bread baking guide and recipe
5181,pasta carbonara authentic roman recipe with guanciale
5182,python decorators explained with practical examples
5183,slow cooker beef stew with red wine reduction
5184,homemade sourdough bread baking guide and recipe
5185,python decorators explained with practical examples
5186,galaxy rotation curves and dark matter halo evidence
5187,postgres query plan analysis and index optimization
5188,postgres query plan analysis and index optimization
5189,python decorators explained with practical examples
5190,exoplanet discovery via transit photometry method
5191,python decorators explained with practical examples
5192,exoplanet discovery via transit photometry method
5193,slow cooker beef stew with red wine reduction
5194,vegetarian curry with chickpeas and coconut milk
5195,exoplanet discovery via transit photometry method
5196,black hole accretion disk thermal emission spectrum
5197,vegetarian curry with chickpeas and coconut milk
5198,galaxy rotation curves and dark matter halo evidence
5199,homemade sourdough bread baking guide and recipe
5200,slow cooker beef stew with red wine reduction
5201,black hole accretion disk thermal emission spectrum
5202,slow cooker beef stew with red wine reduction
5203,postgres query plan analysis and index optimization
5204,postgres query plan analysis and index optimization
5205,best knife sharpening techniques for kitchen blades
5206,python decorators explained with practical examples
5207,best knife sharpening techniques for kitchen blades
5208,black hole accretion disk thermal emission spectrum
5209,react server components vs client components rendering
5210,rust ownership and borrowing fundamentals tutorial
5211,vegetarian curry with chickpeas and coconut milk
5212,rust ownership and borrowing fundamentals tutorial
5213,kubernetes pod networking and service discovery
5214,vegetarian curry with chickpeas and coconut milk
5215,vegetarian curry with chickpeas and coconut milk
5216,exoplanet discovery via transit photometry method
5217,homemade sourdough bread baking guide and recipe
5218,cosmic microwave background polarization measurements
5219,react server components vs client components rendering
5220,vegetarian curry with chickpeas and coconut milk
5221,supernova remnant observed in the crab nebula
5222,kubernetes pod networking and service discovery
5223,black hole accretion disk thermal emission spectrum
5224,best knife sharpening techniques for kitchen blades
5225,homemade sourdough bread baking guide and recipe
5226,kubernetes pod networking and service discovery
5227,python decorators explained with practical examples
5228,rust ownership and borrowing fundamentals tutorial
5229,react server components vs client components rendering
5230,vegetarian curry with chickpeas and coconut milk
5231,pasta carbonara authentic roman recipe with guanciale
5232,postgres query plan analysis and index optimization
5233,postgres query plan analysis and index optimization
5234,black hole accretion disk thermal emission spectrum
5235,python decorators explained with practical examples
5236,vegetarian curry with chickpeas and coconut milk
5237,galaxy rotation curves and dark matter halo evidence
5238,postgres query plan analysis and index optimization
5239,pasta carbonara authentic roman recipe with guanciale
5240,exoplanet discovery via transit photometry method
5241,postgres query plan analysis and index optimization
5242,best knife sharpening techniques for kitchen blades
5243,exoplanet discovery via transit photometry method
5244,homemade sourdough bread baking guide and recipe
5245,homemade sourdough bread baking guide and recipe
5246,kubernetes pod networking and service discovery
5247,postgres query plan analysis and index optimization
5248,best knife sharpening techniques for kitchen blades
5249,supernova remnant observed in the crab nebula
5250,homemade sourdough bread baking guide and recipe
5251,vegetarian curry with chickpeas and coconut milk
5252,vegetarian curry with chickpeas and coconut milk
5253,homemade sourdough bread baking guide and recipe
5254,homemade sourdough bread baking guide and recipe
5255,homemade sourdough bread baking guide and recipe
5256,cosmic microwave background polarization measurements
5257,homemade sourdough bread baking guide and recipe
5258,slow cooker beef stew with red wine reduction
5259,react server components vs client components rendering
5260,cosmic microwave background polarization measurements
5261,react server components vs client components rendering
5262,slow cooker beef stew with red wine reduction
5263,black hole accretion disk thermal emission spectrum
5264,python decorators explained with practical examples
5265,best knife sharpening techniques for kitchen blades
5266,cosmic microwave background polarization measurements
5267,slow cooker beef stew with red wine reduction
5268,homemade sourdough bread baking guide and recipe
5269,rust ownership and borrowing fundamentals tutorial
5270,galaxy rotation curves and dark matter halo evidence
5271,slow cooker beef stew with red wine reduction
5272,kubernetes pod networking and service discovery
5273,best knife sharpening techniques for kitchen blades
5274,best knife sharpening techniques for kitchen blades
5275,rust ownership and borrowing fundamentals tutorial
5276,best knife sharpening techniques for kitchen blades
5277,cosmic microwave background polarization measurements
5278,kubernetes pod networking and service discovery
5279,python decorators explained with practical examples
5280,best knife sharpening techniques for kitchen blades
5281,pasta carbonara authentic roman recipe with guanciale
5282,react server components vs client components rendering
5283,best knife sharpening techniques for kitchen blades
5284,postgres query plan analysis and index optimization
5285,black hole accretion disk thermal emission spectrum
5286,exoplanet discovery via transit photometry method
5287,best knife sharpening techniques for kitchen blades
5288,best knife sharpening techniques for kitchen blades
5289,black hole accretion disk thermal emission spectrum
5290,rust ownership and borrowing fundamentals tutorial
5291,react server components vs client components rendering
5292,black hole accretion disk thermal emission spectrum
5293,galaxy rotation curves and dark matter halo evidence
5294,rust ownership and borrowing fundamentals tutorial
5295,postgres query plan analysis and index optimization
5296,slow cooker beef stew with red wine reduction
5297,galaxy rotation curves and dark matter halo evidence
5298,best knife sharpening techniques for kitchen blades
5299,slow cooker beef stew with red wine reduction
5300,react server components vs client components rendering
5301,supernova remnant observed in the crab nebula
5302,rust ownership and borrowing fundamentals tutorial
5303,react server components vs client components rendering
5304,exoplanet discovery via transit photometry method
5305,galaxy rotation curves and dark matter halo evidence
5306,slow cooker beef stew with red wine reduction
5307,best knife sharpening techniques for kitchen blades
5308,python decorators explained with practical examples
5309,galaxy rotation curves and dark matter halo evidence
5310,homemade sourdough bread baking guide and recipe
5311,rust ownership and borrowing fundamentals tutorial
5312,postgres query plan analysis and index optimization
5313,galaxy rotation curves and dark matter halo evidence
5314,pasta carbonara authentic roman recipe with guanciale
5315,best knife sharpening techniques for kitchen blades
5316,rust ownership and borrowing fundamentals tutorial
5317,kubernetes pod networking and service discovery
5318,exoplanet discovery via transit photometry method
5319,postgres query plan analysis and index optimization
5320,supernova remnant observed in the crab nebula
5321,galaxy rotation curves and dark matter halo evidence
5322,postgres query plan analysis and index optimization
5323,supernova remnant observed in the crab nebula
5324,galaxy rotation curves and dark matter halo evidence
5325,rust ownership and borrowing fundamentals tutorial
5326,cosmic microwave background polarization measurements
5327,galaxy rotation curves and dark matter halo evidence
5328,exoplanet discovery via transit photometry method
5329,postgres query plan analysis and index optimization
5330,vegetarian curry with chickpeas and coconut milk
5331,pasta carbonara authentic roman recipe with guanciale
5332,cosmic microwave background polarization measurements
5333,rust ownership and borrowing fundamentals tutorial
5334,best knife sharpening techniques for kitchen blades
5335,slow cooker beef stew with red wine reduction
5336,cosmic microwave background polarization measurements
5337,exoplanet discovery via transit photometry method
5338,react server components vs client components rendering
5339,kubernetes pod networking and service discovery
5340,supernova remnant observed in the crab nebula
5341,rust ownership and borrowing fundamentals tutorial
5342,vegetarian curry with chickpeas and coconut milk
5343,supernova remnant observed in the crab nebula
5344,galaxy rotation curves and dark matter halo evidence
5345,supernova remnant observed in the crab nebula
5346,homemade sourdough bread baking guide and recipe
5347,homemade sourdough bread baking guide and recipe
5348,homemade sourdough bread baking guide and recipe
5349,slow cooker beef stew with red wine reduction
5350,vegetarian curry with chickpeas and coconut milk
5351,rust ownership and borrowing fundamentals tutorial
5352,python decorators explained with practical examples
5353,rust ownership and borrowing fundamentals tutorial
5354,pasta carbonara authentic roman recipe with guanciale
5355,python decorators explained with practical examples
5356,postgres query plan analysis and index optimization
5357,slow cooker beef stew with red wine reduction
5358,slow cooker beef stew with red wine reduction
5359,best knife sharpening techniques for kitchen blades
5360,react server components vs client components rendering
5361,black hole accretion disk thermal emission spectrum
5362,rust ownership and borrowing fundamentals tutorial
5363,black hole accretion disk thermal emission spectrum
5364,python decorators explained with practical examples
5365,slow cooker beef stew with red wine reduction
5366,vegetarian curry with chickpeas and coconut milk
5367,vegetarian curry with chickpeas and coconut milk
5368,react server components vs client components rendering
5369,slow cooker beef stew with red wine reduction
5370,react server components vs client components rendering
5371,homemade sourdough bread baking guide and recipe
5372,slow cooker beef stew with red wine reduction
5373,postgres query plan analysis and index optimization
5374,python decorators explained with practical examples
5375,supernova remnant observed in the crab nebula
5376,react server components vs client components rendering
5377,rust ownership and borrowing fundamentals tutorial
5378,supernova remnant observed in the crab nebula
5379,pasta carbonara authentic roman recipe with guanciale
5380,python decorators explained with practical examples
5381,best knife sharpening techniques for kitchen blades
5382,galaxy rotation curves and dark matter halo evidence
5383,kubernetes pod networking and service discovery
5384,black hole accretion disk thermal emission spectrum
5385,slow cooker beef stew with red wine reduction
5386,python decorators explained with practical examples
5387,vegetarian curry with chickpeas and coconut milk
5388,supernova remnant observed in the crab nebula
5389,pasta carbonara authentic roman recipe with guanciale
5390,python decorators explained with practical examples
5391,best knife sharpening techniques for kitchen blades
5392,cosmic microwave background polarization measurements
5393,python decorators explained with practical examples
5394,rust ownership and borrowing fundamentals tutorial
5395,pasta carbonara authentic roman recipe with guanciale
5396,supernova remnant observed in the crab nebula
5397,kubernetes pod networking and service discovery
5398,exoplanet discovery via transit photometry method
5399,kubernetes pod networking and service discovery
5400,best knife sharpening techniques for kitchen blades
5401,vegetarian curry with chickpeas and coconut milk
5402,kubernetes pod networking and service discovery
5403,postgres query plan analysis and index optimization
5404,exoplanet discovery via transit photometry method
5405,galaxy rotation curves and dark matter halo evidence
5406,supernova remnant observed in the crab nebula
5407,homemade sourdough bread baking guide and recipe
5408,python decorators explained with practical examples
5409,supernova remnant observed in the crab nebula
5410,pasta carbonara authentic roman recipe with guanciale
5411,exoplanet discovery via transit photometry method
5412,homemade sourdough bread baking guide and recipe
5413,kubernetes pod networking and service discovery
5414,exoplanet discovery via transit photometry method
5415,galaxy rotation curves and dark matter halo evidence
5416,vegetarian curry with chickpeas and coconut milk
5417,kubernetes pod networking and service discovery
5418,kubernetes pod networking and service discovery
5419,slow cooker beef stew with red wine reduction
5420,postgres query plan analysis and index optimization
5421,vegetarian curry with chickpeas and coconut milk
5422,homemade sourdough bread baking guide and recipe
5423,rust ownership and borrowing fundamentals tutorial
5424,vegetarian curry with chickpeas and coconut milk
5425,rust ownership and borrowing fundamentals tutorial
5426,best knife sharpening techniques for kitchen blades
5427,supernova remnant observed in the crab nebula
5428,python decorators explained with practical examples
5429,exoplanet discovery via transit photometry method
5430,homemade sourdough bread baking guide and recipe
5431,kubernetes pod networking and service discovery
5432,python decorators explained with practical examples
5433,vegetarian curry with chickpeas and coconut milk
5434,pasta carbonara authentic roman recipe with guanciale
5435,python decorators explained with practical examples
5436,postgres query plan analysis and index optimization
5437,react server components vs client components rendering
5438,react server components vs client components rendering
5439,kubernetes pod networking and service discovery
5440,rust ownership and borrowing fundamentals tutorial
5441,slow cooker beef stew with red wine reduction
5442,vegetarian curry with chickpeas and coconut milk
5443,supernova remnant observed in the crab nebula
5444,postgres query plan analysis and index optimization
5445,react server components vs client components rendering
5446,galaxy rotation curves and dark matter halo evidence
5447,python decorators explained with practical examples
5448,best knife sharpening techniques for kitchen blades
5449,slow cooker beef stew with red wine reduction
5450,black hole accretion disk thermal emission spectrum
5451,pasta carbonara authentic roman recipe with guanciale
5452,react server components vs client components rendering
5453,cosmic microwave background polarization measurements
5454,cosmic microwave background polarization measurements
5455,cosmic microwave background polarization measurements
5456,best knife sharpening techniques for kitchen blades
5457,exoplanet discovery via transit photometry method
5458,vegetarian curry with chickpeas and coconut milk
5459,react server components vs client components rendering
5460,rust ownership and borrowing fundamentals tutorial
5461,python decorators explained with practical examples
5462,homemade sourdough bread baking guide and recipe
5463,vegetarian curry with chickpeas and coconut milk
5464,homemade sourdough bread baking guide and recipe
5465,homemade sourdough bread baking guide and recipe
5466,kubernetes pod networking and service discovery
5467,cosmic microwave background polarization measurements
5468,slow cooker beef stew with red wine reduction
5469,supernova remnant observed in the crab nebula
5470,slow cooker beef stew with red wine reduction
5471,postgres query plan analysis and index optimization
5472,exoplanet discovery via transit photometry method
5473,pasta carbonara authentic roman recipe with guanciale
5474,cosmic microwave background polarization measurements
5475,galaxy rotation curves and dark matter halo evidence
5476,react server components vs client components rendering
5477,pasta carbonara authentic roman recipe with guanciale
5478,postgres query plan analysis and index optimization
5479,homemade sourdough bread baking guide and recipe
5480,python decorators explained with practical examples
5481,galaxy rotation curves and dark matter halo evidence
5482,kubernetes pod networking and service discovery
5483,react server components vs client components rendering
5484,postgres query plan analysis and index optimization
5485,pasta carbonara authentic roman recipe with guanciale
5486,black hole accretion disk thermal emission spectrum
5487,postgres query plan analysis and index optimization
5488,galaxy rotation curves and dark matter halo evidence
5489,python decorators explained with practical examples
5490,black hole accretion disk thermal emission spectrum
5491,cosmic microwave background polarization measurements
5492,cosmic microwave background polarization measurements
5493,supernova remnant observed in the crab nebula
5494,react server components vs client components rendering
5495,supernova remnant observed in the crab nebula
5496,supernova remnant observed in the crab nebula
5497,best knife sharpening techniques for kitchen blades
5498,kubernetes pod networking and service discovery
5499,kubernetes pod networking and service discovery
5500,homemade sourdough bread baking guide and recipe
5501,exoplanet discovery via transit photometry method
5502,supernova remnant observed in the crab nebula
5503,slow cooker beef stew with red wine reduction
5504,black hole accretion disk thermal emission spectrum
5505,react server components vs client components rendering
5506,postgres query plan analysis and index optimization
5507,pasta carbonara authentic roman recipe with guanciale
5508,rust ownership and borrowing fundamentals tutorial
5509,python decorators explained with practical examples
5510,rust ownership and borrowing fundamentals tutorial
5511,react server components vs client components rendering
5512,python decorators explained with practical examples
5513,kubernetes pod networking and service discovery
5514,postgres query plan analysis and index optimization
5515,rust ownership and borrowing fundamentals tutorial
5516,rust ownership and borrowing fundamentals tutorial
5517,postgres query plan analysis and index optimization
5518,python decorators explained with practical examples
5519,postgres query plan analysis and index optimization
5520,postgres query plan analysis and index optimization
5521,exoplanet discovery via transit photometry method
5522,kubernetes pod networking and service discovery
5523,cosmic microwave background polarization measurements
5524,homemade sourdough bread baking guide and recipe
5525,python decorators explained with practical examples
5526,react server components vs client components rendering
5527,postgres query plan analysis and index optimization
5528,pasta carbonara authentic roman recipe with guanciale
5529,cosmic microwave background polarization measurements
5530,rust ownership and borrowing fundamentals tutorial
5531,black hole accretion disk thermal emission spectrum
5532,exoplanet discovery via transit photometry method
5533,kubernetes pod networking and service discovery
5534,exoplanet discovery via transit photometry method
5535,slow cooker beef stew with red wine reduction
5536,slow cooker beef stew with red wine reduction
5537,python decorators explained with practical examples
5538,exoplanet discovery via transit photometry method
5539,exoplanet discovery via transit photometry method
5540,black hole accretion disk thermal emission spectrum
5541,react server components vs client components rendering
5542,rust ownership and borrowing fundamentals tutorial
5543,rust ownership and borrowing fundamentals tutorial
5544,python decorators explained with practical examples
5545,rust ownership and borrowing fundamentals tutorial
5546,pasta carbonara authentic roman recipe with guanciale
5547,vegetarian curry with chickpeas and coconut milk
5548,best knife sharpening techniques for kitchen blades
5549,rust ownership and borrowing fundamentals tutorial
5550,postgres query plan analysis and index optimization
5551,slow cooker beef stew with red wine reduction
5552,postgres query plan analysis and index optimization
5553,cosmic microwave background polarization measurements
5554,homemade sourdough bread baking guide and recipe
5555,vegetarian curry with chickpeas and coconut milk
5556,postgres query plan analysis and index optimization
5557,rust ownership and borrowing fundamentals tutorial
5558,slow cooker beef stew with red wine reduction
5559,best knife sharpening techniques for kitchen blades
5560,slow cooker beef stew with red wine reduction
5561,vegetarian curry with chickpeas and coconut milk
5562,slow cooker beef stew with red wine reduction
5563,exoplanet discovery via transit photometry method
5564,vegetarian curry with chickpeas and coconut milk
5565,galaxy rotation curves and dark matter halo evidence
5566,postgres query plan analysis and index optimization
5567,python decorators explained with practical examples
5568,exoplanet discovery via transit photometry method
5569,supernova remnant observed in the crab nebula
5570,galaxy rotation curves and dark matter halo evidence
5571,rust ownership and borrowing fundamentals tutorial
5572,exoplanet discovery via transit photometry method
5573,black hole accretion disk thermal emission spectrum
5574,black hole accretion disk thermal emission spectrum
5575,best knife sharpening techniques for kitchen blades
5576,vegetarian curry with chickpeas and coconut milk
5577,cosmic microwave background polarization measurements
5578,supernova remnant observed in the crab nebula
5579,vegetarian curry with chickpeas and coconut milk
5580,vegetarian curry with chickpeas and coconut milk
5581,rust ownership and borrowing fundamentals tutorial
5582,vegetarian curry with chickpeas and coconut milk
5583,exoplanet discovery via transit photometry method
5584,cosmic microwave background polarization measurements
5585,galaxy rotation curves and dark matter halo evidence
5586,homemade sourdough bread baking guide and recipe
5587,black hole accretion disk thermal emission spectrum
5588,postgres query plan analysis and index optimization
5589,python decorators explained with practical examples
5590,galaxy rotation curves and dark matter halo evidence
5591,galaxy rotation curves and dark matter halo evidence
5592,pasta carbonara authentic roman recipe with guanciale
5593,exoplanet discovery via transit photometry method
5594,vegetarian curry with chickpeas and coconut milk
5595,rust ownership and borrowing fundamentals tutorial
5596,python decorators explained with practical examples
5597,kubernetes pod networking and service discovery
5598,exoplanet discovery via transit photometry method
5599,rust ownership and borrowing fundamentals tutorial
5600,homemade sourdough bread baking guide and recipe
5601,homemade sourdough bread baking guide and recipe
5602,exoplanet discovery via transit photometry method
5603,galaxy rotation curves and dark matter halo evidence
5604,best knife sharpening techniques for kitchen blades
5605,kubernetes pod networking and service discovery
5606,vegetarian curry with chickpeas and coconut milk
5607,rust ownership and borrowing fundamentals tutorial
5608,kubernetes pod networking and service discovery
5609,homemade sourdough bread baking guide and recipe
5610,homemade sourdough bread baking guide and recipe
5611,black hole accretion disk thermal emission spectrum
5612,python decorators explained with practical examples
5613,kubernetes pod networking and service discovery
5614,exoplanet discovery via transit photometry method
5615,galaxy rotation curves and dark matter halo evidence
5616,supernova remnant observed in the crab nebula
5617,galaxy rotation curves and dark matter halo evidence
5618,black hole accretion disk thermal emission spectrum
5619,galaxy rotation curves and dark matter halo evidence
5620,black hole accretion disk thermal emission spectrum
5621,galaxy rotation curves and dark matter halo evidence
5622,rust ownership and borrowing fundamentals tutorial
5623,rust ownership and borrowing fundamentals tutorial
5624,rust ownership and borrowing fundamentals tutorial
5625,postgres query plan analysis and index optimization
5626,black hole accretion disk thermal emission spectrum
5627,cosmic microwave background polarization measurements
5628,slow cooker beef stew with red wine reduction
5629,kubernetes pod networking and service discovery
5630,cosmic microwave background polarization measurements
5631,kubernetes pod networking and service discovery
5632,homemade sourdough bread baking guide and recipe
5633,cosmic microwave background polarization measurements
5634,supernova remnant observed in the crab nebula
5635,pasta carbonara authentic roman recipe with guanciale
5636,vegetarian curry with chickpeas and coconut milk
5637,exoplanet discovery via transit photometry method
5638,best knife sharpening techniques for kitchen blades
5639,pasta carbonara authentic roman recipe with guanciale
5640,best knife sharpening techniques for kitchen blades
5641,slow cooker beef stew with red wine reduction
5642,kubernetes pod networking and service discovery
5643,cosmic microwave background polarization measurements
5644,black hole accretion disk thermal emission spectrum
5645,python decorators explained with practical examples
5646,slow cooker beef stew with red wine reduction
5647,postgres query plan analysis and index optimization
5648,black hole accretion disk thermal emission spectrum
5649,supernova remnant observed in the crab nebula
5650,react server components vs client components rendering
5651,black hole accretion disk thermal emission spectrum
5652,react server components vs client components rendering
5653,rust ownership and borrowing fundamentals tutorial
5654,slow cooker beef stew with red wine reduction
5655,black hole accretion disk thermal emission spectrum
5656,kubernetes pod networking and service discovery
5657,react server components vs client components rendering
5658,vegetarian curry with chickpeas and coconut milk
5659,black hole accretion disk thermal emission spectrum
5660,supernova remnant observed in the crab nebula
5661,rust ownership and borrowing fundamentals tutorial
5662,galaxy rotation curves and dark matter halo evidence
5663,rust ownership and borrowing fundamentals tutorial
5664,kubernetes pod networking and service discovery
5665,pasta carbonara authentic roman recipe with guanciale
5666,kubernetes pod networking and service discovery
5667,homemade sourdough bread baking guide and recipe
5668,supernova remnant observed in the crab nebula
5669,postgres query plan analysis and index optimization
5670,galaxy rotation curves and dark matter halo evidence
5671,vegetarian curry with chickpeas and coconut milk
5672,exoplanet discovery via transit photometry method
5673,react server components vs client components rendering
5674,galaxy rotation curves and dark matter halo evidence
5675,python decorators explained with practical examples
5676,postgres query plan analysis and index optimization
5677,cosmic microwave background polarization measurements
5678,best knife sharpening techniques for kitchen blades
5679,vegetarian curry with chickpeas and coconut milk
5680,postgres query plan analysis and index optimization
5681,slow cooker beef stew with red wine reduction
5682,galaxy rotation curves and dark matter halo evidence
5683,slow cooker beef stew with red wine reduction
5684,slow cooker beef stew with red wine reduction
5685,best knife sharpening techniques for kitchen blades
5686,postgres query plan analysis and index optimization
5687,supernova remnant observed in the crab nebula
5688,pasta carbonara authentic roman recipe with guanciale
5689,homemade sourdough bread baking guide and recipe
5690,homemade sourdough bread baking guide and recipe
5691,black hole accretion disk thermal emission spectrum
5692,black hole accretion disk thermal emission spectrum
5693,best knife sharpening techniques for kitchen blades
5694,cosmic microwave background polarization measurements
5695,galaxy rotation curves and dark matter halo evidence
5696,homemade sourdough bread baking guide and recipe
5697,slow cooker beef stew with red wine reduction
5698,python decorators explained with practical examples
5699,black hole accretion disk thermal emission spectrum
5700,cosmic microwave background polarization measurements
5701,slow cooker beef stew with red wine reduction
5702,cosmic microwave background polarization measurements
5703,vegetarian curry with chickpeas and coconut milk
5704,best knife sharpening techniques for kitchen blades
5705,vegetarian curry with chickpeas and coconut milk
5706,supernova remnant observed in the crab nebula
5707,postgres query plan analysis and index optimization
5708,slow cooker beef stew with red wine reduction
5709,postgres query plan analysis and index optimization
5710,black hole accretion disk thermal emission spectrum
5711,postgres query plan analysis and index optimization
5712,supernova remnant observed in the crab nebula
5713,homemade sourdough bread baking guide and recipe
5714,supernova remnant observed in the crab nebula
5715,best knife sharpening techniques for kitchen blades
5716,postgres query plan analysis and index optimization
5717,best knife sharpening techniques for kitchen blades
5718,cosmic microwave background polarization measurements
5719,python decorators explained with practical examples
5720,best knife sharpening techniques for kitchen blades
5721,vegetarian curry with chickpeas and coconut milk
5722,python decorators explained with practical examples
5723,vegetarian curry with chickpeas and coconut milk
5724,cosmic microwave background polarization measurements
5725,supernova remnant observed in the crab nebula
5726,slow cooker beef stew with red wine reduction
5727,kubernetes pod networking and service discovery
5728,homemade sourdough bread baking guide and recipe
5729,python decorators explained with practical examples
5730,kubernetes pod networking and service discovery
5731,black hole accretion disk thermal emission spectrum
5732,exoplanet discovery via transit photometry method
5733,exoplanet discovery via transit photometry method
5734,python decorators explained with practical examples
5735,pasta carbonara authentic roman recipe with guanciale
5736,best knife sharpening techniques for kitchen blades
5737,exoplanet discovery via transit photometry method
5738,react server components vs client components rendering
5739,vegetarian curry with chickpeas and coconut milk
5740,black hole accretion disk thermal emission spectrum
5741,exoplanet discovery via transit photometry method
5742,python decorators explained with practical examples
5743,black hole accretion disk thermal emission spectrum
5744,postgres query plan analysis and index optimization
5745,exoplanet discovery via transit photometry method
5746,slow cooker beef stew with red wine reduction
5747,exoplanet discovery via transit photometry method
5748,kubernetes pod networking and service discovery
5749,pasta carbonara authentic roman recipe with guanciale
5750,kubernetes pod networking and service discovery
5751,exoplanet discovery via transit photometry method
5752,python decorators explained with practical examples
5753,kubernetes pod networking and service discovery
5754,pasta carbonara authentic roman recipe with guanciale
5755,vegetarian curry with chickpeas and coconut milk
5756,best knife sharpening techniques for kitchen blades
5757,kubernetes pod networking and service discovery
5758,slow cooker beef stew with red wine reduction
5759,black hole accretion disk thermal emission spectrum
5760,supernova remnant observed in the crab nebula
5761,supernova remnant observed in the crab nebula
5762,vegetarian curry with chickpeas and coconut milk
5763,kubernetes pod networking and service discovery
5764,kubernetes pod networking and service discovery
5765,black hole accretion disk thermal emission spectrum
5766,supernova remnant observed in the crab nebula
5767,pasta carbonara authentic roman recipe with guanciale
5768,slow cooker beef stew with red wine reduction
5769,black hole accretion disk thermal emission spectrum
5770,slow cooker beef stew with red wine reduction
5771,rust ownership and borrowing fundamentals tutorial
5772,supernova remnant observed in the crab nebula
5773,kubernetes pod networking and service discovery
5774,pasta carbonara authentic roman recipe with guanciale
5775,black hole accretion disk thermal emission spectrum
5776,slow cooker beef stew with red wine reduction
5777,best knife sharpening techniques for kitchen blades
5778,galaxy rotation curves and dark matter halo evidence
5779,cosmic microwave background polarization measurements
5780,cosmic microwave background polarization measurements
5781,black hole accretion disk thermal emission spectrum
5782,rust ownership and borrowing fundamentals tutorial
5783,supernova remnant observed in the crab nebula
5784,slow cooker beef stew with red wine reduction
5785,best knife sharpening techniques for kitchen blades
5786,python decorators explained with practical examples
5787,supernova remnant observed in the crab nebula
5788,slow cooker beef stew with red wine reduction
5789,vegetarian curry with chickpeas and coconut milk
5790,postgres query plan analysis and index optimization
5791,supernova remnant observed in the crab nebula
5792,python decorators explained with practical examples
5793,rust ownership and borrowing fundamentals tutorial
5794,best knife sharpening techniques for kitchen blades
5795,best knife sharpening techniques for kitchen blades
5796,exoplanet discovery via transit photometry method
5797,supernova remnant observed in the crab nebula
5798,kubernetes pod networking and service discovery
5799,supernova remnant observed in the crab nebula
5800,vegetarian curry with chickpeas and coconut milk
5801,supernova remnant observed in the crab nebula
5802,react server components vs client components rendering
5803,kubernetes pod networking and service discovery
5804,react server components vs client components rendering
5805,homemade sourdough bread baking guide and recipe
5806,pasta carbonara authentic roman recipe with guanciale
5807,python decorators explained with practical examples
5808,python decorators explained with practical examples
5809,vegetarian curry with chickpeas and coconut milk
5810,python decorators explained with practical examples
5811,slow cooker beef stew with red wine reduction
5812,slow cooker beef stew with red wine reduction
5813,react server components vs client components rendering
5814,galaxy rotation curves and dark matter halo evidence
5815,slow cooker beef stew with red wine reduction
5816,black hole accretion disk thermal emission spectrum
5817,pasta carbonara authentic roman recipe with guanciale
5818,best knife sharpening techniques for kitchen blades
5819,rust ownership and borrowing fundamentals tutorial
5820,galaxy rotation curves and dark matter halo evidence
5821,postgres query plan analysis and index optimization
5822,vegetarian curry with chickpeas and coconut milk
5823,postgres query plan analysis and index optimization
5824,rust ownership and borrowing fundamentals tutorial
5825,best knife sharpening techniques for kitchen blades
5826,homemade sourdough bread baking guide and recipe
5827,exoplanet discovery via transit photometry method
5828,rust ownership and borrowing fundamentals tutorial
5829,best knife sharpening techniques for kitchen blades
5830,exoplanet discovery via transit photometry method
5831,black hole accretion disk thermal emission spectrum
5832,black hole accretion disk thermal emission spectrum
5833,python decorators explained with practical examples
5834,slow cooker beef stew with red wine reduction
5835,rust ownership and borrowing fundamentals tutorial
5836,slow cooker beef stew with red wine reduction
5837,homemade sourdough bread baking guide and recipe
5838,postgres query plan analysis and index optimization
5839,best knife sharpening techniques for kitchen blades
5840,slow cooker beef stew with red wine reduction
5841,python decorators explained with practical examples
5842,best knife sharpening techniques for kitchen blades
5843,react server components vs client components rendering
5844,exoplanet discovery via transit photometry method
5845,cosmic microwave background polarization measurements
5846,postgres query plan analysis and index optimization
5847,best knife sharpening techniques for kitchen blades
5848,vegetarian curry with chickpeas and coconut milk
5849,best knife sharpening techniques for kitchen blades
5850,cosmic microwave background polarization measurements
5851,cosmic microwave background polarization measurements
5852,best knife sharpening techniques for kitchen blades
5853,pasta carbonara authentic roman recipe with guanciale
5854,react server components vs client components rendering
5855,rust ownership and borrowing fundamentals tutorial
5856,postgres query plan analysis and index optimization
5857,vegetarian curry with chickpeas and coconut milk
5858,react server components vs client components rendering
5859,react server components vs client components rendering
5860,exoplanet discovery via transit photometry method
5861,postgres query plan analysis and index optimization
5862,slow cooker beef stew with red wine reduction
5863,galaxy rotation curves and dark matter halo evidence
5864,black hole accretion disk thermal emission spectrum
5865,rust ownership and borrowing fundamentals tutorial
5866,vegetarian curry with chickpeas and coconut milk
5867,kubernetes pod networking and service discovery
5868,supernova remnant observed in the crab nebula
5869,python decorators explained with practical examples
5870,slow cooker beef stew with red wine reduction
5871,python decorators explained with practical examples
5872,kubernetes pod networking and service discovery
5873,exoplanet discovery via transit photometry method
5874,vegetarian curry with chickpeas and coconut milk
5875,postgres query plan analysis and index optimization
5876,postgres query plan analysis and index optimization
5877,slow cooker beef stew with red wine reduction
5878,postgres query plan analysis and index optimization
5879,slow cooker beef stew with red wine reduction
5880,react server components vs client components rendering
5881,rust ownership and borrowing fundamentals tutorial
5882,best knife sharpening techniques for kitchen blades
5883,pasta carbonara authentic roman recipe with guanciale
5884,python decorators explained with practical examples
5885,galaxy rotation curves and dark matter halo evidence
5886,react server components vs client components rendering
5887,postgres query plan analysis and index optimization
5888,kubernetes pod networking and service discovery
5889,supernova remnant observed in the crab nebula
5890,python decorators explained with practical examples
5891,rust ownership and borrowing fundamentals tutorial
5892,black hole accretion disk thermal emission spectrum
5893,react server components vs client components rendering
5894,postgres query plan analysis and index optimization
5895,python decorators explained with practical examples
5896,react server components vs client components rendering
5897,best knife sharpening techniques for kitchen blades
5898,supernova remnant observed in the crab nebula
5899,galaxy rotation curves and dark matter halo evidence
5900,exoplanet discovery via transit photometry method
5901,kubernetes pod networking and service discovery
5902,kubernetes pod networking and service discovery
5903,vegetarian curry with chickpeas and coconut milk
5904,black hole accretion disk thermal emission spectrum
5905,kubernetes pod networking and service discovery
5906,homemade sourdough bread baking guide and recipe
5907,slow cooker beef stew with red wine reduction
5908,supernova remnant observed in the crab nebula
5909,slow cooker beef stew with red wine reduction
5910,black hole accretion disk thermal emission spectrum
5911,pasta carbonara authentic roman recipe with guanciale
5912,postgres query plan analysis and index optimization
5913,pasta carbonara authentic roman recipe with guanciale
5914,best knife sharpening techniques for kitchen blades
5915,slow cooker beef stew with red wine reduction
5916,postgres query plan analysis and index optimization
5917,kubernetes pod networking and service discovery
5918,black hole accretion disk thermal emission spectrum
5919,exoplanet discovery via transit photometry method
5920,best knife sharpening techniques for kitchen blades
5921,supernova remnant observed in the crab nebula
5922,kubernetes pod networking and service discovery
5923,pasta carbonara authentic roman recipe with guanciale
5924,best knife sharpening techniques for kitchen blades
5925,supernova remnant observed in the crab nebula
5926,slow cooker beef stew with red wine reduction
5927,pasta carbonara authentic roman recipe with guanciale
5928,pasta carbonara authentic roman recipe with guanciale
5929,cosmic microwave background polarization measurements
5930,galaxy rotation curves and dark matter halo evidence
5931,supernova remnant observed in the crab nebula
5932,python decorators explained with practical examples
5933,black hole accretion disk thermal emission spectrum
5934,react server components vs client components rendering
5935,supernova remnant observed in the crab nebula
5936,cosmic microwave background polarization measurements
5937,python decorators explained with practical examples
5938,react server components vs client components rendering
5939,black hole accretion disk thermal emission spectrum
5940,postgres query plan analysis and index optimization
5941,galaxy rotation curves and dark matter halo evidence
5942,python decorators explained with practical examples
5943,postgres query plan analysis and index optimization
5944,vegetarian curry with chickpeas and coconut milk
5945,kubernetes pod networking and service discovery
5946,vegetarian curry with chickpeas and coconut milk
5947,homemade sourdough bread baking guide and recipe
5948,cosmic microwave background polarization measurements
5949,python decorators explained with practical examples
5950,cosmic microwave background polarization measurements
5951,postgres query plan analysis and index optimization
5952,slow cooker beef stew with red wine reduction
5953,vegetarian curry with chickpeas and coconut milk
5954,pasta carbonara authentic roman recipe with guanciale
5955,galaxy rotation curves and dark matter halo evidence
5956,galaxy rotation curves and dark matter halo evidence
5957,rust ownership and borrowing fundamentals tutorial
5958,react server components vs client components rendering
5959,best knife sharpening techniques for kitchen blades
5960,vegetarian curry with chickpeas and coconut milk
5961,black hole accretion disk thermal emission spectrum
5962,slow cooker beef stew with red wine reduction
5963,best knife sharpening techniques for kitchen blades
5964,homemade sourdough bread baking guide and recipe
5965,black hole accretion disk thermal emission spectrum
5966,galaxy rotation curves and dark matter halo evidence
5967,galaxy rotation curves and dark matter halo evidence
5968,galaxy rotation curves and dark matter halo evidence
5969,cosmic microwave background polarization measurements
5970,cosmic microwave background polarization measurements
5971,galaxy rotation curves and dark matter halo evidence
5972,rust ownership and borrowing fundamentals tutorial
5973,python decorators explained with practical examples
5974,exoplanet discovery via transit photometry method
5975,react server components vs client components rendering
5976,exoplanet discovery via transit photometry method
5977,supernova remnant observed in the crab nebula
5978,cosmic microwave background polarization measurements
5979,kubernetes pod networking and service discovery
5980,supernova remnant observed in the crab nebula
5981,pasta carbonara authentic roman recipe with guanciale
5982,supernova remnant observed in the crab nebula
5983,black hole accretion disk thermal emission spectrum
5984,slow cooker beef stew with red wine reduction
5985,galaxy rotation curves and dark matter halo evidence
5986,rust ownership and borrowing fundamentals tutorial
5987,rust ownership and borrowing fundamentals tutorial
5988,react server components vs client components rendering
5989,homemade sourdough bread baking guide and recipe
5990,rust ownership and borrowing fundamentals tutorial
5991,black hole accretion disk thermal emission spectrum
5992,kubernetes pod networking and service discovery
5993,slow cooker beef stew with red wine reduction
5994,homemade sourdough bread baking guide and recipe
5995,best knife sharpening techniques for kitchen blades
5996,galaxy rotation curves and dark matter halo evidence
5997,react server components vs client components rendering
5998,homemade sourdough bread baking guide and recipe
5999,react server components vs client components rendering
6000,slow cooker beef stew with red wine reduction
6001,kubernetes pod networking and service discovery
6002,react server components vs client components rendering
6003,best knife sharpening techniques for kitchen blades
6004,homemade sourdough bread baking guide and recipe
6005,supernova remnant observed in the crab nebula
6006,postgres query plan analysis and index optimization
6007,vegetarian curry with chickpeas and coconut milk
6008,python decorators explained with practical examples
6009,pasta carbonara authentic roman recipe with guanciale
6010,kubernetes pod networking and service discovery
6011,best knife sharpening techniques for kitchen blades
6012,python decorators explained with practical examples
6013,homemade sourdough bread baking guide and recipe
6014,kubernetes pod networking and service discovery
6015,pasta carbonara authentic roman recipe with guanciale
6016,rust ownership and borrowing fundamentals tutorial
6017,slow cooker beef stew with red wine reduction
6018,postgres query plan analysis and index optimization
6019,kubernetes pod networking and service discovery
6020,supernova remnant observed in the crab nebula
6021,exoplanet discovery via transit photometry method
6022,python decorators explained with practical examples
6023,galaxy rotation curves and dark matter halo evidence
6024,cosmic microwave background polarization measurements
6025,python decorators explained with practical examples
6026,supernova remnant observed in the crab nebula
6027,postgres query plan analysis and index optimization
6028,exoplanet discovery via transit photometry method
6029,pasta carbonara authentic roman recipe with guanciale
6030,exoplanet discovery via transit photometry method
6031,rust ownership and borrowing fundamentals tutorial
6032,homemade sourdough bread baking guide and recipe
6033,cosmic microwave background polarization measurements
6034,rust ownership and borrowing fundamentals tutorial
6035,pasta carbonara authentic roman recipe with guanciale
6036,cosmic microwave background polarization measurements
6037,homemade sourdough bread baking guide and recipe
6038,postgres query plan analysis and index optimization
6039,black hole accretion disk thermal emission spectrum
6040,rust ownership and borrowing fundamentals tutorial
6041,homemade sourdough bread baking guide and recipe
6042,exoplanet discovery via transit photometry method
6043,slow cooker beef stew with red wine reduction
6044,kubernetes pod networking and service discovery
6045,pasta carbonara authentic roman recipe with guanciale
6046,best knife sharpening techniques for kitchen blades
6047,cosmic microwave background polarization measurements
6048,python decorators explained with practical examples
6049,slow cooker beef stew with red wine reduction
6050,postgres query plan analysis and index optimization
6051,postgres query plan analysis and index optimization
6052,postgres query plan analysis and index optimization
6053,kubernetes pod networking and service discovery
6054,supernova remnant observed in the crab nebula
6055,kubernetes pod networking and service discovery
6056,vegetarian curry with chickpeas and coconut milk
6057,postgres query plan analysis and index optimization
6058,vegetarian curry with chickpeas and coconut milk
6059,kubernetes pod networking and service discovery
6060,postgres query plan analysis and index optimization
6061,black hole accretion disk thermal emission spectrum
6062,supernova remnant observed in the crab nebula
6063,galaxy rotation curves and dark matter halo evidence
6064,exoplanet discovery via transit photometry method
6065,black hole accretion disk thermal emission spectrum
6066,supernova remnant observed in the crab nebula
6067,kubernetes pod networking and service discovery
6068,vegetarian curry with chickpeas and coconut milk
6069,galaxy rotation curves and dark matter halo evidence
6070,react server components vs client components rendering
6071,vegetarian curry with chickpeas and coconut milk
6072,black hole accretion disk thermal emission spectrum
6073,kubernetes pod networking and service discovery
6074,galaxy rotation curves and dark matter halo evidence
6075,supernova remnant observed in the crab nebula
6076,exoplanet discovery via transit photometry method
6077,python decorators explained with practical examples
6078,supernova remnant observed in the crab nebula
6079,postgres query plan analysis and index optimization
6080,exoplanet discovery via transit photometry method
6081,postgres query plan analysis and index optimization
6082,kubernetes pod networking and service discovery
6083,vegetarian curry with chickpeas and coconut milk
6084,postgres query plan analysis and index optimization
6085,rust ownership and borrowing fundamentals tutorial
6086,homemade sourdough bread baking guide and recipe
6087,pasta carbonara authentic roman recipe with guanciale
6088,react server components vs client components rendering
6089,postgres query plan analysis and index optimization
6090,rust ownership and borrowing fundamentals tutorial
6091,black hole accretion disk thermal emission spectrum
6092,kubernetes pod networking and service discovery
6093,vegetarian curry with chickpeas and coconut milk
6094,exoplanet discovery via transit photometry method
6095,exoplanet discovery via transit photometry method
6096,rust ownership and borrowing fundamentals tutorial
6097,rust ownership and borrowing fundamentals tutorial
6098,react server components vs client components rendering
6099,react server components vs client components rendering
6100,postgres query plan analysis and index optimization
6101,react server components vs client components rendering
6102,python decorators explained with practical examples
6103,slow cooker beef stew with red wine reduction
6104,postgres query plan analysis and index optimization
6105,slow cooker beef stew with red wine reduction
6106,black hole accretion disk thermal emission spectrum
6107,pasta carbonara authentic roman recipe with guanciale
6108,slow cooker beef stew with red wine reduction
6109,cosmic microwave background polarization measurements
6110,postgres query plan analysis and index optimization
6111,pasta carbonara authentic roman recipe with guanciale
6112,best knife sharpening techniques for kitchen blades
6113,react server components vs client components rendering
6114,postgres query plan analysis and index optimization
6115,vegetarian curry with chickpeas and coconut milk
6116,galaxy rotation curves and dark matter halo evidence
6117,react server components vs client components rendering
6118,galaxy rotation curves and dark matter halo evidence
6119,slow cooker beef stew with red wine reduction
6120,cosmic microwave background polarization measurements
6121,react server components vs client components rendering
6122,slow cooker beef stew with red wine reduction
6123,python decorators explained with practical examples
6124,black hole accretion disk thermal emission spectrum
6125,best knife sharpening techniques for kitchen blades
6126,black hole accretion disk thermal emission spectrum
6127,postgres query plan analysis and index optimization
6128,pasta carbonara authentic roman recipe with guanciale
6129,exoplanet discovery via transit photometry method
6130,slow cooker beef stew with red wine reduction
6131,best knife sharpening techniques for kitchen blades
6132,react server components vs client components rendering
6133,homemade sourdough bread baking guide and recipe
6134,galaxy rotation curves and dark matter halo evidence
6135,homemade sourdough bread baking guide and recipe
6136,rust ownership and borrowing fundamentals tutorial
6137,rust ownership and borrowing fundamentals tutorial
6138,best knife sharpening techniques for kitchen blades
6139,kubernetes pod networking and service discovery
6140,rust ownership and borrowing fundamentals tutorial
6141,rust ownership and borrowing fundamentals tutorial
6142,best knife sharpening techniques for kitchen blades
6143,postgres query plan analysis and index optimization
6144,cosmic microwave background polarization measurements
6145,slow cooker beef stew with red wine reduction
6146,slow cooker beef stew with red wine reduction
6147,cosmic microwave background polarization measurements
6148,pasta carbonara authentic roman recipe with guanciale
6149,python decorators explained with practical examples
6150,supernova remnant observed in the crab nebula
6151,supernova remnant observed in the crab nebula
6152,best knife sharpening techniques for kitchen blades
6153,best knife sharpening techniques for kitchen blades
6154,exoplanet discovery via transit photometry method
6155,black hole accretion disk thermal emission spectrum
6156,slow cooker beef stew with red wine reduction
6157,supernova remnant observed in the crab nebula
6158,cosmic microwave background polarization measurements
6159,postgres query plan analysis and index optimization
6160,galaxy rotation curves and dark matter halo evidence
6161,pasta carbonara authentic roman recipe with guanciale
6162,cosmic microwave background polarization measurements
6163,pasta carbonara authentic roman recipe with guanciale
6164,kubernetes pod networking and service discovery
6165,cosmic microwave background polarization measurements
6166,cosmic microwave background polarization measurements
6167,black hole accretion disk thermal emission spectrum
6168,cosmic microwave background polarization measurements
6169,vegetarian curry with chickpeas and coconut milk
6170,best knife sharpening techniques for kitchen blades
6171,slow cooker beef stew with red wine reduction
6172,exoplanet discovery via transit photometry method
6173,react server components vs client components rendering
6174,best knife sharpening techniques for kitchen blades
6175,rust ownership and borrowing fundamentals tutorial
6176,postgres query plan analysis and index optimization
6177,pasta carbonara authentic roman recipe with guanciale
6178,rust ownership and borrowing fundamentals tutorial
6179,slow cooker beef stew with red wine reduction
6180,slow cooker beef stew with red wine reduction
6181,postgres query plan analysis and index optimization
6182,rust ownership and borrowing fundamentals tutorial
6183,vegetarian curry with chickpeas and coconut milk
6184,vegetarian curry with chickpeas and coconut milk
6185,kubernetes pod networking and service discovery
6186,python decorators explained with practical examples
6187,supernova remnant observed in the crab nebula
6188,slow cooker beef stew with red wine reduction
6189,black hole accretion disk thermal emission spectrum
6190,rust ownership and borrowing fundamentals tutorial
6191,supernova remnant observed in the crab nebula
6192,galaxy rotation curves and dark matter halo evidence
6193,best knife sharpening techniques for kitchen blades
6194,kubernetes pod networking and service discovery
6195,best knife sharpening techniques for kitchen blades
6196,exoplanet discovery via transit photometry method
6197,homemade sourdough bread baking guide and recipe
6198,homemade sourdough bread baking guide and recipe
6199,pasta carbonara authentic roman recipe with guanciale
6200,supernova remnant observed in the crab nebula
6201,exoplanet discovery via transit photometry method
6202,postgres query plan analysis and index optimization
6203,pasta carbonara authentic roman recipe with guanciale
6204,kubernetes pod networking and service discovery
6205,supernova remnant observed in the crab nebula
6206,postgres query plan analysis and index optimization
6207,exoplanet discovery via transit photometry method
6208,cosmic microwave background polarization measurements
6209,best knife sharpening techniques for kitchen blades
6210,supernova remnant observed in the crab nebula
6211,best knife sharpening techniques for kitchen blades
6212,black hole accretion disk thermal emission spectrum
6213,cosmic microwave background polarization measurements
6214,black hole accretion disk thermal emission spectrum
6215,vegetarian curry with chickpeas and coconut milk
6216,pasta carbonara authentic roman recipe with guanciale
6217,exoplanet discovery via transit photometry method
6218,react server components vs client components rendering
6219,rust ownership and borrowing fundamentals tutorial
6220,homemade sourdough bread baking guide and recipe
6221,supernova remnant observed in the crab nebula
6222,supernova remnant observed in the crab nebula
6223,slow cooker beef stew with red wine reduction
6224,best knife sharpening techniques for kitchen blades
6225,galaxy rotation curves and dark matter halo evidence
6226,vegetarian curry with chickpeas and coconut milk
6227,black hole accretion disk thermal emission spectrum
6228,homemade sourdough bread baking guide and recipe
6229,kubernetes pod networking and service discovery
6230,kubernetes pod networking and service discovery
6231,cosmic microwave background polarization measurements
6232,python decorators explained with practical examples
6233,slow cooker beef stew with red wine reduction
6234,react server components vs client components rendering
6235,slow cooker beef stew with red wine reduction
6236,rust ownership and borrowing fundamentals tutorial
6237,galaxy rotation curves and dark matter halo evidence
6238,cosmic microwave background polarization measurements
6239,supernova remnant observed in the crab nebula
6240,python decorators explained with practical examples
6241,rust ownership and borrowing fundamentals tutorial
6242,black hole accretion disk thermal emission spectrum
6243,react server components vs client components rendering
6244,react server components vs client components rendering
6245,rust ownership and borrowing fundamentals tutorial
6246,best knife sharpening techniques for kitchen blades
6247,kubernetes pod networking and service discovery
6248,exoplanet discovery via transit photometry method
6249,react server components vs client components rendering
6250,vegetarian curry with chickpeas and coconut milk
6251,black hole accretion disk thermal emission spectrum
6252,vegetarian curry with chickpeas and coconut milk
6253,homemade sourdough bread baking guide and recipe
6254,exoplanet discovery via transit photometry method
6255,react server components vs client components rendering
6256,homemade sourdough bread baking guide and recipe
6257,kubernetes pod networking and service discovery
6258,postgres query plan analysis and index optimization
6259,black hole accretion disk thermal emission spectrum
6260,kubernetes pod networking and service discovery
6261,best knife sharpening techniques for kitchen blades
6262,slow cooker beef stew with red wine reduction
6263,kubernetes pod networking and service discovery
6264,react server components vs client components rendering
6265,vegetarian curry with chickpeas and coconut milk
6266,supernova remnant observed in the crab nebula
6267,vegetarian curry with chickpeas and coconut milk
6268,cosmic microwave background polarization measurements
6269,slow cooker beef stew with red wine reduction
6270,black hole accretion disk thermal emission spectrum
6271,kubernetes pod networking and service discovery
6272,black hole accretion disk thermal emission spectrum
6273,homemade sourdough bread baking guide and recipe
6274,cosmic microwave background polarization measurements
6275,supernova remnant observed in the crab nebula
6276,postgres query plan analysis and index optimization
6277,slow cooker beef stew with red wine reduction
6278,exoplanet discovery via transit photometry method
6279,kubernetes pod networking and service discovery
6280,homemade sourdough bread baking guide and recipe
6281,vegetarian curry with chickpeas and coconut milk
6282,react server components vs client components rendering
6283,slow cooker beef stew with red wine reduction
6284,cosmic microwave background polarization measurements
6285,kubernetes pod networking and service discovery
6286,kubernetes pod networking and service discovery
6287,slow cooker beef stew with red wine reduction
6288,best knife sharpening techniques for kitchen blades
6289,exoplanet discovery via transit photometry method
6290,react server components vs client components rendering
6291,kubernetes pod networking and service discovery
6292,galaxy rotation curves and dark matter halo evidence
6293,react server components vs client components rendering
6294,black hole accretion disk thermal emission spectrum
6295,react server components vs client components rendering
6296,react server components vs client components rendering
6297,postgres query plan analysis and index optimization
6298,galaxy rotation curves and dark matter halo evidence
6299,python decorators explained with practical examples
6300,kubernetes pod networking and service discovery
6301,slow cooker beef stew with red wine reduction
6302,postgres query plan analysis and index optimization
6303,exoplanet discovery via transit photometry method
6304,react server components vs client components rendering
6305,supernova remnant observed in the crab nebula
6306,slow cooker beef stew with red wine reduction
6307,rust ownership and borrowing fundamentals tutorial
6308,postgres query plan analysis and index optimization
6309,galaxy rotation curves and dark matter halo evidence
6310,supernova remnant observed in the crab nebula
6311,cosmic microwave background polarization measurements
6312,slow cooker beef stew with red wine reduction
6313,react server components vs client components rendering
6314,best knife sharpening techniques for kitchen blades
6315,best knife sharpening techniques for kitchen blades
6316,pasta carbonara authentic roman recipe with guanciale
6317,best knife sharpening techniques for kitchen blades
6318,pasta carbonara authentic roman recipe with guanciale
6319,black hole accretion disk thermal emission spectrum
6320,postgres query plan analysis and index optimization
6321,rust ownership and borrowing fundamentals tutorial
6322,react server components vs client components rendering
6323,python decorators explained with practical examples
6324,pasta carbonara authentic roman recipe with guanciale
6325,homemade sourdough bread baking guide and recipe
6326,kubernetes pod networking and service discovery
6327,react server components vs client components rendering
6328,exoplanet discovery via transit photometry method
6329,supernova remnant observed in the crab nebula
6330,vegetarian curry with chickpeas and coconut milk
6331,supernova remnant observed in the crab nebula
6332,cosmic microwave background polarization measurements
6333,vegetarian curry with chickpeas and coconut milk
6334,black hole accretion disk thermal emission spectrum
6335,postgres query plan analysis and index optimization
6336,galaxy rotation curves and dark matter halo evidence
6337,rust ownership and borrowing fundamentals tutorial
6338,homemade sourdough bread baking guide and recipe
6339,vegetarian curry with chickpeas and coconut milk
6340,react server components vs client components rendering
6341,black hole accretion disk thermal emission spectrum
6342,exoplanet discovery via transit photometry method
6343,postgres query plan analysis and index optimization
6344,react server components vs client components rendering
6345,pasta carbonara authentic roman recipe with guanciale
6346,postgres query plan analysis and index optimization
6347,kubernetes pod networking and service discovery
6348,rust ownership and borrowing fundamentals tutorial
6349,rust ownership and borrowing fundamentals tutorial
6350,black hole accretion disk thermal emission spectrum
6351,homemade sourdough bread baking guide and recipe
6352,galaxy rotation curves and dark matter halo evidence
6353,react server components vs client components rendering
6354,cosmic microwave background polarization measurements
6355,rust ownership and borrowing fundamentals tutorial
6356,exoplanet discovery via transit photometry method
6357,rust ownership and borrowing fundamentals tutorial
6358,kubernetes pod networking and service discovery
6359,react server components vs client components rendering
6360,kubernetes pod networking and service discovery
6361,supernova remnant observed in the crab nebula
6362,pasta carbonara authentic roman recipe with guanciale
6363,cosmic microwave background polarization measurements
6364,supernova remnant observed in the crab nebula
6365,vegetarian curry with chickpeas and coconut milk
6366,kubernetes pod networking and service discovery
6367,slow cooker beef stew with red wine reduction
6368,slow cooker beef stew with red wine reduction
6369,rust ownership and borrowing fundamentals tutorial
6370,rust ownership and borrowing fundamentals tutorial
6371,vegetarian curry with chickpeas and coconut milk
6372,pasta carbonara authentic roman recipe with guanciale
6373,kubernetes pod networking and service discovery
6374,best knife sharpening techniques for kitchen blades
6375,supernova remnant observed in the crab nebula
6376,rust ownership and borrowing fundamentals tutorial
6377,exoplanet discovery via transit photometry method
6378,slow cooker beef stew with red wine reduction
6379,vegetarian curry with chickpeas and coconut milk
6380,kubernetes pod networking and service discovery
6381,vegetarian curry with chickpeas and coconut milk
6382,rust ownership and borrowing fundamentals tutorial
6383,cosmic microwave background polarization measurements
6384,react server components vs client components rendering
6385,slow cooker beef stew with red wine reduction
6386,react server components vs client components rendering
6387,exoplanet discovery via transit photometry method
6388,homemade sourdough bread baking guide and recipe
6389,python decorators explained with practical examples
6390,postgres query plan analysis and index optimization
6391,react server components vs client components rendering
6392,best knife sharpening techniques for kitchen blades
6393,react server components vs client components rendering
6394,slow cooker beef stew with red wine reduction
6395,postgres query plan analysis and index optimization
6396,exoplanet discovery via transit photometry method
6397,exoplanet discovery via transit photometry method
6398,best knife sharpening techniques for kitchen blades
6399,best knife sharpening techniques for kitchen blades
6400,python decorators explained with practical examples
6401,cosmic microwave background polarization measurements
6402,pasta carbonara authentic roman recipe with guanciale
6403,galaxy rotation curves and dark matter halo evidence
6404,best knife sharpening techniques for kitchen blades
6405,pasta carbonara authentic roman recipe with guanciale
6406,supernova remnant observed in the crab nebula
6407,rust ownership and borrowing fundamentals tutorial
6408,black hole accretion disk thermal emission spectrum
6409,galaxy rotation curves and dark matter halo evidence
6410,rust ownership and borrowing fundamentals tutorial
6411,cosmic microwave background polarization measurements
6412,kubernetes pod networking and service discovery
6413,best knife sharpening techniques for kitchen blades
6414,kubernetes pod networking and service discovery
6415,slow cooker beef stew with red wine reduction
6416,kubernetes pod networking and service discovery
6417,postgres query plan analysis and index optimization
6418,slow cooker beef stew with red wine reduction
6419,kubernetes pod networking and service discovery
6420,cosmic microwave background polarization measurements
6421,cosmic microwave background polarization measurements
6422,cosmic microwave background polarization measurements
6423,homemade sourdough bread baking guide and recipe
6424,react server components vs client components rendering
6425,black hole accretion disk thermal emission spectrum
6426,kubernetes pod networking and service discovery
6427,vegetarian curry with chickpeas and coconut milk
6428,pasta carbonara authentic roman recipe with guanciale
6429,galaxy rotation curves and dark matter halo evidence
6430,homemade sourdough bread baking guide and recipe
6431,black hole accretion disk thermal emission spectrum
6432,best knife sharpening techniques for kitchen blades
6433,homemade sourdough bread baking guide and recipe
6434,python decorators explained with practical examples
6435,homemade sourdough bread baking guide and recipe
6436,cosmic microwave background polarization measurements
6437,pasta carbonara authentic roman recipe with guanciale
6438,slow cooker beef stew with red wine reduction
6439,black hole accretion disk thermal emission spectrum
6440,kubernetes pod networking and service discovery
6441,python decorators explained with practical examples
6442,pasta carbonara authentic roman recipe with guanciale
6443,galaxy rotation curves and dark matter halo evidence
6444,vegetarian curry with chickpeas and coconut milk
6445,cosmic microwave background polarization measurements
6446,rust ownership and borrowing fundamentals tutorial
6447,cosmic microwave background polarization measurements
6448,best knife sharpening techniques for kitchen blades
6449,slow cooker beef stew with red wine reduction
6450,supernova remnant observed in the crab nebula
6451,react server components vs client components rendering
6452,galaxy rotation curves and dark matter halo evidence
6453,kubernetes pod networking and service discovery
6454,kubernetes pod networking and service discovery
6455,homemade sourdough bread baking guide and recipe
6456,postgres query plan analysis and index optimization
6457,cosmic microwave background polarization measurements
6458,supernova remnant observed in the crab nebula
6459,python decorators explained with practical examples
6460,vegetarian curry with chickpeas and coconut milk
6461,postgres query plan analysis and index optimization
6462,galaxy rotation curves and dark matter halo evidence
6463,kubernetes pod networking and service discovery
6464,pasta carbonara authentic roman recipe with guanciale
6465,cosmic microwave background polarization measurements
6466,vegetarian curry with chickpeas and coconut milk
6467,homemade sourdough bread baking guide and recipe
6468,cosmic microwave background polarization measurements
6469,exoplanet discovery via transit photometry method
6470,supernova remnant observed in the crab nebula
6471,best knife sharpening techniques for kitchen blades
6472,supernova remnant observed in the crab nebula
6473,vegetarian curry with chickpeas and coconut milk
6474,react server components vs client components rendering
6475,kubernetes pod networking and service discovery
6476,supernova remnant observed in the crab nebula
6477,react server components vs client components rendering
6478,best knife sharpening techniques for kitchen blades
6479,vegetarian curry with chickpeas and coconut milk
6480,cosmic microwave background polarization measurements
6481,slow cooker beef stew with red wine reduction
6482,supernova remnant observed in the crab nebula
6483,homemade sourdough bread baking guide and recipe
6484,rust ownership and borrowing fundamentals tutorial
6485,homemade sourdough bread baking guide and recipe
6486,react server components vs client components rendering
6487,python decorators explained with practical examples
6488,cosmic microwave background polarization measurements
6489,postgres query plan analysis and index optimization
6490,react server components vs client components rendering
6491,exoplanet discovery via transit photometry method
6492,homemade sourdough bread baking guide and recipe
6493,exoplanet discovery via transit photometry method
6494,pasta carbonara authentic roman recipe with guanciale
6495,react server components vs client components rendering
6496,exoplanet discovery via transit photometry method
6497,cosmic microwave background polarization measurements
6498,black hole accretion disk thermal emission spectrum
6499,vegetarian curry with chickpeas and coconut milk
6500,react server components vs client components rendering
6501,homemade sourdough bread baking guide and recipe
6502,slow cooker beef stew with red wine reduction
6503,rust ownership and borrowing fundamentals tutorial
6504,cosmic microwave background polarization measurements
6505,black hole accretion disk thermal emission spectrum
6506,galaxy rotation curves and dark matter halo evidence
6507,best knife sharpening techniques for kitchen blades
6508,python decorators explained with practical examples
6509,kubernetes pod networking and service discovery
6510,homemade sourdough bread baking guide and recipe
6511,python decorators explained with practical examples
6512,homemade sourdough bread baking guide and recipe
6513,kubernetes pod networking and service discovery
6514,best knife sharpening techniques for kitchen blades
6515,slow cooker beef stew with red wine reduction
6516,exoplanet discovery via transit photometry method
6517,exoplanet discovery via transit photometry method
6518,cosmic microwave background polarization measurements
6519,slow cooker beef stew with red wine reduction
6520,rust ownership and borrowing fundamentals tutorial
6521,pasta carbonara authentic roman recipe with guanciale
6522,python decorators explained with practical examples
6523,galaxy rotation curves and dark matter halo evidence
6524,best knife sharpening techniques for kitchen blades
6525,homemade sourdough bread baking guide and recipe
6526,react server components vs client components rendering
6527,homemade sourdough bread baking guide and recipe
6528,exoplanet discovery via transit photometry method
6529,exoplanet discovery via transit photometry method
6530,react server components vs client components rendering
6531,vegetarian curry with chickpeas and coconut milk
6532,slow cooker beef stew with red wine reduction
6533,react server components vs client components rendering
6534,exoplanet discovery via transit photometry method
6535,homemade sourdough bread baking guide and recipe
6536,python decorators explained with practical examples
6537,supernova remnant observed in the crab nebula
6538,python decorators explained with practical examples
6539,exoplanet discovery via transit photometry method
6540,galaxy rotation curves and dark matter halo evidence
6541,pasta carbonara authentic roman recipe with guanciale
6542,postgres query plan analysis and index optimization
6543,galaxy rotation curves and dark matter halo evidence
6544,kubernetes pod networking and service discovery
6545,supernova remnant observed in the crab nebula
6546,cosmic microwave background polarization measurements
6547,pasta carbonara authentic roman recipe with guanciale
6548,python decorators explained with practical examples
6549,homemade sourdough bread baking guide and recipe
6550,exoplanet discovery via transit photometry method
6551,black hole accretion disk thermal emission spectrum
6552,galaxy rotation curves and dark matter halo evidence
6553,python decorators explained with practical examples
6554,homemade sourdough bread baking guide and recipe
6555,react server components vs client components rendering
6556,react server components vs client components rendering
6557,pasta carbonara authentic roman recipe with guanciale
6558,supernova remnant observed in the crab nebula
6559,black hole accretion disk thermal emission spectrum
6560,rust ownership and borrowing fundamentals tutorial
6561,slow cooker beef stew with red wine reduction
6562,cosmic microwave background polarization measurements
6563,pasta carbonara authentic roman recipe with guanciale
6564,pasta carbonara authentic roman recipe with guanciale
6565,homemade sourdough bread baking guide and recipe
6566,pasta carbonara authentic roman recipe with guanciale
6567,best knife sharpening techniques for kitchen blades
6568,vegetarian curry with chickpeas and coconut milk
6569,kubernetes pod networking and service discovery
6570,supernova remnant observed in the crab nebula
6571,supernova remnant observed in the crab nebula
6572,rust ownership and borrowing fundamentals tutorial
6573,vegetarian curry with chickpeas and coconut milk
6574,kubernetes pod networking and service discovery
6575,slow cooker beef stew with red wine reduction
6576,slow cooker beef stew with red wine reduction
6577,cosmic microwave background polarization measurements
6578,rust ownership and borrowing fundamentals tutorial
6579,exoplanet discovery via transit photometry method
6580,vegetarian curry with chickpeas and coconut milk
6581,homemade sourdough bread baking guide and recipe
6582,exoplanet discovery via transit photometry method
6583,kubernetes pod networking and service discovery
6584,kubernetes pod networking and service discovery
6585,best knife sharpening techniques for kitchen blades
6586,kubernetes pod networking and service discovery
6587,cosmic microwave background polarization measurements
6588,kubernetes pod networking and service discovery
6589,react server components vs client components rendering
6590,postgres query plan analysis and index optimization
6591,black hole accretion disk thermal emission spectrum
6592,slow cooker beef stew with red wine reduction
6593,kubernetes pod networking and service discovery
6594,exoplanet discovery via transit photometry method
6595,kubernetes pod networking and service discovery
6596,pasta carbonara authentic roman recipe with guanciale
6597,exoplanet discovery via transit photometry method
6598,kubernetes pod networking and service discovery
6599,exoplanet discovery via transit photometry method
6600,slow cooker beef stew with red wine reduction
6601,galaxy rotation curves and dark matter halo evidence
6602,python decorators explained with practical examples
6603,black hole accretion disk thermal emission spectrum
6604,postgres query plan analysis and index optimization
6605,cosmic microwave background polarization measurements
6606,rust ownership and borrowing fundamentals tutorial
6607,react server components vs client components rendering
6608,supernova remnant observed in the crab nebula
6609,postgres query plan analysis and index optimization
6610,homemade sourdough bread baking guide and recipe
6611,python decorators explained with practical examples
6612,cosmic microwave background polarization measurements
6613,galaxy rotation curves and dark matter halo evidence
6614,pasta carbonara authentic roman recipe with guanciale
6615,pasta carbonara authentic roman recipe with guanciale
6616,galaxy rotation curves and dark matter halo evidence
6617,exoplanet discovery via transit photometry method
6618,black hole accretion disk thermal emission spectrum
6619,pasta carbonara authentic roman recipe with guanciale
6620,cosmic microwave background polarization measurements
6621,rust ownership and borrowing fundamentals tutorial
6622,best knife sharpening techniques for kitchen blades
6623,galaxy rotation curves and dark matter halo evidence
6624,best knife sharpening techniques for kitchen blades
6625,slow cooker beef stew with red wine reduction
6626,postgres query plan analysis and index optimization
6627,slow cooker beef stew with red wine reduction
6628,vegetarian curry with chickpeas and coconut milk
6629,homemade sourdough bread baking guide and recipe
6630,supernova remnant observed in the crab nebula
6631,best knife sharpening techniques for kitchen blades
6632,slow cooker beef stew with red wine reduction
6633,cosmic microwave background polarization measurements
6634,python decorators explained with practical examples
6635,galaxy rotation curves and dark matter halo evidence
6636,cosmic microwave background polarization measurements
6637,kubernetes pod networking and service discovery
6638,slow cooker beef stew with red wine reduction
6639,galaxy rotation curves and dark matter halo evidence
6640,exoplanet discovery via transit photometry method
6641,vegetarian curry with chickpeas and coconut milk
6642,homemade sourdough bread baking guide and recipe
6643,kubernetes pod networking and service discovery
6644,kubernetes pod networking and service discovery
6645,supernova remnant observed in the crab nebula
6646,slow cooker beef stew with red wine reduction
6647,homemade sourdough bread baking guide and recipe
6648,galaxy rotation curves and dark matter halo evidence
6649,pasta carbonara authentic roman recipe with guanciale
6650,rust ownership and borrowing fundamentals tutorial
6651,black hole accretion disk thermal emission spectrum
6652,python decorators explained with practical examples
6653,cosmic microwave background polarization measurements
6654,vegetarian curry with chickpeas and coconut milk
6655,kubernetes pod networking and service discovery
6656,exoplanet discovery via transit photometry method
6657,react server components vs client components rendering
6658,postgres query plan analysis and index optimization
6659,kubernetes pod networking and service discovery
6660,homemade sourdough bread baking guide and recipe
6661,kubernetes pod networking and service discovery
6662,pasta carbonara authentic roman recipe with guanciale
6663,cosmic microwave background polarization measurements
6664,vegetarian curry with chickpeas and coconut milk
6665,pasta carbonara authentic roman recipe with guanciale
6666,supernova remnant observed in the crab nebula
6667,python decorators explained with practical examples
6668,best knife sharpening techniques for kitchen blades
6669,rust ownership and borrowing fundamentals tutorial
6670,react server components vs client components rendering
6671,vegetarian curry with chickpeas and coconut milk
6672,black hole accretion disk thermal emission spectrum
6673,supernova remnant observed in the crab nebula
6674,react server components vs client components rendering
6675,vegetarian curry with chickpeas and coconut milk
6676,homemade sourdough bread baking guide and recipe
6677,vegetarian curry with chickpeas and coconut milk
6678,rust ownership and borrowing fundamentals tutorial
6679,best knife sharpening techniques for kitchen blades
6680,supernova remnant observed in the crab nebula
6681,vegetarian curry with chickpeas and coconut milk
6682,pasta carbonara authentic roman recipe with guanciale
6683,postgres query plan analysis and index optimization
6684,supernova remnant observed in the crab nebula
6685,pasta carbonara authentic roman recipe with guanciale
6686,pasta carbonara authentic roman recipe with guanciale
6687,react server components vs client components rendering
6688,pasta carbonara authentic roman recipe with guanciale
6689,pasta carbonara authentic roman recipe with guanciale
6690,python decorators explained with practical examples
6691,exoplanet discovery via transit photometry method
6692,best knife sharpening techniques for kitchen blades
6693,galaxy rotation curves and dark matter halo evidence
6694,vegetarian curry with chickpeas and coconut milk
6695,python decorators explained with practical examples
6696,slow cooker beef stew with red wine reduction
6697,supernova remnant observed in the crab nebula
6698,postgres query plan analysis and index optimization
6699,exoplanet discovery via transit photometry method
6700,homemade sourdough bread baking guide and recipe
6701,postgres query plan analysis and index optimization
6702,galaxy rotation curves and dark matter halo evidence
6703,python decorators explained with practical examples
6704,homemade sourdough bread baking guide and recipe
6705,galaxy rotation curves and dark matter halo evidence
6706,exoplanet discovery via transit photometry method
6707,python decorators explained with practical examples
6708,best knife sharpening techniques for kitchen blades
6709,vegetarian curry with chickpeas and coconut milk
6710,kubernetes pod networking and service discovery
6711,rust ownership and borrowing fundamentals tutorial
6712,pasta carbonara authentic roman recipe with guanciale
6713,galaxy rotation curves and dark matter halo evidence
6714,vegetarian curry with chickpeas and coconut milk
6715,rust ownership and borrowing fundamentals tutorial
6716,best knife sharpening techniques for kitchen blades
6717,postgres query plan analysis and index optimization
6718,best knife sharpening techniques for kitchen blades
6719,galaxy rotation curves and dark matter halo evidence
6720,exoplanet discovery via transit photometry method
6721,python decorators explained with practical examples
6722,galaxy rotation curves and dark matter halo evidence
6723,supernova remnant observed in the crab nebula
6724,slow cooker beef stew with red wine reduction
6725,slow cooker beef stew with red wine reduction
6726,kubernetes pod networking and service discovery
6727,best knife sharpening techniques for kitchen blades
6728,vegetarian curry with chickpeas and coconut milk
6729,rust ownership and borrowing fundamentals tutorial
6730,react server components vs client components rendering
6731,kubernetes pod networking and service discovery
6732,rust ownership and borrowing fundamentals tutorial
6733,kubernetes pod networking and service discovery
6734,vegetarian curry with chickpeas and coconut milk
6735,slow cooker beef stew with red wine reduction
6736,black hole accretion disk thermal emission spectrum
6737,postgres query plan analysis and index optimization
6738,vegetarian curry with chickpeas and coconut milk
6739,pasta carbonara authentic roman recipe with guanciale
6740,postgres query plan analysis and index optimization
6741,react server components vs client components rendering
6742,postgres query plan analysis and index optimization
6743,galaxy rotation curves and dark matter halo evidence
6744,cosmic microwave background polarization measurements
6745,rust ownership and borrowing fundamentals tutorial
6746,pasta carbonara authentic roman recipe with guanciale
6747,best knife sharpening techniques for kitchen blades
6748,black hole accretion disk thermal emission spectrum
6749,kubernetes pod networking and service discovery
6750,pasta carbonara authentic roman recipe with guanciale
6751,supernova remnant observed in the crab nebula
6752,exoplanet discovery via transit photometry method
6753,vegetarian curry with chickpeas and coconut milk
6754,postgres query plan analysis and index optimization
6755,supernova remnant observed in the crab nebula
6756,postgres query plan analysis and index optimization
6757,postgres query plan analysis and index optimization
6758,best knife sharpening techniques for kitchen blades
6759,kubernetes pod networking and service discovery
6760,slow cooker beef stew with red wine reduction
6761,black hole accretion disk thermal emission spectrum
6762,react server components vs client components rendering
6763,python decorators explained with practical examples
6764,supernova remnant observed in the crab nebula
6765,galaxy rotation curves and dark matter halo evidence
6766,slow cooker beef stew with red wine reduction
6767,best knife sharpening techniques for kitchen blades
6768,postgres query plan analysis and index optimization
6769,kubernetes pod networking and service discovery
6770,black hole accretion disk thermal emission spectrum
6771,exoplanet discovery via transit photometry method
6772,kubernetes pod networking and service discovery
6773,black hole accretion disk thermal emission spectrum
6774,supernova remnant observed in the crab nebula
6775,react server components vs client components rendering
6776,cosmic microwave background polarization measurements
6777,vegetarian curry with chickpeas and coconut milk
6778,black hole accretion disk thermal emission spectrum
6779,slow cooker beef stew with red wine reduction
6780,vegetarian curry with chickpeas and coconut milk
6781,homemade sourdough bread baking guide and recipe
6782,exoplanet discovery via transit photometry method
6783,rust ownership and borrowing fundamentals tutorial
6784,kubernetes pod networking and service discovery
6785,best knife sharpening techniques for kitchen blades
6786,black hole accretion disk thermal emission spectrum
6787,cosmic microwave background polarization measurements
6788,slow cooker beef stew with red wine reduction
6789,best knife sharpening techniques for kitchen blades
6790,kubernetes pod networking and service discovery
6791,best knife sharpening techniques for kitchen blades
6792,react server components vs client components rendering
6793,exoplanet discovery via transit photometry method
6794,pasta carbonara authentic roman recipe with guanciale
6795,vegetarian curry with chickpeas and coconut milk
6796,python decorators explained with practical examples
6797,best knife sharpening techniques for kitchen blades
6798,exoplanet discovery via transit photometry method
6799,python decorators explained with practical examples
6800,cosmic microwave background polarization measurements
6801,vegetarian curry with chickpeas and coconut milk
6802,galaxy rotation curves and dark matter halo evidence
6803,postgres query plan analysis and index optimization
6804,homemade sourdough bread baking guide and recipe
6805,cosmic microwave background polarization measurements
6806,homemade sourdough bread baking guide and recipe
6807,exoplanet discovery via transit photometry method
6808,rust ownership and borrowing fundamentals tutorial
6809,exoplanet discovery via transit photometry method
6810,galaxy rotation curves and dark matter halo evidence
6811,supernova remnant observed in the crab nebula
6812,pasta carbonara authentic roman recipe with guanciale
6813,postgres query plan analysis and index optimization
6814,kubernetes pod networking and service discovery
6815,pasta carbonara authentic roman recipe with guanciale
6816,slow cooker beef stew with red wine reduction
6817,python decorators explained with practical examples
6818,python decorators explained with practical examples
6819,best knife sharpening techniques for kitchen blades
6820,best knife sharpening techniques for kitchen blades
6821,galaxy rotation curves and dark matter halo evidence
6822,cosmic microwave background polarization measurements
6823,slow cooker beef stew with red wine reduction
6824,vegetarian curry with chickpeas and coconut milk
6825,supernova remnant observed in the crab nebula
6826,black hole accretion disk thermal emission spectrum
6827,galaxy rotation curves and dark matter halo evidence
6828,pasta carbonara authentic roman recipe with guanciale
6829,exoplanet discovery via transit photometry method
6830,kubernetes pod networking and service discovery
6831,slow cooker beef stew with red wine reduction
6832,postgres query plan analysis and index optimization
6833,cosmic microwave background polarization measurements
6834,cosmic microwave background polarization measurements
6835,postgres query plan analysis and index optimization
6836,slow cooker beef stew with red wine reduction
6837,supernova remnant observed in the crab nebula
6838,slow cooker beef stew with red wine reduction
6839,kubernetes pod networking and service discovery
6840,python decorators explained with practical examples
6841,react server components vs client components rendering
6842,homemade sourdough bread baking guide and recipe
6843,supernova remnant observed in the crab nebula
6844,slow cooker beef stew with red wine reduction
6845,best knife sharpening techniques for kitchen blades
6846,galaxy rotation curves and dark matter halo evidence
6847,supernova remnant observed in the crab nebula
6848,cosmic microwave background polarization measurements
6849,postgres query plan analysis and index optimization
6850,pasta carbonara authentic roman recipe with guanciale
6851,best knife sharpening techniques for kitchen blades
6852,rust ownership and borrowing fundamentals tutorial
6853,rust ownership and borrowing fundamentals tutorial
6854,postgres query plan analysis and index optimization
6855,galaxy rotation curves and dark matter halo evidence
6856,postgres query plan analysis and index optimization
6857,best knife sharpening techniques for kitchen blades
6858,rust ownership and borrowing fundamentals tutorial
6859,python decorators explained with practical examples
6860,black hole accretion disk thermal emission spectrum
6861,galaxy rotation curves and dark matter halo evidence
6862,cosmic microwave background polarization measurements
6863,rust ownership and borrowing fundamentals tutorial
6864,postgres query plan analysis and index optimization
6865,postgres query plan analysis and index optimization
6866,black hole accretion disk thermal emission spectrum
6867,vegetarian curry with chickpeas and coconut milk
6868,supernova remnant observed in the crab nebula
6869,postgres query plan analysis and index optimization
6870,cosmic microwave background polarization measurements
6871,best knife sharpening techniques for kitchen blades
6872,pasta carbonara authentic roman recipe with guanciale
6873,homemade sourdough bread baking guide and recipe
6874,python decorators explained with practical examples
6875,postgres query plan analysis and index optimization
6876,exoplanet discovery via transit photometry method
6877,vegetarian curry with chickpeas and coconut milk
6878,galaxy rotation curves and dark matter halo evidence
6879,rust ownership and borrowing fundamentals tutorial
6880,supernova remnant observed in the crab nebula
6881,pasta carbonara authentic roman recipe with guanciale
6882,cosmic microwave background polarization measurements
6883,postgres query plan analysis and index optimization
6884,supernova remnant observed in the crab nebula
6885,vegetarian curry with chickpeas and coconut milk
6886,rust ownership and borrowing fundamentals tutorial
6887,kubernetes pod networking and service discovery
6888,rust ownership and borrowing fundamentals tutorial
6889,rust ownership and borrowing fundamentals tutorial
6890,postgres query plan analysis and index optimization
6891,best knife sharpening techniques for kitchen blades
6892,kubernetes pod networking and service discovery
6893,react server components vs client components rendering
6894,black hole accretion disk thermal emission spectrum
6895,kubernetes pod networking and service discovery
6896,slow cooker beef stew with red wine reduction
6897,homemade sourdough bread baking guide and recipe
6898,python decorators explained with practical examples
6899,best knife sharpening techniques for kitchen blades
6900,black hole accretion disk thermal emission spectrum
6901,postgres query plan analysis and index optimization
6902,rust ownership and borrowing fundamentals tutorial
6903,vegetarian curry with chickpeas and coconut milk
6904,kubernetes pod networking and service discovery
6905,supernova remnant observed in the crab nebula
6906,vegetarian curry with chickpeas and coconut milk
6907,black hole accretion disk thermal emission spectrum
6908,homemade sourdough bread baking guide and recipe
6909,supernova remnant observed in the crab nebula
6910,rust ownership and borrowing fundamentals tutorial
6911,supernova remnant observed in the crab nebula
6912,python decorators explained with practical examples
6913,pasta carbonara authentic roman recipe with guanciale
6914,react server components vs client components rendering
6915,supernova remnant observed in the crab nebula
6916,rust ownership and borrowing fundamentals tutorial
6917,supernova remnant observed in the crab nebula
6918,supernova remnant observed in the crab nebula
6919,postgres query plan analysis and index optimization
6920,rust ownership and borrowing fundamentals tutorial
6921,exoplanet discovery via transit photometry method
6922,pasta carbonara authentic roman recipe with guanciale
6923,homemade sourdough bread baking guide and recipe
6924,exoplanet discovery via transit photometry method
6925,python decorators explained with practical examples
6926,cosmic microwave background polarization measurements
6927,galaxy rotation curves and dark matter halo evidence
6928,vegetarian curry with chickpeas and coconut milk
6929,exoplanet discovery via transit photometry method
6930,kubernetes pod networking and service discovery
6931,cosmic microwave background polarization measurements
6932,homemade sourdough bread baking guide and recipe
6933,galaxy rotation curves and dark matter halo evidence
6934,react server components vs client components rendering
6935,postgres query plan analysis and index optimization
6936,best knife sharpening techniques for kitchen blades
6937,supernova remnant observed in the crab nebula
6938,homemade sourdough bread baking guide and recipe
6939,exoplanet discovery via transit photometry method
6940,slow cooker beef stew with red wine reduction
6941,best knife sharpening techniques for kitchen blades
6942,react server components vs client components rendering
6943,slow cooker beef stew with red wine reduction
6944,homemade sourdough bread baking guide and recipe
6945,python decorators explained with practical examples
6946,postgres query plan analysis and index optimization
6947,galaxy rotation curves and dark matter halo evidence
6948,vegetarian curry with chickpeas and coconut milk
6949,pasta carbonara authentic roman recipe with guanciale
6950,kubernetes pod networking and service discovery
6951,python decorators explained with practical examples
6952,supernova remnant observed in the crab nebula
6953,pasta carbonara authentic roman recipe with guanciale
6954,cosmic microwave background polarization measurements
6955,best knife sharpening techniques for kitchen blades
6956,kubernetes pod networking and service discovery
6957,pasta carbonara authentic roman recipe with guanciale
6958,python decorators explained with practical examples
6959,exoplanet discovery via transit photometry method
6960,supernova remnant observed in the crab nebula
6961,python decorators explained with practical examples
6962,python decorators explained with practical examples
6963,rust ownership and borrowing fundamentals tutorial
6964,python decorators explained with practical examples
6965,vegetarian curry with chickpeas and coconut milk
6966,homemade sourdough bread baking guide and recipe
6967,best knife sharpening techniques for kitchen blades
6968,black hole accretion disk thermal emission spectrum
6969,vegetarian curry with chickpeas and coconut milk
6970,python decorators explained with practical examples
6971,exoplanet discovery via transit photometry method
6972,pasta carbonara authentic roman recipe with guanciale
6973,slow cooker beef stew with red wine reduction
6974,rust ownership and borrowing fundamentals tutorial
6975,postgres query plan analysis and index optimization
6976,black hole accretion disk thermal emission spectrum
6977,homemade sourdough bread baking guide and recipe
6978,slow cooker beef stew with red wine reduction
6979,react server components vs client components rendering
6980,homemade sourdough bread baking guide and recipe
6981,slow cooker beef stew with red wine reduction
6982,cosmic microwave background polarization measurements
6983,python decorators explained with practical examples
6984,postgres query plan analysis and index optimization
6985,homemade sourdough bread baking guide and recipe
6986,best knife sharpening techniques for kitchen blades
6987,supernova remnant observed in the crab nebula
6988,kubernetes pod networking and service discovery
6989,homemade sourdough bread baking guide and recipe
6990,python decorators explained with practical examples
6991,pasta carbonara authentic roman recipe with guanciale
6992,react server components vs client components rendering
6993,pasta carbonara authentic roman recipe with guanciale
6994,black hole accretion disk thermal emission spectrum
6995,vegetarian curry with chickpeas and coconut milk
6996,vegetarian curry with chickpeas and coconut milk
6997,cosmic microwave background polarization measurements
6998,kubernetes pod networking and service discovery
6999,supernova remnant observed in the crab nebula
7000,rust ownership and borrowing fundamentals tutorial
7001,python decorators explained with practical examples
7002,galaxy rotation curves and dark matter halo evidence
7003,supernova remnant observed in the crab nebula
7004,python decorators explained with practical examples
7005,kubernetes pod networking and service discovery
7006,rust ownership and borrowing fundamentals tutorial
7007,black hole accretion disk thermal emission spectrum
7008,postgres query plan analysis and index optimization
7009,cosmic microwave background polarization measurements
7010,galaxy rotation curves and dark matter halo evidence
7011,react server components vs client components rendering
7012,react server components vs client components rendering
7013,kubernetes pod networking and service discovery
7014,homemade sourdough bread baking guide and recipe
7015,pasta carbonara authentic roman recipe with guanciale
7016,slow cooker beef stew with red wine reduction
7017,rust ownership and borrowing fundamentals tutorial
7018,pasta carbonara authentic roman recipe with guanciale
7019,pasta carbonara authentic roman recipe with guanciale
7020,best knife sharpening techniques for kitchen blades
7021,slow cooker beef stew with red wine reduction
7022,best knife sharpening techniques for kitchen blades
7023,homemade sourdough bread baking guide and recipe
7024,cosmic microwave background polarization measurements
7025,galaxy rotation curves and dark matter halo evidence
7026,best knife sharpening techniques for kitchen blades
7027,cosmic microwave background polarization measurements
7028,react server components vs client components rendering
7029,rust ownership and borrowing fundamentals tutorial
7030,kubernetes pod networking and service discovery
7031,cosmic microwave background polarization measurements
7032,exoplanet discovery via transit photometry method
7033,black hole accretion disk thermal emission spectrum
7034,python decorators explained with practical examples
7035,black hole accretion disk thermal emission spectrum
7036,exoplanet discovery via transit photometry method
7037,homemade sourdough bread baking guide and recipe
7038,rust ownership and borrowing fundamentals tutorial
7039,cosmic microwave background polarization measurements
7040,kubernetes pod networking and service discovery
7041,python decorators explained with practical examples
7042,galaxy rotation curves and dark matter halo evidence
7043,python decorators explained with practical examples
7044,postgres query plan analysis and index optimization
7045,supernova remnant observed in the crab nebula
7046,rust ownership and borrowing fundamentals tutorial
7047,galaxy rotation curves and dark matter halo evidence
7048,pasta carbonara authentic roman recipe with guanciale
7049,slow cooker beef stew with red wine reduction
7050,cosmic microwave background polarization measurements
7051,vegetarian curry with chickpeas and coconut milk
7052,galaxy rotation curves and dark matter halo evidence
7053,vegetarian curry with chickpeas and coconut milk
7054,python decorators explained with practical examples
7055,exoplanet discovery via transit photometry method
7056,cosmic microwave background polarization measurements
7057,galaxy rotation curves and dark matter halo evidence
7058,kubernetes pod networking and service discovery
7059,homemade sourdough bread baking guide and recipe
7060,black hole accretion disk thermal emission spectrum
7061,cosmic microwave background polarization measurements
7062,cosmic microwave background polarization measurements
7063,pasta carbonara authentic roman recipe with guanciale
7064,postgres query plan analysis and index optimization
7065,exoplanet discovery via transit photometry method
7066,vegetarian curry with chickpeas and coconut milk
7067,galaxy rotation curves and dark matter halo evidence
7068,python decorators explained with practical examples
7069,vegetarian curry with chickpeas and coconut milk
7070,rust ownership and borrowing fundamentals tutorial
7071,best knife sharpening techniques for kitchen blades
7072,react server components vs client components rendering
7073,supernova remnant observed in the crab nebula
7074,cosmic microwave background polarization measurements
7075,rust ownership and borrowing fundamentals tutorial
7076,vegetarian curry with chickpeas and coconut milk
7077,rust ownership and borrowing fundamentals tutorial
7078,galaxy rotation curves and dark matter halo evidence
7079,vegetarian curry with chickpeas and coconut milk
7080,black hole accretion disk thermal emission spectrum
7081,black hole accretion disk thermal emission spectrum
7082,best knife sharpening techniques for kitchen blades
7083,postgres query plan analysis and index optimization
7084,cosmic microwave background polarization measurements
7085,react server components vs client components rendering
7086,vegetarian curry with chickpeas and coconut milk
7087,supernova remnant observed in the crab nebula
7088,rust ownership and borrowing fundamentals tutorial
7089,best knife sharpening techniques for kitchen blades
7090,rust ownership and borrowing fundamentals tutorial
7091,exoplanet discovery via transit photometry method
7092,react server components vs client components rendering
7093,supernova remnant observed in the crab nebula
7094,rust ownership and borrowing fundamentals tutorial
7095,homemade sourdough bread baking guide and recipe
7096,kubernetes pod networking and service discovery
7097,best knife sharpening techniques for kitchen blades
7098,react server components vs client components rendering
7099,rust ownership and borrowing fundamentals tutorial
7100,supernova remnant observed in the crab nebula
7101,react server components vs client components rendering
7102,cosmic microwave background polarization measurements
7103,best knife sharpening techniques for kitchen blades
7104,galaxy rotation curves and dark matter halo evidence
7105,pasta carbonara authentic roman recipe with guanciale
7106,cosmic microwave background polarization measurements
7107,python decorators explained with practical examples
7108,python decorators explained with practical examples
7109,homemade sourdough bread baking guide and recipe
7110,postgres query plan analysis and index optimization
7111,postgres query plan analysis and index optimization
7112,homemade sourdough bread baking guide and recipe
7113,homemade sourdough bread baking guide and recipe
7114,vegetarian curry with chickpeas and coconut milk
7115,rust ownership and borrowing fundamentals tutorial
7116,black hole accretion disk thermal emission spectrum
7117,best knife sharpening techniques for kitchen blades
7118,galaxy rotation curves and dark matter halo evidence
7119,python decorators explained with practical examples
7120,postgres query plan analysis and index optimization
7121,homemade sourdough bread baking guide and recipe
7122,black hole accretion disk thermal emission spectrum
7123,rust ownership and borrowing fundamentals tutorial
7124,pasta carbonara authentic roman recipe with guanciale
7125,vegetarian curry with chickpeas and coconut milk
7126,react server components vs client components rendering
7127,postgres query plan analysis and index optimization
7128,galaxy rotation curves and dark matter halo evidence
7129,vegetarian curry with chickpeas and coconut milk
7130,kubernetes pod networking and service discovery
7131,postgres query plan analysis and index optimization
7132,vegetarian curry with chickpeas and coconut milk
7133,pasta carbonara authentic roman recipe with guanciale
7134,rust ownership and borrowing fundamentals tutorial
7135,exoplanet discovery via transit photometry method
7136,cosmic microwave background polarization measurements
7137,black hole accretion disk thermal emission spectrum
7138,postgres query plan analysis and index optimization
7139,black hole accretion disk thermal emission spectrum
7140,vegetarian curry with chickpeas and coconut milk
7141,supernova remnant observed in the crab nebula
7142,homemade sourdough bread baking guide and recipe
7143,kubernetes pod networking and service discovery
7144,react server components vs client components rendering
7145,cosmic microwave background polarization measurements
7146,kubernetes pod networking and service discovery
7147,cosmic microwave background polarization measurements
7148,cosmic microwave background polarization measurements
7149,kubernetes pod networking and service discovery
7150,vegetarian curry with chickpeas and coconut milk
7151,best knife sharpening techniques for kitchen blades
7152,supernova remnant observed in the crab nebula
7153,rust ownership and borrowing fundamentals tutorial
7154,best knife sharpening techniques for kitchen blades
7155,slow cooker beef stew with red wine reduction
7156,exoplanet discovery via transit photometry method
7157,black hole accretion disk thermal emission spectrum
7158,vegetarian curry with chickpeas and coconut milk
7159,react server components vs client components rendering
7160,supernova remnant observed in the crab nebula
7161,vegetarian curry with chickpeas and coconut milk
7162,cosmic microwave background polarization measurements
7163,postgres query plan analysis and index optimization
7164,python decorators explained with practical examples
7165,rust ownership and borrowing fundamentals tutorial
7166,kubernetes pod networking and service discovery
7167,pasta carbonara authentic roman recipe with guanciale
7168,rust ownership and borrowing fundamentals tutorial
7169,slow cooker beef stew with red wine reduction
7170,galaxy rotation curves and dark matter halo evidence
7171,black hole accretion disk thermal emission spectrum
7172,black hole accretion disk thermal emission spectrum
7173,vegetarian curry with chickpeas and coconut milk
7174,black hole accretion disk thermal emission spectrum
7175,best knife sharpening techniques for kitchen blades
7176,best knife sharpening techniques for kitchen blades
7177,postgres query plan analysis and index optimization
7178,python decorators explained with practical examples
7179,slow cooker beef stew with red wine reduction
7180,galaxy rotation curves and dark matter halo evidence
7181,homemade sourdough bread baking guide and recipe
7182,kubernetes pod networking and service discovery
7183,vegetarian curry with chickpeas and coconut milk
7184,supernova remnant observed in the crab nebula
7185,react server components vs client components rendering
7186,supernova remnant observed in the crab nebula
7187,supernova remnant observed in the crab nebula
7188,homemade sourdough bread baking guide and recipe
7189,exoplanet discovery via transit photometry method
7190,python decorators explained with practical examples
7191,supernova remnant observed in the crab nebula
7192,slow cooker beef stew with red wine reduction
7193,vegetarian curry with chickpeas and coconut milk
7194,postgres query plan analysis and index optimization
7195,black hole accretion disk thermal emission spectrum
7196,homemade sourdough bread baking guide and recipe
7197,galaxy rotation curves and dark matter halo evidence
7198,galaxy rotation curves and dark matter halo evidence
7199,vegetarian curry with chickpeas and coconut milk
7200,supernova remnant observed in the crab nebula
7201,postgres query plan analysis and index optimization
7202,vegetarian curry with chickpeas and coconut milk
7203,kubernetes pod networking and service discovery
7204,cosmic microwave background polarization measurements
7205,python decorators explained with practical examples
7206,supernova remnant observed in the crab nebula
7207,best knife sharpening techniques for kitchen blades
7208,react server components vs client components rendering
7209,supernova remnant observed in the crab nebula
7210,react server components vs client components rendering
7211,homemade sourdough bread baking guide and recipe
7212,kubernetes pod networking and service discovery
7213,black hole accretion disk thermal emission spectrum
7214,react server components vs client components rendering
7215,cosmic microwave background polarization measurements
7216,slow cooker beef stew with red wine reduction
7217,supernova remnant observed in the crab nebula
7218,postgres query plan analysis and index optimization
7219,cosmic microwave background polarization measurements
7220,vegetarian curry with chickpeas and coconut milk
7221,rust ownership and borrowing fundamentals tutorial
7222,vegetarian curry with chickpeas and coconut milk
7223,black hole accretion disk thermal emission spectrum
7224,homemade sourdough bread baking guide and recipe
7225,black hole accretion disk thermal emission spectrum
7226,slow cooker beef stew with red wine reduction
7227,pasta carbonara authentic roman recipe with guanciale
7228,supernova remnant observed in the crab nebula
7229,pasta carbonara authentic roman recipe with guanciale
7230,best knife sharpening techniques for kitchen blades
7231,react server components vs client components rendering
7232,python decorators explained with practical examples
7233,homemade sourdough bread baking guide and recipe
7234,exoplanet discovery via transit photometry method
7235,black hole accretion disk thermal emission spectrum
7236,kubernetes pod networking and service discovery
7237,exoplanet discovery via transit photometry method
7238,python decorators explained with practical examples
7239,react server components vs client components rendering
7240,cosmic microwave background polarization measurements
7241,react server components vs client components rendering
7242,homemade sourdough bread baking guide and recipe
7243,supernova remnant observed in the crab nebula
7244,homemade sourdough bread baking guide and recipe
7245,python decorators explained with practical examples
7246,homemade sourdough bread baking guide and recipe
7247,black hole accretion disk thermal emission spectrum
7248,vegetarian curry with chickpeas and coconut milk
7249,pasta carbonara authentic roman recipe with guanciale
7250,rust ownership and borrowing fundamentals tutorial
7251,slow cooker beef stew with red wine reduction
7252,black hole accretion disk thermal emission spectrum
7253,best knife sharpening techniques for kitchen blades
7254,rust ownership and borrowing fundamentals tutorial
7255,kubernetes pod networking and service discovery
7256,rust ownership and borrowing fundamentals tutorial
7257,exoplanet discovery via transit photometry method
7258,galaxy rotation curves and dark matter halo evidence
7259,homemade sourdough bread baking guide and recipe
7260,vegetarian curry with chickpeas and coconut milk
7261,best knife sharpening techniques for kitchen blades
7262,slow cooker beef stew with red wine reduction
7263,homemade sourdough bread baking guide and recipe
7264,homemade sourdough bread baking guide and recipe
7265,vegetarian curry with chickpeas and coconut milk
7266,exoplanet discovery via transit photometry method
7267,galaxy rotation curves and dark matter halo evidence
7268,python decorators explained with practical examples
7269,kubernetes pod networking and service discovery
7270,react server components vs client components rendering
7271,cosmic microwave background polarization measurements
7272,vegetarian curry with chickpeas and coconut milk
7273,kubernetes pod networking and service discovery
7274,best knife sharpening techniques for kitchen blades
7275,supernova remnant observed in the crab nebula
7276,black hole accretion disk thermal emission spectrum
7277,cosmic microwave background polarization measurements
7278,supernova remnant observed in the crab nebula
7279,vegetarian curry with chickpeas and coconut milk
7280,supernova remnant observed in the crab nebula
7281,pasta carbonara authentic roman recipe with guanciale
7282,homemade sourdough bread baking guide and recipe
7283,rust ownership and borrowing fundamentals tutorial
7284,galaxy rotation curves and dark matter halo evidence
7285,pasta carbonara authentic roman recipe with guanciale
7286,black hole accretion disk thermal emission spectrum
7287,galaxy rotation curves and dark matter halo evidence
7288,rust ownership and borrowing fundamentals tutorial
7289,homemade sourdough bread baking guide and recipe
7290,python decorators explained with practical examples
7291,react server components vs client components rendering
7292,exoplanet discovery via transit photometry method
7293,supernova remnant observed in the crab nebula
7294,homemade sourdough bread baking guide and recipe
7295,galaxy rotation curves and dark matter halo evidence
7296,postgres query plan analysis and index optimization
7297,pasta carbonara authentic roman recipe with guanciale
7298,rust ownership and borrowing fundamentals tutorial
7299,rust ownership and borrowing fundamentals tutorial
7300,best knife sharpening techniques for kitchen blades
7301,galaxy rotation curves and dark matter halo evidence
7302,pasta carbonara authentic roman recipe with guanciale
7303,homemade sourdough bread baking guide and recipe
7304,react server components vs client components rendering
7305,rust ownership and borrowing fundamentals tutorial
7306,galaxy rotation curves and dark matter halo evidence
7307,supernova remnant observed in the crab nebula
7308,slow cooker beef stew with red wine reduction
7309,kubernetes pod networking and service discovery
7310,rust ownership and borrowing fundamentals tutorial
7311,pasta carbonara authentic roman recipe with guanciale
7312,cosmic microwave background polarization measurements
7313,black hole accretion disk thermal emission spectrum
7314,galaxy rotation curves and dark matter halo evidence
7315,black hole accretion disk thermal emission spectrum
7316,exoplanet discovery via transit photometry method
7317,slow cooker beef stew with red wine reduction
7318,black hole accretion disk thermal emission spectrum
7319,vegetarian curry with chickpeas and coconut milk
7320,slow cooker beef stew with red wine reduction
7321,homemade sourdough bread baking guide and recipe
7322,supernova remnant observed in the crab nebula
7323,python decorators explained with practical examples
7324,vegetarian curry with chickpeas and coconut milk
7325,react server components vs client components rendering
7326,react server components vs client components rendering
7327,rust ownership and borrowing fundamentals tutorial
7328,supernova remnant observed in the crab nebula
7329,python decorators explained with practical examples
7330,vegetarian curry with chickpeas and coconut milk
7331,pasta carbonara authentic roman recipe with guanciale
7332,exoplanet discovery via transit photometry method
7333,homemade sourdough bread baking guide and recipe
7334,homemade sourdough bread baking guide and recipe
7335,react server components vs client components rendering
7336,postgres query plan analysis and index optimization
7337,kubernetes pod networking and service discovery
7338,python decorators explained with practical examples
7339,best knife sharpening techniques for kitchen blades
7340,slow cooker beef stew with red wine reduction
7341,cosmic microwave background polarization measurements
7342,supernova remnant observed in the crab nebula
7343,postgres query plan analysis and index optimization
7344,cosmic microwave background polarization measurements
7345,slow cooker beef stew with red wine reduction
7346,homemade sourdough bread baking guide and recipe
7347,homemade sourdough bread baking guide and recipe
7348,kubernetes pod networking and service discovery
7349,galaxy rotation curves and dark matter halo evidence
7350,postgres query plan analysis and index optimization
7351,slow cooker beef stew with red wine reduction
7352,cosmic microwave background polarization measurements
7353,slow cooker beef stew with red wine reduction
7354,best knife sharpening techniques for kitchen blades
7355,slow cooker beef stew with red wine reduction
7356,slow cooker beef stew with red wine reduction
7357,galaxy rotation curves and dark matter halo evidence
7358,slow cooker beef stew with red wine reduction
7359,exoplanet discovery via transit photometry method
7360,exoplanet discovery via transit photometry method
7361,homemade sourdough bread baking guide and recipe
7362,supernova remnant observed in the crab nebula
7363,vegetarian curry with chickpeas and coconut milk
7364,supernova remnant observed in the crab nebula
7365,kubernetes pod networking and service discovery
7366,cosmic microwave background polarization measurements
7367,kubernetes pod networking and service discovery
7368,homemade sourdough bread baking guide and recipe
7369,pasta carbonara authentic roman recipe with guanciale
7370,cosmic microwave background polarization measurements
7371,postgres query plan analysis and index optimization
7372,homemade sourdough bread baking guide and recipe
7373,supernova remnant observed in the crab nebula
7374,kubernetes pod networking and service discovery
7375,kubernetes pod networking and service discovery
7376,supernova remnant observed in the crab nebula
7377,supernova remnant observed in the crab nebula
7378,best knife sharpening techniques for kitchen blades
7379,cosmic microwave background polarization measurements
7380,python decorators explained with practical examples
7381,python decorators explained with practical examples
7382,supernova remnant observed in the crab nebula
7383,supernova remnant observed in the crab nebula
7384,best knife sharpening techniques for kitchen blades
7385,exoplanet discovery via transit photometry method
7386,pasta carbonara authentic roman recipe with guanciale
7387,supernova remnant observed in the crab nebula
7388,cosmic microwave background polarization measurements
7389,vegetarian curry with chickpeas and coconut milk
7390,kubernetes pod networking and service discovery
7391,slow cooker beef stew with red wine reduction
7392,pasta carbonara authentic roman recipe with guanciale
7393,react server components vs client components rendering
7394,galaxy rotation curves and dark matter halo evidence
7395,slow cooker beef stew with red wine reduction
7396,cosmic microwave background polarization measurements
7397,slow cooker beef stew with red wine reduction
7398,react server components vs client components rendering
7399,galaxy rotation curves and dark matter halo evidence
7400,kubernetes pod networking and service discovery
7401,postgres query plan analysis and index optimization
7402,best knife sharpening techniques for kitchen blades
7403,supernova remnant observed in the crab nebula
7404,cosmic microwave background polarization measurements
7405,cosmic microwave background polarization measurements
7406,galaxy rotation curves and dark matter halo evidence
7407,python decorators explained with practical examples
7408,cosmic microwave background polarization measurements
7409,best knife sharpening techniques for kitchen blades
7410,cosmic microwave background polarization measurements
7411,slow cooker beef stew with red wine reduction
7412,supernova remnant observed in the crab nebula
7413,vegetarian curry with chickpeas and coconut milk
7414,black hole accretion disk thermal emission spectrum
7415,vegetarian curry with chickpeas and coconut milk
7416,black hole accretion disk thermal emission spectrum
7417,slow cooker beef stew with red wine reduction
7418,exoplanet discovery via transit photometry method
7419,exoplanet discovery via transit photometry method
7420,supernova remnant observed in the crab nebula
7421,best knife sharpening techniques for kitchen blades
7422,supernova remnant observed in the crab nebula
7423,slow cooker beef stew with red wine reduction
7424,vegetarian curry with chickpeas and coconut milk
7425,react server components vs client components rendering
7426,kubernetes pod networking and service discovery
7427,slow cooker beef stew with red wine reduction
7428,supernova remnant observed in the crab nebula
7429,black hole accretion disk thermal emission spectrum
7430,kubernetes pod networking and service discovery
7431,best knife sharpening techniques for kitchen blades
7432,supernova remnant observed in the crab nebula
7433,kubernetes pod networking and service discovery
7434,supernova remnant observed in the crab nebula
7435,vegetarian curry with chickpeas and coconut milk
7436,react server components vs client components rendering
7437,python decorators explained with practical examples
7438,supernova remnant observed in the crab nebula
7439,react server components vs client components rendering
7440,slow cooker beef stew with red wine reduction
7441,exoplanet discovery via transit photometry method
7442,pasta carbonara authentic roman recipe with guanciale
7443,pasta carbonara authentic roman recipe with guanciale
7444,slow cooker beef stew with red wine reduction
7445,cosmic microwave background polarization measurements
7446,black hole accretion disk thermal emission spectrum
7447,cosmic microwave background polarization measurements
7448,exoplanet discovery via transit photometry method
7449,python decorators explained with practical examples
7450,kubernetes pod networking and service discovery
7451,cosmic microwave background polarization measurements
7452,rust ownership and borrowing fundamentals tutorial
7453,pasta carbonara authentic roman recipe with guanciale
7454,kubernetes pod networking and service discovery
7455,homemade sourdough bread baking guide and recipe
7456,supernova remnant observed in the crab nebula
7457,slow cooker beef stew with red wine reduction
7458,homemade sourdough bread baking guide and recipe
7459,black hole accretion disk thermal emission spectrum
7460,exoplanet discovery via transit photometry method
7461,postgres query plan analysis and index optimization
7462,cosmic microwave background polarization measurements
7463,kubernetes pod networking and service discovery
7464,best knife sharpening techniques for kitchen blades
7465,react server components vs client components rendering
7466,homemade sourdough bread baking guide and recipe
7467,exoplanet discovery via transit photometry method
7468,vegetarian curry with chickpeas and coconut milk
7469,cosmic microwave background polarization measurements
7470,rust ownership and borrowing fundamentals tutorial
7471,pasta carbonara authentic roman recipe with guanciale
7472,exoplanet discovery via transit photometry method
7473,homemade sourdough bread baking guide and recipe
7474,react server components vs client components rendering
7475,rust ownership and borrowing fundamentals tutorial
7476,cosmic microwave background polarization measurements
7477,pasta carbonara authentic roman recipe with guanciale
7478,exoplanet discovery via transit photometry method
7479,cosmic microwave background polarization measurements
7480,black hole accretion disk thermal emission spectrum
7481,react server components vs client components rendering
7482,black hole accretion disk thermal emission spectrum
7483,cosmic microwave background polarization measurements
7484,exoplanet discovery via transit photometry method
7485,exoplanet discovery via transit photometry method
7486,postgres query plan analysis and index optimization
7487,exoplanet discovery via transit photometry method
7488,homemade sourdough bread baking guide and recipe
7489,vegetarian curry with chickpeas and coconut milk
7490,slow cooker beef stew with red wine reduction
7491,slow cooker beef stew with red wine reduction
7492,react server components vs client components rendering
7493,react server components vs client components rendering
7494,supernova remnant observed in the crab nebula
7495,best knife sharpening techniques for kitchen blades
7496,galaxy rotation curves and dark matter halo evidence
7497,cosmic microwave background polarization measurements
7498,black hole accretion disk thermal emission spectrum
7499,slow cooker beef stew with red wine reduction
7500,cosmic microwave background polarization measurements
7501,react server components vs client components rendering
7502,exoplanet discovery via transit photometry method
7503,pasta carbonara authentic roman recipe with guanciale
7504,rust ownership and borrowing fundamentals tutorial
7505,slow cooker beef stew with red wine reduction
7506,vegetarian curry with chickpeas and coconut milk
7507,homemade sourdough bread baking guide and recipe
7508,postgres query plan analysis and index optimization
7509,black hole accretion disk thermal emission spectrum
7510,kubernetes pod networking and service discovery
7511,kubernetes pod networking and service discovery
7512,supernova remnant observed in the crab nebula
7513,black hole accretion disk thermal emission spectrum
7514,react server components vs client components rendering
7515,supernova remnant observed in the crab nebula
7516,galaxy rotation curves and dark matter halo evidence
7517,kubernetes pod networking and service discovery
7518,pasta carbonara authentic roman recipe with guanciale
7519,vegetarian curry with chickpeas and coconut milk
7520,cosmic microwave background polarization measurements
7521,react server components vs client components rendering
7522,homemade sourdough bread baking guide and recipe
7523,black hole accretion disk thermal emission spectrum
7524,rust ownership and borrowing fundamentals tutorial
7525,slow cooker beef stew with red wine reduction
7526,vegetarian curry with chickpeas and coconut milk
7527,pasta carbonara authentic roman recipe with guanciale
7528,supernova remnant observed in the crab nebula
7529,homemade sourdough bread baking guide and recipe
7530,react server components vs client components rendering
7531,vegetarian curry with chickpeas and coconut milk
7532,cosmic microwave background polarization measurements
7533,exoplanet discovery via transit photometry method
7534,rust ownership and borrowing fundamentals tutorial
7535,pasta carbonara authentic roman recipe with guanciale
7536,postgres query plan analysis and index optimization
7537,homemade sourdough bread baking guide and recipe
7538,pasta carbonara authentic roman recipe with guanciale
7539,react server components vs client components rendering
7540,kubernetes pod networking and service discovery
7541,cosmic microwave background polarization measurements
7542,exoplanet discovery via transit photometry method
7543,slow cooker beef stew with red wine reduction
7544,react server components vs client components rendering
7545,vegetarian curry with chickpeas and coconut milk
7546,rust ownership and borrowing fundamentals tutorial
7547,python decorators explained with practical examples
7548,cosmic microwave background polarization measurements
7549,kubernetes pod networking and service discovery
7550,galaxy rotation curves and dark matter halo evidence
7551,pasta carbonara authentic roman recipe with guanciale
7552,kubernetes pod networking and service discovery
7553,slow cooker beef stew with red wine reduction
7554,postgres query plan analysis and index optimization
7555,exoplanet discovery via transit photometry method
7556,cosmic microwave background polarization measurements
7557,react server components vs client components rendering
7558,python decorators explained with practical examples
7559,react server components vs client components rendering
7560,rust ownership and borrowing fundamentals tutorial
7561,black hole accretion disk thermal emission spectrum
7562,supernova remnant observed in the crab nebula
7563,postgres query plan analysis and index optimization
7564,react server components vs client components rendering
7565,react server components vs client components rendering
7566,python decorators explained with practical examples
7567,black hole accretion disk thermal emission spectrum
7568,cosmic microwave background polarization measurements
7569,rust ownership and borrowing fundamentals tutorial
7570,kubernetes pod networking and service discovery
7571,slow cooker beef stew with red wine reduction
7572,homemade sourdough bread baking guide and recipe
7573,rust ownership and borrowing fundamentals tutorial
7574,cosmic microwave background polarization measurements
7575,exoplanet discovery via transit photometry method
7576,python decorators explained with practical examples
7577,react server components vs client components rendering
7578,exoplanet discovery via transit photometry method
7579,supernova remnant observed in the crab nebula
7580,vegetarian curry with chickpeas and coconut milk
7581,kubernetes pod networking and service discovery
7582,slow cooker beef stew with red wine reduction
7583,vegetarian curry with chickpeas and coconut milk
7584,black hole accretion disk thermal emission spectrum
7585,vegetarian curry with chickpeas and coconut milk
7586,exoplanet discovery via transit photometry method
7587,rust ownership and borrowing fundamentals tutorial
7588,cosmic microwave background polarization measurements
7589,pasta carbonara authentic roman recipe with guanciale
7590,kubernetes pod networking and service discovery
7591,react server components vs client components rendering
7592,black hole accretion disk thermal emission spectrum
7593,kubernetes pod networking and service discovery
7594,postgres query plan analysis and index optimization
7595,pasta carbonara authentic roman recipe with guanciale
7596,rust ownership and borrowing fundamentals tutorial
7597,slow cooker beef stew with red wine reduction
7598,black hole accretion disk thermal emission spectrum
7599,kubernetes pod networking and service discovery
7600,black hole accretion disk thermal emission spectrum
7601,homemade sourdough bread baking guide and recipe
7602,rust ownership and borrowing fundamentals tutorial
7603,postgres query plan analysis and index optimization
7604,react server components vs client components rendering
7605,rust ownership and borrowing fundamentals tutorial
7606,exoplanet discovery via transit photometry method
7607,pasta carbonara authentic roman recipe with guanciale
7608,galaxy rotation curves and dark matter halo evidence
7609,vegetarian curry with chickpeas and coconut milk
7610,rust ownership and borrowing fundamentals tutorial
7611,react server components vs client components rendering
7612,exoplanet discovery via transit photometry method
7613,best knife sharpening techniques for kitchen blades
7614,vegetarian curry with chickpeas and coconut milk
7615,vegetarian curry with chickpeas and coconut milk
7616,slow cooker beef stew with red wine reduction
7617,slow cooker beef stew with red wine reduction
7618,kubernetes pod networking and service discovery
7619,pasta carbonara authentic roman recipe with guanciale
7620,vegetarian curry with chickpeas and coconut milk
7621,slow cooker beef stew with red wine reduction
7622,slow cooker beef stew with red wine reduction
7623,supernova remnant observed in the crab nebula
7624,pasta carbonara authentic roman recipe with guanciale
7625,react server components vs client components rendering
7626,cosmic microwave background polarization measurements
7627,cosmic microwave background polarization measurements
7628,kubernetes pod networking and service discovery
7629,slow cooker beef stew with red wine reduction
7630,homemade sourdough bread baking guide and recipe
7631,best knife sharpening techniques for kitchen blades
7632,slow cooker beef stew with red wine reduction
7633,postgres query plan analysis and index optimization
7634,vegetarian curry with chickpeas and coconut milk
7635,cosmic microwave background polarization measurements
7636,vegetarian curry with chickpeas and coconut milk
7637,vegetarian curry with chickpeas and coconut milk
7638,slow cooker beef stew with red wine reduction
7639,homemade sourdough bread baking guide and recipe
7640,vegetarian curry with chickpeas and coconut milk
7641,cosmic microwave background polarization measurements
7642,react server components vs client components rendering
7643,supernova remnant observed in the crab nebula
7644,best knife sharpening techniques for kitchen blades
7645,exoplanet discovery via transit photometry method
7646,vegetarian curry with chickpeas and coconut milk
7647,supernova remnant observed in the crab nebula
7648,rust ownership and borrowing fundamentals tutorial
7649,cosmic microwave background polarization measurements
7650,galaxy rotation curves and dark matter halo evidence
7651,galaxy rotation curves and dark matter halo evidence
7652,python decorators explained with practical examples
7653,vegetarian curry with chickpeas and coconut milk
7654,react server components vs client components rendering
7655,best knife sharpening techniques for kitchen blades
7656,galaxy rotation curves and dark matter halo evidence
7657,galaxy rotation curves and dark matter halo evidence
7658,kubernetes pod networking and service discovery
7659,homemade sourdough bread baking guide and recipe
7660,homemade sourdough bread baking guide and recipe
7661,supernova remnant observed in the crab nebula
7662,rust ownership and borrowing fundamentals tutorial
7663,exoplanet discovery via transit photometry method
7664,cosmic microwave background polarization measurements
7665,black hole accretion disk thermal emission spectrum
7666,kubernetes pod networking and service discovery
7667,supernova remnant observed in the crab nebula
7668,postgres query plan analysis and index optimization
7669,python decorators explained with practical examples
7670,cosmic microwave background polarization measurements
7671,kubernetes pod networking and service discovery
7672,pasta carbonara authentic roman recipe with guanciale
7673,best knife sharpening techniques for kitchen blades
7674,exoplanet discovery via transit photometry method
7675,exoplanet discovery via transit photometry method
7676,python decorators explained with practical examples
7677,best knife sharpening techniques for kitchen blades
7678,cosmic microwave background polarization measurements
7679,react server components vs client components rendering
7680,vegetarian curry with chickpeas and coconut milk
7681,react server components vs client components rendering
7682,kubernetes pod networking and service discovery
7683,galaxy rotation curves and dark matter halo evidence
7684,supernova remnant observed in the crab nebula
7685,postgres query plan analysis and index optimization
7686,rust ownership and borrowing fundamentals tutorial
7687,kubernetes pod networking and service discovery
7688,slow cooker beef stew with red wine reduction
7689,homemade sourdough bread baking guide and recipe
7690,homemade sourdough bread baking guide and recipe
7691,slow cooker beef stew with red wine reduction
7692,exoplanet discovery via transit photometry method
7693,react server components vs client components rendering
7694,supernova remnant observed in the crab nebula
7695,kubernetes pod networking and service discovery
7696,homemade sourdough bread baking guide and recipe
7697,supernova remnant observed in the crab nebula
7698,kubernetes pod networking and service discovery
7699,supernova remnant observed in the crab nebula
7700,galaxy rotation curves and dark matter halo evidence
7701,cosmic microwave background polarization measurements
7702,postgres query plan analysis and index optimization
7703,react server components vs client components rendering
7704,react server components vs client components rendering
7705,kubernetes pod networking and service discovery
7706,cosmic microwave background polarization measurements
7707,exoplanet discovery via transit photometry method
7708,galaxy rotation curves and dark matter halo evidence
7709,postgres query plan analysis and index optimization
7710,rust ownership and borrowing fundamentals tutorial
7711,best knife sharpening techniques for kitchen blades
7712,best knife sharpening techniques for kitchen blades
7713,cosmic microwave background polarization measurements
7714,galaxy rotation curves and dark matter halo evidence
7715,pasta carbonara authentic roman recipe with guanciale
7716,pasta carbonara authentic roman recipe with guanciale
7717,supernova remnant observed in the crab nebula
7718,python decorators explained with practical examples
7719,galaxy rotation curves and dark matter halo evidence
7720,exoplanet discovery via transit photometry method
7721,slow cooker beef stew with red wine reduction
7722,homemade sourdough bread baking guide and recipe
7723,postgres query plan analysis and index optimization
7724,postgres query plan analysis and index optimization
7725,best knife sharpening techniques for kitchen blades
7726,postgres query plan analysis and index optimization
7727,homemade sourdough bread baking guide and recipe
7728,python decorators explained with practical examples
7729,supernova remnant observed in the crab nebula
7730,pasta carbonara authentic roman recipe with guanciale
7731,postgres query plan analysis and index optimization
7732,exoplanet discovery via transit photometry method
7733,cosmic microwave background polarization measurements
7734,rust ownership and borrowing fundamentals tutorial
7735,python decorators explained with practical examples
7736,best knife sharpening techniques for kitchen blades
7737,exoplanet discovery via transit photometry method
7738,pasta carbonara authentic roman recipe with guanciale
7739,supernova remnant observed in the crab nebula
7740,best knife sharpening techniques for kitchen blades
7741,best knife sharpening techniques for kitchen blades
7742,postgres query plan analysis and index optimization
7743,rust ownership and borrowing fundamentals tutorial
7744,kubernetes pod networking and service discovery
7745,kubernetes pod networking and service discovery
7746,slow cooker beef stew with red wine reduction
7747,vegetarian curry with chickpeas and coconut milk
7748,pasta carbonara authentic roman recipe with guanciale
7749,postgres query plan analysis and index optimization
7750,python decorators explained with practical examples
7751,rust ownership and borrowing fundamentals tutorial
7752,slow cooker beef stew with red wine reduction
7753,pasta carbonara authentic roman recipe with guanciale
7754,postgres query plan analysis and index optimization
7755,react server components vs client components rendering
7756,exoplanet discovery via transit photometry method
7757,exoplanet discovery via transit photometry method
7758,pasta carbonara authentic roman recipe with guanciale
7759,react server components vs client components rendering
7760,pasta carbonara authentic roman recipe with guanciale
7761,homemade sourdough bread baking guide and recipe
7762,galaxy rotation curves and dark matter halo evidence
7763,vegetarian curry with chickpeas and coconut milk
7764,exoplanet discovery via transit photometry method
7765,rust ownership and borrowing fundamentals tutorial
7766,kubernetes pod networking and service discovery
7767,pasta carbonara authentic roman recipe with guanciale
7768,galaxy rotation curves and dark matter halo evidence
7769,best knife sharpening techniques for kitchen blades
7770,kubernetes pod networking and service discovery
7771,kubernetes pod networking and service discovery
7772,cosmic microwave background polarization measurements
7773,supernova remnant observed in the crab nebula
7774,react server components vs client components rendering
7775,postgres query plan analysis and index optimization
7776,python decorators explained with practical examples
7777,react server components vs client components rendering
7778,supernova remnant observed in the crab nebula
7779,vegetarian curry with chickpeas and coconut milk
7780,galaxy rotation curves and dark matter halo evidence
7781,pasta carbonara authentic roman recipe with guanciale
7782,black hole accretion disk thermal emission spectrum
7783,cosmic microwave background polarization measurements
7784,pasta carbonara authentic roman recipe with guanciale
7785,cosmic microwave background polarization measurements
7786,homemade sourdough bread baking guide and recipe
7787,cosmic microwave background polarization measurements
7788,postgres query plan analysis and index optimization
7789,python decorators explained with practical examples
7790,best knife sharpening techniques for kitchen blades
7791,vegetarian curry with chickpeas and coconut milk
7792,exoplanet discovery via transit photometry method
7793,python decorators explained with practical examples
7794,best knife sharpening techniques for kitchen blades
7795,kubernetes pod networking and service discovery
7796,homemade sourdough bread baking guide and recipe
7797,best knife sharpening techniques for kitchen blades
7798,supernova remnant observed in the crab nebula
7799,supernova remnant observed in the crab nebula
7800,best knife sharpening techniques for kitchen blades
7801,cosmic microwave background polarization measurements
7802,vegetarian curry with chickpeas and coconut milk
7803,best knife sharpening techniques for kitchen blades
7804,pasta carbonara authentic roman recipe with guanciale
7805,react server components vs client components rendering
7806,kubernetes pod networking and service discovery
7807,vegetarian curry with chickpeas and coconut milk
7808,kubernetes pod networking and service discovery
7809,cosmic microwave background polarization measurements
7810,best knife sharpening techniques for kitchen blades
7811,best knife sharpening techniques for kitchen blades
7812,exoplanet discovery via transit photometry method
7813,black hole accretion disk thermal emission spectrum
7814,slow cooker beef stew with red wine reduction
7815,postgres query plan analysis and index optimization
7816,supernova remnant observed in the crab nebula
7817,pasta carbonara authentic roman recipe with guanciale
7818,slow cooker beef stew with red wine reduction
7819,pasta carbonara authentic roman recipe with guanciale
7820,slow cooker beef stew with red wine reduction
7821,homemade sourdough bread baking guide and recipe
7822,rust ownership and borrowing fundamentals tutorial
7823,cosmic microwave background polarization measurements
7824,homemade sourdough bread baking guide and recipe
7825,black hole accretion disk thermal emission spectrum
7826,black hole accretion disk thermal emission spectrum
7827,galaxy rotation curves and dark matter halo evidence
7828,galaxy rotation curves and dark matter halo evidence
7829,pasta carbonara authentic roman recipe with guanciale
7830,exoplanet discovery via transit photometry method
7831,react server components vs client components rendering
7832,pasta carbonara authentic roman recipe with guanciale
7833,pasta carbonara authentic roman recipe with guanciale
7834,cosmic microwave background polarization measurements
7835,react server components vs client components rendering
7836,best knife sharpening techniques for kitchen blades
7837,supernova remnant observed in the crab nebula
7838,slow cooker beef stew with red wine reduction
7839,rust ownership and borrowing fundamentals tutorial
7840,vegetarian curry with chickpeas and coconut milk
7841,best knife sharpening techniques for kitchen blades
7842,black hole accretion disk thermal emission spectrum
7843,black hole accretion disk thermal emission spectrum
7844,pasta carbonara authentic roman recipe with guanciale
7845,python decorators explained with practical examples
7846,black hole accretion disk thermal emission spectrum
7847,vegetarian curry with chickpeas and coconut milk
7848,kubernetes pod networking and service discovery
7849,black hole accretion disk thermal emission spectrum
7850,pasta carbonara authentic roman recipe with guanciale
7851,kubernetes pod networking and service discovery
7852,black hole accretion disk thermal emission spectrum
7853,python decorators explained with practical examples
7854,slow cooker beef stew with red wine reduction
7855,cosmic microwave background polarization measurements
7856,pasta carbonara authentic roman recipe with guanciale
7857,react server components vs client components rendering
7858,cosmic microwave background polarization measurements
7859,exoplanet discovery via transit photometry method
7860,supernova remnant observed in the crab nebula
7861,exoplanet discovery via transit photometry method
7862,vegetarian curry with chickpeas and coconut milk
7863,exoplanet discovery via transit photometry method
7864,slow cooker beef stew with red wine reduction
7865,slow cooker beef stew with red wine reduction
7866,rust ownership and borrowing fundamentals tutorial
7867,cosmic microwave background polarization measurements
7868,galaxy rotation curves and dark matter halo evidence
7869,black hole accretion disk thermal emission spectrum
7870,best knife sharpening techniques for kitchen blades
7871,kubernetes pod networking and service discovery
7872,pasta carbonara authentic roman recipe with guanciale
7873,cosmic microwave background polarization measurements
7874,postgres query plan analysis and index optimization
7875,supernova remnant observed in the crab nebula
7876,python decorators explained with practical examples
7877,react server components vs client components rendering
7878,cosmic microwave background polarization measurements
7879,vegetarian curry with chickpeas and coconut milk
7880,homemade sourdough bread baking guide and recipe
7881,vegetarian curry with chickpeas and coconut milk
7882,black hole accretion disk thermal emission spectrum
7883,react server components vs client components rendering
7884,postgres query plan analysis and index optimization
7885,pasta carbonara authentic roman recipe with guanciale
7886,exoplanet discovery via transit photometry method
7887,pasta carbonara authentic roman recipe with guanciale
7888,vegetarian curry with chickpeas and coconut milk
7889,cosmic microwave background polarization measurements
7890,supernova remnant observed in the crab nebula
7891,homemade sourdough bread baking guide and recipe
7892,supernova remnant observed in the crab nebula
7893,react server components vs client components rendering
7894,homemade sourdough bread baking guide and recipe
7895,exoplanet discovery via transit photometry method
7896,postgres query plan analysis and index optimization
7897,rust ownership and borrowing fundamentals tutorial
7898,kubernetes pod networking and service discovery
7899,homemade sourdough bread baking guide and recipe
7900,cosmic microwave background polarization measurements
7901,kubernetes pod networking and service discovery
7902,python decorators explained with practical examples
7903,galaxy rotation curves and dark matter halo evidence
7904,kubernetes pod networking and service discovery
7905,homemade sourdough bread baking guide and recipe
7906,rust ownership and borrowing fundamentals tutorial
7907,homemade sourdough bread baking guide and recipe
7908,homemade sourdough bread baking guide and recipe
7909,exoplanet discovery via transit photometry method
7910,cosmic microwave background polarization measurements
7911,vegetarian curry with chickpeas and coconut milk
7912,black hole accretion disk thermal emission spectrum
7913,supernova remnant observed in the crab nebula
7914,python decorators explained with practical examples
7915,homemade sourdough bread baking guide and recipe
7916,postgres query plan analysis and index optimization
7917,galaxy rotation curves and dark matter halo evidence
7918,exoplanet discovery via transit photometry method
7919,best knife sharpening techniques for kitchen blades
7920,exoplanet discovery via transit photometry method
7921,vegetarian curry with chickpeas and coconut milk
7922,kubernetes pod networking and service discovery
7923,rust ownership and borrowing fundamentals tutorial
7924,homemade sourdough bread baking guide and recipe
7925,kubernetes pod networking and service discovery
7926,supernova remnant observed in the crab nebula
7927,homemade sourdough bread baking guide and recipe
7928,homemade sourdough bread baking guide and recipe
7929,supernova remnant observed in the crab nebula
7930,python decorators explained with practical examples
7931,kubernetes pod networking and service discovery
7932,python decorators explained with practical examples
7933,kubernetes pod networking and service discovery
7934,python decorators explained with practical examples
7935,best knife sharpening techniques for kitchen blades
7936,cosmic microwave background polarization measurements
7937,rust ownership and borrowing fundamentals tutorial
7938,rust ownership and borrowing fundamentals tutorial
7939,react server components vs client components rendering
7940,homemade sourdough bread baking guide and recipe
7941,postgres query plan analysis and index optimization
7942,python decorators explained with practical examples
7943,galaxy rotation curves and dark matter halo evidence
7944,python decorators explained with practical examples
7945,best knife sharpening techniques for kitchen blades
7946,react server components vs client components rendering
7947,cosmic microwave background polarization measurements
7948,kubernetes pod networking and service discovery
7949,galaxy rotation curves and dark matter halo evidence
7950,homemade sourdough bread baking guide and recipe
7951,pasta carbonara authentic roman recipe with guanciale
7952,cosmic microwave background polarization measurements
7953,cosmic microwave background polarization measurements
7954,exoplanet discovery via transit photometry method
7955,react server components vs client components rendering
7956,vegetarian curry with chickpeas and coconut milk
7957,best knife sharpening techniques for kitchen blades
7958,best knife sharpening techniques for kitchen blades
7959,slow cooker beef stew with red wine reduction
7960,best knife sharpening techniques for kitchen blades
7961,react server components vs client components rendering
7962,slow cooker beef stew with red wine reduction
7963,galaxy rotation curves and dark matter halo evidence
7964,pasta carbonara authentic roman recipe with guanciale
7965,pasta carbonara authentic roman recipe with guanciale
7966,black hole accretion disk thermal emission spectrum
7967,postgres query plan analysis and index optimization
7968,cosmic microwave background polarization measurements
7969,postgres query plan analysis and index optimization
7970,vegetarian curry with chickpeas and coconut milk
7971,exoplanet discovery via transit photometry method
7972,pasta carbonara authentic roman recipe with guanciale
7973,homemade sourdough bread baking guide and recipe
7974,galaxy rotation curves and dark matter halo evidence
7975,galaxy rotation curves and dark matter halo evidence
7976,black hole accretion disk thermal emission spectrum
7977,react server components vs client components rendering
7978,best knife sharpening techniques for kitchen blades
7979,react server components vs client components rendering
7980,pasta carbonara authentic roman recipe with guanciale
7981,slow cooker beef stew with red wine reduction
7982,exoplanet discovery via transit photometry method
7983,rust ownership and borrowing fundamentals tutorial
7984,postgres query plan analysis and index optimization
7985,python decorators explained with practical examples
7986,black hole accretion disk thermal emission spectrum
7987,best knife sharpening techniques for kitchen blades
7988,pasta carbonara authentic roman recipe with guanciale
7989,pasta carbonara authentic roman recipe with guanciale
7990,react server components vs client components rendering
7991,kubernetes pod networking and service discovery
7992,best knife sharpening techniques for kitchen blades
7993,slow cooker beef stew with red wine reduction
7994,exoplanet discovery via transit photometry method
7995,react server components vs client components rendering
7996,python decorators explained with practical examples
7997,black hole accretion disk thermal emission spectrum
7998,exoplanet discovery via transit photometry method
7999,vegetarian curry with chickpeas and coconut milk
8000,cosmic microwave background polarization measurements
8001,kubernetes pod networking and service discovery
8002,pasta carbonara authentic roman recipe with guanciale
8003,galaxy rotation curves and dark matter halo evidence
8004,homemade sourdough bread baking guide and recipe
8005,galaxy rotation curves and dark matter halo evidence
8006,rust ownership and borrowing fundamentals tutorial
8007,python decorators explained with practical examples
8008,exoplanet discovery via transit photometry method
8009,slow cooker beef stew with red wine reduction
8010,rust ownership and borrowing fundamentals tutorial
8011,black hole accretion disk thermal emission spectrum
8012,rust ownership and borrowing fundamentals tutorial
8013,cosmic microwave background polarization measurements
8014,kubernetes pod networking and service discovery
8015,slow cooker beef stew with red wine reduction
8016,homemade sourdough bread baking guide and recipe
8017,postgres query plan analysis and index optimization
8018,vegetarian curry with chickpeas and coconut milk
8019,exoplanet discovery via transit photometry method
8020,cosmic microwave background polarization measurements
8021,black hole accretion disk thermal emission spectrum
8022,python decorators explained with practical examples
8023,black hole accretion disk thermal emission spectrum
8024,cosmic microwave background polarization measurements
8025,rust ownership and borrowing fundamentals tutorial
8026,kubernetes pod networking and service discovery
8027,exoplanet discovery via transit photometry method
8028,supernova remnant observed in the crab nebula
8029,kubernetes pod networking and service discovery
8030,python decorators explained with practical examples
8031,react server components vs client components rendering
8032,galaxy rotation curves and dark matter halo evidence
8033,pasta carbonara authentic roman recipe with guanciale
8034,react server components vs client components rendering
8035,best knife sharpening techniques for kitchen blades
8036,vegetarian curry with chickpeas and coconut milk
8037,react server components vs client components rendering
8038,galaxy rotation curves and dark matter halo evidence
8039,galaxy rotation curves and dark matter halo evidence
8040,pasta carbonara authentic roman recipe with guanciale
8041,supernova remnant observed in the crab nebula
8042,postgres query plan analysis and index optimization
8043,react server components vs client components rendering
8044,rust ownership and borrowing fundamentals tutorial
8045,vegetarian curry with chickpeas and coconut milk
8046,pasta carbonara authentic roman recipe with guanciale
8047,react server components vs client components rendering
8048,galaxy rotation curves and dark matter halo evidence
8049,exoplanet discovery via transit photometry method
8050,vegetarian curry with chickpeas and coconut milk
8051,vegetarian curry with chickpeas and coconut milk
8052,kubernetes pod networking and service discovery
8053,exoplanet discovery via transit photometry method
8054,supernova remnant observed in the crab nebula
8055,rust ownership and borrowing fundamentals tutorial
8056,supernova remnant observed in the crab nebula
8057,react server components vs client components rendering
8058,react server components vs client components rendering
8059,pasta carbonara authentic roman recipe with guanciale
8060,react server components vs client components rendering
8061,best knife sharpening techniques for kitchen blades
8062,vegetarian curry with chickpeas and coconut milk
8063,vegetarian curry with chickpeas and coconut milk
8064,pasta carbonara authentic roman recipe with guanciale
8065,best knife sharpening techniques for kitchen blades
8066,pasta carbonara authentic roman recipe with guanciale
8067,exoplanet discovery via transit photometry method
8068,galaxy rotation curves and dark matter halo evidence
8069,slow cooker beef stew with red wine reduction
8070,supernova remnant observed in the crab nebula
8071,pasta carbonara authentic roman recipe with guanciale
8072,exoplanet discovery via transit photometry method
8073,kubernetes pod networking and service discovery
8074,black hole accretion disk thermal emission spectrum
8075,react server components vs client components rendering
8076,react server components vs client components rendering
8077,pasta carbonara authentic roman recipe with guanciale
8078,vegetarian curry with chickpeas and coconut milk
8079,galaxy rotation curves and dark matter halo evidence
8080,supernova remnant observed in the crab nebula
8081,exoplanet discovery via transit photometry method
8082,react server components vs client components rendering
8083,best knife sharpening techniques for kitchen blades
8084,cosmic microwave background polarization measurements
8085,black hole accretion disk thermal emission spectrum
8086,black hole accretion disk thermal emission spectrum
8087,python decorators explained with practical examples
8088,best knife sharpening techniques for kitchen blades
8089,slow cooker beef stew with red wine reduction
8090,python decorators explained with practical examples
8091,best knife sharpening techniques for kitchen blades
8092,kubernetes pod networking and service discovery
8093,galaxy rotation curves and dark matter halo evidence
8094,kubernetes pod networking and service discovery
8095,vegetarian curry with chickpeas and coconut milk
8096,vegetarian curry with chickpeas and coconut milk
8097,homemade sourdough bread baking guide and recipe
8098,exoplanet discovery via transit photometry method
8099,exoplanet discovery via transit photometry method
8100,pasta carbonara authentic roman recipe with guanciale
8101,homemade sourdough bread baking guide and recipe
8102,cosmic microwave background polarization measurements
8103,slow cooker beef stew with red wine reduction
8104,kubernetes pod networking and service discovery
8105,homemade sourdough bread baking guide and recipe
8106,exoplanet discovery via transit photometry method
8107,exoplanet discovery via transit photometry method
8108,supernova remnant observed in the crab nebula
8109,postgres query plan analysis and index optimization
8110,exoplanet discovery via transit photometry method
8111,kubernetes pod networking and service discovery
8112,rust ownership and borrowing fundamentals tutorial
8113,exoplanet discovery via transit photometry method
8114,homemade sourdough bread baking guide and recipe
8115,vegetarian curry with chickpeas and coconut milk
8116,postgres query plan analysis and index optimization
8117,black hole accretion disk thermal emission spectrum
8118,python decorators explained with practical examples
8119,cosmic microwave background polarization measurements
8120,cosmic microwave background polarization measurements
8121,homemade sourdough bread baking guide and recipe
8122,postgres query plan analysis and index optimization
8123,best knife sharpening techniques for kitchen blades
8124,homemade sourdough bread baking guide and recipe
8125,slow cooker beef stew with red wine reduction
8126,cosmic microwave background polarization measurements
8127,galaxy rotation curves and dark matter halo evidence
8128,pasta carbonara authentic roman recipe with guanciale
8129,slow cooker beef stew with red wine reduction
8130,postgres query plan analysis and index optimization
8131,react server components vs client components rendering
8132,rust ownership and borrowing fundamentals tutorial
8133,supernova remnant observed in the crab nebula
8134,exoplanet discovery via transit photometry method
8135,slow cooker beef stew with red wine reduction
8136,galaxy rotation curves and dark matter halo evidence
8137,vegetarian curry with chickpeas and coconut milk
8138,postgres query plan analysis and index optimization
8139,kubernetes pod networking and service discovery
8140,postgres query plan analysis and index optimization
8141,black hole accretion disk thermal emission spectrum
8142,pasta carbonara authentic roman recipe with guanciale
8143,python decorators explained with practical examples
8144,best knife sharpening techniques for kitchen blades
8145,vegetarian curry with chickpeas and coconut milk
8146,slow cooker beef stew with red wine reduction
8147,cosmic microwave background polarization measurements
8148,pasta carbonara authentic roman recipe with guanciale
8149,pasta carbonara authentic roman recipe with guanciale
8150,slow cooker beef stew with red wine reduction
8151,homemade sourdough bread baking guide and recipe
8152,postgres query plan analysis and index optimization
8153,rust ownership and borrowing fundamentals tutorial
8154,homemade sourdough bread baking guide and recipe
8155,black hole accretion disk thermal emission spectrum
8156,vegetarian curry with chickpeas and coconut milk
8157,vegetarian curry with chickpeas and coconut milk
8158,rust ownership and borrowing fundamentals tutorial
8159,galaxy rotation curves and dark matter halo evidence
8160,homemade sourdough bread baking guide and recipe
8161,exoplanet discovery via transit photometry method
8162,black hole accretion disk thermal emission spectrum
8163,kubernetes pod networking and service discovery
8164,cosmic microwave background polarization measurements
8165,kubernetes pod networking and service discovery
8166,python decorators explained with practical examples
8167,slow cooker beef stew with red wine reduction
8168,homemade sourdough bread baking guide and recipe
8169,slow cooker beef stew with red wine reduction
8170,python decorators explained with practical examples
8171,react server components vs client components rendering
8172,homemade sourdough bread baking guide and recipe
8173,galaxy rotation curves and dark matter halo evidence
8174,exoplanet discovery via transit photometry method
8175,supernova remnant observed in the crab nebula
8176,best knife sharpening techniques for kitchen blades
8177,react server components vs client components rendering
8178,supernova remnant observed in the crab nebula
8179,homemade sourdough bread baking guide and recipe
8180,python decorators explained with practical examples
8181,postgres query plan analysis and index optimization
8182,black hole accretion disk thermal emission spectrum
8183,rust ownership and borrowing fundamentals tutorial
8184,galaxy rotation curves and dark matter halo evidence
8185,pasta carbonara authentic roman recipe with guanciale
8186,vegetarian curry with chickpeas and coconut milk
8187,exoplanet discovery via transit photometry method
8188,homemade sourdough bread baking guide and recipe
8189,exoplanet discovery via transit photometry method
8190,react server components vs client components rendering
8191,black hole accretion disk thermal emission spectrum
8192,black hole accretion disk thermal emission spectrum
8193,slow cooker beef stew with red wine reduction
8194,react server components vs client components rendering
8195,pasta carbonara authentic roman recipe with guanciale
8196,python decorators explained with practical examples
8197,best knife sharpening techniques for kitchen blades
8198,react server components vs client components rendering
8199,galaxy rotation curves and dark matter halo evidence
8200,galaxy rotation curves and dark matter halo evidence
8201,best knife sharpening techniques for kitchen blades
8202,galaxy rotation curves and dark matter halo evidence
8203,pasta carbonara authentic roman recipe with guanciale
8204,python decorators explained with practical examples
8205,kubernetes pod networking and service discovery
8206,rust ownership and borrowing fundamentals tutorial
8207,react server components vs client components rendering
8208,rust ownership and borrowing fundamentals tutorial
8209,react server components vs client components rendering
8210,galaxy rotation curves and dark matter halo evidence
8211,postgres query plan analysis and index optimization
8212,exoplanet discovery via transit photometry method
8213,supernova remnant observed in the crab nebula
8214,vegetarian curry with chickpeas and coconut milk
8215,pasta carbonara authentic roman recipe with guanciale
8216,rust ownership and borrowing fundamentals tutorial
8217,cosmic microwave background polarization measurements
8218,homemade sourdough bread baking guide and recipe
8219,supernova remnant observed in the crab nebula
8220,python decorators explained with practical examples
8221,vegetarian curry with chickpeas and coconut milk
8222,postgres query plan analysis and index optimization
8223,best knife sharpening techniques for kitchen blades
8224,postgres query plan analysis and index optimization
8225,rust ownership and borrowing fundamentals tutorial
8226,kubernetes pod networking and service discovery
8227,cosmic microwave background polarization measurements
8228,cosmic microwave background polarization measurements
8229,react server components vs client components rendering
8230,kubernetes pod networking and service discovery
8231,slow cooker beef stew with red wine reduction
8232,best knife sharpening techniques for kitchen blades
8233,black hole accretion disk thermal emission spectrum
8234,kubernetes pod networking and service discovery
8235,homemade sourdough bread baking guide and recipe
8236,black hole accretion disk thermal emission spectrum
8237,supernova remnant observed in the crab nebula
8238,vegetarian curry with chickpeas and coconut milk
8239,exoplanet discovery via transit photometry method
8240,postgres query plan analysis and index optimization
8241,slow cooker beef stew with red wine reduction
8242,homemade sourdough bread baking guide and recipe
8243,rust ownership and borrowing fundamentals tutorial
8244,galaxy rotation curves and dark matter halo evidence
8245,slow cooker beef stew with red wine reduction
8246,react server components vs client components rendering
8247,slow cooker beef stew with red wine reduction
8248,exoplanet discovery via transit photometry method
8249,rust ownership and borrowing fundamentals tutorial
8250,rust ownership and borrowing fundamentals tutorial
8251,postgres query plan analysis and index optimization
8252,rust ownership and borrowing fundamentals tutorial
8253,postgres query plan analysis and index optimization
8254,kubernetes pod networking and service discovery
8255,react server components vs client components rendering
8256,rust ownership and borrowing fundamentals tutorial
8257,pasta carbonara authentic roman recipe with guanciale
8258,vegetarian curry with chickpeas and coconut milk
8259,cosmic microwave background polarization measurements
8260,galaxy rotation curves and dark matter halo evidence
8261,cosmic microwave background polarization measurements
8262,homemade sourdough bread baking guide and recipe
8263,homemade sourdough bread baking guide and recipe
8264,pasta carbonara authentic roman recipe with guanciale
8265,homemade sourdough bread baking guide and recipe
8266,cosmic microwave background polarization measurements
8267,kubernetes pod networking and service discovery
8268,react server components vs client components rendering
8269,python decorators explained with practical examples
8270,kubernetes pod networking and service discovery
8271,supernova remnant observed in the crab nebula
8272,kubernetes pod networking and service discovery
8273,vegetarian curry with chickpeas and coconut milk
8274,black hole accretion disk thermal emission spectrum
8275,kubernetes pod networking and service discovery
8276,rust ownership and borrowing fundamentals tutorial
8277,cosmic microwave background polarization measurements
8278,vegetarian curry with chickpeas and coconut milk
8279,vegetarian curry with chickpeas and coconut milk
8280,galaxy rotation curves and dark matter halo evidence
8281,supernova remnant observed in the crab nebula
8282,supernova remnant observed in the crab nebula
8283,slow cooker beef stew with red wine reduction
8284,best knife sharpening techniques for kitchen blades
8285,python decorators explained with practical examples
8286,black hole accretion disk thermal emission spectrum
8287,galaxy rotation curves and dark matter halo evidence
8288,best knife sharpening techniques for kitchen blades
8289,react server components vs client components rendering
8290,rust ownership and borrowing fundamentals tutorial
8291,best knife sharpening techniques for kitchen blades
8292,slow cooker beef stew with red wine reduction
8293,slow cooker beef stew with red wine reduction
8294,supernova remnant observed in the crab nebula
8295,exoplanet discovery via transit photometry method
8296,pasta carbonara authentic roman recipe with guanciale
8297,galaxy rotation curves and dark matter halo evidence
8298,vegetarian curry with chickpeas and coconut milk
8299,rust ownership and borrowing fundamentals tutorial
8300,supernova remnant observed in the crab nebula
8301,python decorators explained with practical examples
8302,supernova remnant observed in the crab nebula
8303,vegetarian curry with chickpeas and coconut milk
8304,galaxy rotation curves and dark matter halo evidence
8305,react server components vs client components rendering
8306,rust ownership and borrowing fundamentals tutorial
8307,homemade sourdough bread baking guide and recipe
8308,galaxy rotation curves and dark matter halo evidence
8309,kubernetes pod networking and service discovery
8310,postgres query plan analysis and index optimization
8311,postgres query plan analysis and index optimization
8312,best knife sharpening techniques for kitchen blades
8313,python decorators explained with practical examples
8314,exoplanet discovery via transit photometry method
8315,python decorators explained with practical examples
8316,postgres query plan analysis and index optimization
8317,best knife sharpening techniques for kitchen blades
8318,cosmic microwave background polarization measurements
8319,react server components vs client components rendering
8320,rust ownership and borrowing fundamentals tutorial
8321,exoplanet discovery via transit photometry method
8322,black hole accretion disk thermal emission spectrum
8323,kubernetes pod networking and service discovery
8324,best knife sharpening techniques for kitchen blades
8325,rust ownership and borrowing fundamentals tutorial
8326,best knife sharpening techniques for kitchen blades
8327,rust ownership and borrowing fundamentals tutorial
8328,black hole accretion disk thermal emission spectrum
8329,react server components vs client components rendering
8330,python decorators explained with practical examples
8331,slow cooker beef stew with red wine reduction
8332,exoplanet discovery via transit photometry method
8333,rust ownership and borrowing fundamentals tutorial
8334,slow cooker beef stew with red wine reduction
8335,exoplanet discovery via transit photometry method
8336,react server components vs client components rendering
8337,galaxy rotation curves and dark matter halo evidence
8338,homemade sourdough bread baking guide and recipe
8339,supernova remnant observed in the crab nebula
8340,exoplanet discovery via transit photometry method
8341,vegetarian curry with chickpeas and coconut milk
8342,vegetarian curry with chickpeas and coconut milk
8343,slow cooker beef stew with red wine reduction
8344,best knife sharpening techniques for kitchen blades
8345,python decorators explained with practical examples
8346,cosmic microwave background polarization measurements
8347,black hole accretion disk thermal emission spectrum
8348,galaxy rotation curves and dark matter halo evidence
8349,postgres query plan analysis and index optimization
8350,supernova remnant observed in the crab nebula
8351,postgres query plan analysis and index optimization
8352,kubernetes pod networking and service discovery
8353,cosmic microwave background polarization measurements
8354,pasta carbonara authentic roman recipe with guanciale
8355,galaxy rotation curves and dark matter halo evidence
8356,python decorators explained with practical examples
8357,kubernetes pod networking and service discovery
8358,python decorators explained with practical examples
8359,python decorators explained with practical examples
8360,postgres query plan analysis and index optimization
8361,homemade sourdough bread baking guide and recipe
8362,react server components vs client components rendering
8363,pasta carbonara authentic roman recipe with guanciale
8364,black hole accretion disk thermal emission spectrum
8365,rust ownership and borrowing fundamentals tutorial
8366,rust ownership and borrowing fundamentals tutorial
8367,python decorators explained with practical examples
8368,galaxy rotation curves and dark matter halo evidence
8369,exoplanet discovery via transit photometry method
8370,slow cooker beef stew with red wine reduction
8371,galaxy rotation curves and dark matter halo evidence
8372,galaxy rotation curves and dark matter halo evidence
8373,homemade sourdough bread baking guide and recipe
8374,rust ownership and borrowing fundamentals tutorial
8375,pasta carbonara authentic roman recipe with guanciale
8376,postgres query plan analysis and index optimization
8377,vegetarian curry with chickpeas and coconut milk
8378,galaxy rotation curves and dark matter halo evidence
8379,pasta carbonara authentic roman recipe with guanciale
8380,vegetarian curry with chickpeas and coconut milk
8381,homemade sourdough bread baking guide and recipe
8382,galaxy rotation curves and dark matter halo evidence
8383,supernova remnant observed in the crab nebula
8384,rust ownership and borrowing fundamentals tutorial
8385,rust ownership and borrowing fundamentals tutorial
8386,vegetarian curry with chickpeas and coconut milk
8387,exoplanet discovery via transit photometry method
8388,slow cooker beef stew with red wine reduction
8389,homemade sourdough bread baking guide and recipe
8390,pasta carbonara authentic roman recipe with guanciale
8391,cosmic microwave background polarization measurements
8392,vegetarian curry with chickpeas and coconut milk
8393,react server components vs client components rendering
8394,pasta carbonara authentic roman recipe with guanciale
8395,black hole accretion disk thermal emission spectrum
8396,vegetarian curry with chickpeas and coconut milk
8397,homemade sourdough bread baking guide and recipe
8398,homemade sourdough bread baking guide and recipe
8399,exoplanet discovery via transit photometry method
8400,exoplanet discovery via transit photometry method
8401,galaxy rotation curves and dark matter halo evidence
8402,rust ownership and borrowing fundamentals tutorial
8403,homemade sourdough bread baking guide and recipe
8404,rust ownership and borrowing fundamentals tutorial
8405,slow cooker beef stew with red wine reduction
8406,python decorators explained with practical examples
8407,best knife sharpening techniques for kitchen blades
8408,supernova remnant observed in the crab nebula
8409,exoplanet discovery via transit photometry method
8410,pasta carbonara authentic roman recipe with guanciale
8411,react server components vs client components rendering
8412,kubernetes pod networking and service discovery
8413,vegetarian curry with chickpeas and coconut milk
8414,kubernetes pod networking and service discovery
8415,exoplanet discovery via transit photometry method
8416,galaxy rotation curves and dark matter halo evidence
8417,supernova remnant observed in the crab nebula
8418,cosmic microwave background polarization measurements
8419,slow cooker beef stew with red wine reduction
8420,rust ownership and borrowing fundamentals tutorial
8421,best knife sharpening techniques for kitchen blades
8422,supernova remnant observed in the crab nebula
8423,pasta carbonara authentic roman recipe with guanciale
8424,python decorators explained with practical examples
8425,homemade sourdough bread baking guide and recipe
8426,exoplanet discovery via transit photometry method
8427,react server components vs client components rendering
8428,kubernetes pod networking and service discovery
8429,exoplanet discovery via transit photometry method
8430,vegetarian curry with chickpeas and coconut milk
8431,supernova remnant observed in the crab nebula
8432,pasta carbonara authentic roman recipe with guanciale
8433,galaxy rotation curves and dark matter halo evidence
8434,rust ownership and borrowing fundamentals tutorial
8435,kubernetes pod networking and service discovery
8436,pasta carbonara authentic roman recipe with guanciale
8437,cosmic microwave background polarization measurements
8438,cosmic microwave background polarization measurements
8439,cosmic microwave background polarization measurements
8440,homemade sourdough bread baking guide and recipe
8441,kubernetes pod networking and service discovery
8442,black hole accretion disk thermal emission spectrum
8443,kubernetes pod networking and service discovery
8444,pasta carbonara authentic roman recipe with guanciale
8445,pasta carbonara authentic roman recipe with guanciale
8446,vegetarian curry with chickpeas and coconut milk
8447,slow cooker beef stew with red wine reduction
8448,react server components vs client components rendering
8449,slow cooker beef stew with red wine reduction
8450,black hole accretion disk thermal emission spectrum
8451,pasta carbonara authentic roman recipe with guanciale
8452,homemade sourdough bread baking guide and recipe
8453,best knife sharpening techniques for kitchen blades
8454,pasta carbonara authentic roman recipe with guanciale
8455,exoplanet discovery via transit photometry method
8456,exoplanet discovery via transit photometry method
8457,exoplanet discovery via transit photometry method
8458,python decorators explained with practical examples
8459,kubernetes pod networking and service discovery
8460,homemade sourdough bread baking guide and recipe
8461,slow cooker beef stew with red wine reduction
8462,cosmic microwave background polarization measurements
8463,vegetarian curry with chickpeas and coconut milk
8464,rust ownership and borrowing fundamentals tutorial
8465,kubernetes pod networking and service discovery
8466,postgres query plan analysis and index optimization
8467,vegetarian curry with chickpeas and coconut milk
8468,python decorators explained with practical examples
8469,homemade sourdough bread baking guide and recipe
8470,cosmic microwave background polarization measurements
8471,pasta carbonara authentic roman recipe with guanciale
8472,vegetarian curry with chickpeas and coconut milk
8473,black hole accretion disk thermal emission spectrum
8474,exoplanet discovery via transit photometry method
8475,best knife sharpening techniques for kitchen blades
8476,cosmic microwave background polarization measurements
8477,python decorators explained with practical examples
8478,kubernetes pod networking and service discovery
8479,rust ownership and borrowing fundamentals tutorial
8480,supernova remnant observed in the crab nebula
8481,best knife sharpening techniques for kitchen blades
8482,python decorators explained with practical examples
8483,black hole accretion disk thermal emission spectrum
8484,supernova remnant observed in the crab nebula
8485,pasta carbonara authentic roman recipe with guanciale
8486,cosmic microwave background polarization measurements
8487,cosmic microwave background polarization measurements
8488,homemade sourdough bread baking guide and recipe
8489,kubernetes pod networking and service discovery
8490,best knife sharpening techniques for kitchen blades
8491,supernova remnant observed in the crab nebula
8492,python decorators explained with practical examples
8493,black hole accretion disk thermal emission spectrum
8494,react server components vs client components rendering
8495,pasta carbonara authentic roman recipe with guanciale
8496,vegetarian curry with chickpeas and coconut milk
8497,vegetarian curry with chickpeas and coconut milk
8498,rust ownership and borrowing fundamentals tutorial
8499,best knife sharpening techniques for kitchen blades
8500,kubernetes pod networking and service discovery
8501,homemade sourdough bread baking guide and recipe
8502,best knife sharpening techniques for kitchen blades
8503,react server components vs client components rendering
8504,python decorators explained with practical examples
8505,cosmic microwave background polarization measurements
8506,exoplanet discovery via transit photometry method
8507,react server components vs client components rendering
8508,pasta carbonara authentic roman recipe with guanciale
8509,black hole accretion disk thermal emission spectrum
8510,pasta carbonara authentic roman recipe with guanciale
8511,black hole accretion disk thermal emission spectrum
8512,react server components vs client components rendering
8513,galaxy rotation curves and dark matter halo evidence
8514,python decorators explained with practical examples
8515,rust ownership and borrowing fundamentals tutorial
8516,exoplanet discovery via transit photometry method
8517,galaxy rotation curves and dark matter halo evidence
8518,black hole accretion disk thermal emission spectrum
8519,slow cooker beef stew with red wine reduction
8520,slow cooker beef stew with red wine reduction
8521,homemade sourdough bread baking guide and recipe
8522,galaxy rotation curves and dark matter halo evidence
8523,black hole accretion disk thermal emission spectrum
8524,best knife sharpening techniques for kitchen blades
8525,react server components vs client components rendering
8526,exoplanet discovery via transit photometry method
8527,python decorators explained with practical examples
8528,postgres query plan analysis and index optimization
8529,rust ownership and borrowing fundamentals tutorial
8530,supernova remnant observed in the crab nebula
8531,rust ownership and borrowing fundamentals tutorial
8532,slow cooker beef stew with red wine reduction
8533,best knife sharpening techniques for kitchen blades
8534,cosmic microwave background polarization measurements
8535,kubernetes pod networking and service discovery
8536,cosmic microwave background polarization measurements
8537,supernova remnant observed in the crab nebula
8538,black hole accretion disk thermal emission spectrum
8539,cosmic microwave background polarization measurements
8540,pasta carbonara authentic roman recipe with guanciale
8541,rust ownership and borrowing fundamentals tutorial
8542,black hole accretion disk thermal emission spectrum
8543,python decorators explained with practical examples
8544,kubernetes pod networking and service discovery
8545,exoplanet discovery via transit photometry method
8546,homemade sourdough bread baking guide and recipe
8547,slow cooker beef stew with red wine reduction
8548,vegetarian curry with chickpeas and coconut milk
8549,vegetarian curry with chickpeas and coconut milk
8550,galaxy rotation curves and dark matter halo evidence
8551,vegetarian curry with chickpeas and coconut milk
8552,react server components vs client components rendering
8553,python decorators explained with practical examples
8554,exoplanet discovery via transit photometry method
8555,postgres query plan analysis and index optimization
8556,kubernetes pod networking and service discovery
8557,cosmic microwave background polarization measurements
8558,homemade sourdough bread baking guide and recipe
8559,python decorators explained with practical examples
8560,black hole accretion disk thermal emission spectrum
8561,best knife sharpening techniques for kitchen blades
8562,black hole accretion disk thermal emission spectrum
8563,vegetarian curry with chickpeas and coconut milk
8564,rust ownership and borrowing fundamentals tutorial
8565,black hole accretion disk thermal emission spectrum
8566,python decorators explained with practical examples
8567,galaxy rotation curves and dark matter halo evidence
8568,supernova remnant observed in the crab nebula
8569,postgres query plan analysis and index optimization
8570,black hole accretion disk thermal emission spectrum
8571,cosmic microwave background polarization measurements
8572,best knife sharpening techniques for kitchen blades
8573,python decorators explained with practical examples
8574,vegetarian curry with chickpeas and coconut milk
8575,pasta carbonara authentic roman recipe with guanciale
8576,kubernetes pod networking and service discovery
8577,postgres query plan analysis and index optimization
8578,exoplanet discovery via transit photometry method
8579,black hole accretion disk thermal emission spectrum
8580,supernova remnant observed in the crab nebula
8581,black hole accretion disk thermal emission spectrum
8582,python decorators explained with practical examples
8583,slow cooker beef stew with red wine reduction
8584,kubernetes pod networking and service discovery
8585,rust ownership and borrowing fundamentals tutorial
8586,black hole accretion disk thermal emission spectrum
8587,postgres query plan analysis and index optimization
8588,supernova remnant observed in the crab nebula
8589,best knife sharpening techniques for kitchen blades
8590,vegetarian curry with chickpeas and coconut milk
8591,python decorators explained with practical examples
8592,cosmic microwave background polarization measurements
8593,pasta carbonara authentic roman recipe with guanciale
8594,cosmic microwave background polarization measurements
8595,slow cooker beef stew with red wine reduction
8596,python decorators explained with practical examples
8597,galaxy rotation curves and dark matter halo evidence
8598,vegetarian curry with chickpeas and coconut milk
8599,python decorators explained with practical examples
8600,best knife sharpening techniques for kitchen blades
8601,slow cooker beef stew with red wine reduction
8602,rust ownership and borrowing fundamentals tutorial
8603,homemade sourdough bread baking guide and recipe
8604,react server components vs client components rendering
8605,galaxy rotation curves and dark matter halo evidence
8606,cosmic microwave background polarization measurements
8607,rust ownership and borrowing fundamentals tutorial
8608,kubernetes pod networking and service discovery
8609,python decorators explained with practical examples
8610,rust ownership and borrowing fundamentals tutorial
8611,postgres query plan analysis and index optimization
8612,galaxy rotation curves and dark matter halo evidence
8613,black hole accretion disk thermal emission spectrum
8614,kubernetes pod networking and service discovery
8615,galaxy rotation curves and dark matter halo evidence
8616,black hole accretion disk thermal emission spectrum
8617,vegetarian curry with chickpeas and coconut milk
8618,slow cooker beef stew with red wine reduction
8619,homemade sourdough bread baking guide and recipe
8620,react server components vs client components rendering
8621,python decorators explained with practical examples
8622,postgres query plan analysis and index optimization
8623,postgres query plan analysis and index optimization
8624,exoplanet discovery via transit photometry method
8625,supernova remnant observed in the crab nebula
8626,vegetarian curry with chickpeas and coconut milk
8627,exoplanet discovery via transit photometry method
8628,homemade sourdough bread baking guide and recipe
8629,rust ownership and borrowing fundamentals tutorial
8630,postgres query plan analysis and index optimization
8631,homemade sourdough bread baking guide and recipe
8632,homemade sourdough bread baking guide and recipe
8633,pasta carbonara authentic roman recipe with guanciale
8634,exoplanet discovery via transit photometry method
8635,kubernetes pod networking and service discovery
8636,python decorators explained with practical examples
8637,best knife sharpening techniques for kitchen blades
8638,homemade sourdough bread baking guide and recipe
8639,exoplanet discovery via transit photometry method
8640,black hole accretion disk thermal emission spectrum
8641,cosmic microwave background polarization measurements
8642,pasta carbonara authentic roman recipe with guanciale
8643,best knife sharpening techniques for kitchen blades
8644,vegetarian curry with chickpeas and coconut milk
8645,homemade sourdough bread baking guide and recipe
8646,slow cooker beef stew with red wine reduction
8647,black hole accretion disk thermal emission spectrum
8648,cosmic microwave background polarization measurements
8649,homemade sourdough bread baking guide and recipe
8650,best knife sharpening techniques for kitchen blades
8651,homemade sourdough bread baking guide and recipe
8652,vegetarian curry with chickpeas and coconut milk
8653,slow cooker beef stew with red wine reduction
8654,black hole accretion disk thermal emission spectrum
8655,kubernetes pod networking and service discovery
8656,slow cooker beef stew with red wine reduction
8657,postgres query plan analysis and index optimization
8658,react server components vs client components rendering
8659,pasta carbonara authentic roman recipe with guanciale
8660,pasta carbonara authentic roman recipe with guanciale
8661,python decorators explained with practical examples
8662,pasta carbonara authentic roman recipe with guanciale
8663,postgres query plan analysis and index optimization
8664,galaxy rotation curves and dark matter halo evidence
8665,python decorators explained with practical examples
8666,homemade sourdough bread baking guide and recipe
8667,homemade sourdough bread baking guide and recipe
8668,kubernetes pod networking and service discovery
8669,black hole accretion disk thermal emission spectrum
8670,black hole accretion disk thermal emission spectrum
8671,supernova remnant observed in the crab nebula
8672,slow cooker beef stew with red wine reduction
8673,python decorators explained with practical examples
8674,best knife sharpening techniques for kitchen blades
8675,homemade sourdough bread baking guide and recipe
8676,react server components vs client components rendering
8677,python decorators explained with practical examples
8678,cosmic microwave background polarization measurements
8679,homemade sourdough bread baking guide and recipe
8680,postgres query plan analysis and index optimization
8681,homemade sourdough bread baking guide and recipe
8682,python decorators explained with practical examples
8683,pasta carbonara authentic roman recipe with guanciale
8684,react server components vs client components rendering
8685,exoplanet discovery via transit photometry method
8686,kubernetes pod networking and service discovery
8687,kubernetes pod networking and service discovery
8688,vegetarian curry with chickpeas and coconut milk
8689,kubernetes pod networking and service discovery
8690,homemade sourdough bread baking guide and recipe
8691,black hole accretion disk thermal emission spectrum
8692,vegetarian curry with chickpeas and coconut milk
8693,kubernetes pod networking and service discovery
8694,postgres query plan analysis and index optimization
8695,best knife sharpening techniques for kitchen blades
8696,galaxy rotation curves and dark matter halo evidence
8697,slow cooker beef stew with red wine reduction
8698,best knife sharpening techniques for kitchen blades
8699,supernova remnant observed in the crab nebula
8700,rust ownership and borrowing fundamentals tutorial
8701,supernova remnant observed in the crab nebula
8702,python decorators explained with practical examples
8703,galaxy rotation curves and dark matter halo evidence
8704,react server components vs client components rendering
8705,python decorators explained with practical examples
8706,pasta carbonara authentic roman recipe with guanciale
8707,react server components vs client components rendering
8708,galaxy rotation curves and dark matter halo evidence
8709,python decorators explained with practical examples
8710,cosmic microwave background polarization measurements
8711,postgres query plan analysis and index optimization
8712,kubernetes pod networking and service discovery
8713,cosmic microwave background polarization measurements
8714,kubernetes pod networking and service discovery
8715,pasta carbonara authentic roman recipe with guanciale
8716,galaxy rotation curves and dark matter halo evidence
8717,galaxy rotation curves and dark matter halo evidence
8718,vegetarian curry with chickpeas and coconut milk
8719,galaxy rotation curves and dark matter halo evidence
8720,pasta carbonara authentic roman recipe with guanciale
8721,slow cooker beef stew with red wine reduction
8722,slow cooker beef stew with red wine reduction
8723,supernova remnant observed in the crab nebula
8724,best knife sharpening techniques for kitchen blades
8725,best knife sharpening techniques for kitchen blades
8726,vegetarian curry with chickpeas and coconut milk
8727,exoplanet discovery via transit photometry method
8728,postgres query plan analysis and index optimization
8729,exoplanet discovery via transit photometry method
8730,galaxy rotation curves and dark matter halo evidence
8731,vegetarian curry with chickpeas and coconut milk
8732,galaxy rotation curves and dark matter halo evidence
8733,slow cooker beef stew with red wine reduction
8734,best knife sharpening techniques for kitchen blades
8735,supernova remnant observed in the crab nebula
8736,exoplanet discovery via transit photometry method
8737,best knife sharpening techniques for kitchen blades
8738,react server components vs client components rendering
8739,postgres query plan analysis and index optimization
8740,slow cooker beef stew with red wine reduction
8741,react server components vs client components rendering
8742,homemade sourdough bread baking guide and recipe
8743,exoplanet discovery via transit photometry method
8744,galaxy rotation curves and dark matter halo evidence
8745,homemade sourdough bread baking guide and recipe
8746,cosmic microwave background polarization measurements
8747,vegetarian curry with chickpeas and coconut milk
8748,postgres query plan analysis and index optimization
8749,python decorators explained with practical examples
8750,rust ownership and borrowing fundamentals tutorial
8751,cosmic microwave background polarization measurements
8752,rust ownership and borrowing fundamentals tutorial
8753,supernova remnant observed in the crab nebula
8754,pasta carbonara authentic roman recipe with guanciale
8755,kubernetes pod networking and service discovery
8756,homemade sourdough bread baking guide and recipe
8757,homemade sourdough bread baking guide and recipe
8758,postgres query plan analysis and index optimization
8759,homemade sourdough bread baking guide and recipe
8760,homemade sourdough bread baking guide and recipe
8761,pasta carbonara authentic roman recipe with guanciale
8762,kubernetes pod networking and service discovery
8763,react server components vs client components rendering
8764,supernova remnant observed in the crab nebula
8765,best knife sharpening techniques for kitchen blades
8766,python decorators explained with practical examples
8767,rust ownership and borrowing fundamentals tutorial
8768,react server components vs client components rendering
8769,python decorators explained with practical examples
8770,rust ownership and borrowing fundamentals tutorial
8771,best knife sharpening techniques for kitchen blades
8772,vegetarian curry with chickpeas and coconut milk
8773,vegetarian curry with chickpeas and coconut milk
8774,black hole accretion disk thermal emission spectrum
8775,homemade sourdough bread baking guide and recipe
8776,kubernetes pod networking and service discovery
8777,best knife sharpening techniques for kitchen blades
8778,exoplanet discovery via transit photometry method
8779,pasta carbonara authentic roman recipe with guanciale
8780,vegetarian curry with chickpeas and coconut milk
8781,vegetarian curry with chickpeas and coconut milk
8782,postgres query plan analysis and index optimization
8783,kubernetes pod networking and service discovery
8784,cosmic microwave background polarization measurements
8785,cosmic microwave background polarization measurements
8786,rust ownership and borrowing fundamentals tutorial
8787,python decorators explained with practical examples
8788,rust ownership and borrowing fundamentals tutorial
8789,best knife sharpening techniques for kitchen blades
8790,postgres query plan analysis and index optimization
8791,slow cooker beef stew with red wine reduction
8792,galaxy rotation curves and dark matter halo evidence
8793,best knife sharpening techniques for kitchen blades
8794,supernova remnant observed in the crab nebula
8795,supernova remnant observed in the crab nebula
8796,postgres query plan analysis and index optimization
8797,kubernetes pod networking and service discovery
8798,vegetarian curry with chickpeas and coconut milk
8799,postgres query plan analysis and index optimization
8800,supernova remnant observed in the crab nebula
8801,homemade sourdough bread baking guide and recipe
8802,best knife sharpening techniques for kitchen blades
8803,exoplanet discovery via transit photometry method
8804,vegetarian curry with chickpeas and coconut milk
8805,kubernetes pod networking and service discovery
8806,supernova remnant observed in the crab nebula
8807,vegetarian curry with chickpeas and coconut milk
8808,react server components vs client components rendering
8809,postgres query plan analysis and index optimization
8810,homemade sourdough bread baking guide and recipe
8811,slow cooker beef stew with red wine reduction
8812,black hole accretion disk thermal emission spectrum
8813,supernova remnant observed in the crab nebula
8814,pasta carbonara authentic roman recipe with guanciale
8815,pasta carbonara authentic roman recipe with guanciale
8816,best knife sharpening techniques for kitchen blades
8817,exoplanet discovery via transit photometry method
8818,supernova remnant observed in the crab nebula
8819,galaxy rotation curves and dark matter halo evidence
8820,python decorators explained with practical examples
8821,best knife sharpening techniques for kitchen blades
8822,slow cooker beef stew with red wine reduction
8823,slow cooker beef stew with red wine reduction
8824,python decorators explained with practical examples
8825,cosmic microwave background polarization measurements
8826,pasta carbonara authentic roman recipe with guanciale
8827,react server components vs client components rendering
8828,galaxy rotation curves and dark matter halo evidence
8829,best knife sharpening techniques for kitchen blades
8830,vegetarian curry with chickpeas and coconut milk
8831,rust ownership and borrowing fundamentals tutorial
8832,galaxy rotation curves and dark matter halo evidence
8833,kubernetes pod networking and service discovery
8834,kubernetes pod networking and service discovery
8835,exoplanet discovery via transit photometry method
8836,homemade sourdough bread baking guide and recipe
8837,python decorators explained with practical examples
8838,supernova remnant observed in the crab nebula
8839,pasta carbonara authentic roman recipe with guanciale
8840,black hole accretion disk thermal emission spectrum
8841,cosmic microwave background polarization measurements
8842,cosmic microwave background polarization measurements
8843,pasta carbonara authentic roman recipe with guanciale
8844,black hole accretion disk thermal emission spectrum
8845,galaxy rotation curves and dark matter halo evidence
8846,best knife sharpening techniques for kitchen blades
8847,postgres query plan analysis and index optimization
8848,black hole accretion disk thermal emission spectrum
8849,postgres query plan analysis and index optimization
8850,pasta carbonara authentic roman recipe with guanciale
8851,supernova remnant observed in the crab nebula
8852,react server components vs client components rendering
8853,cosmic microwave background polarization measurements
8854,supernova remnant observed in the crab nebula
8855,supernova remnant observed in the crab nebula
8856,rust ownership and borrowing fundamentals tutorial
8857,rust ownership and borrowing fundamentals tutorial
8858,react server components vs client components rendering
8859,cosmic microwave background polarization measurements
8860,cosmic microwave background polarization measurements
8861,postgres query plan analysis and index optimization
8862,react server components vs client components rendering
8863,kubernetes pod networking and service discovery
8864,homemade sourdough bread baking guide and recipe
8865,react server components vs client components rendering
8866,postgres query plan analysis and index optimization
8867,exoplanet discovery via transit photometry method
8868,kubernetes pod networking and service discovery
8869,postgres query plan analysis and index optimization
8870,python decorators explained with practical examples
8871,rust ownership and borrowing fundamentals tutorial
8872,best knife sharpening techniques for kitchen blades
8873,supernova remnant observed in the crab nebula
8874,exoplanet discovery via transit photometry method
8875,exoplanet discovery via transit photometry method
8876,supernova remnant observed in the crab nebula
8877,pasta carbonara authentic roman recipe with guanciale
8878,slow cooker beef stew with red wine reduction
8879,react server components vs client components rendering
8880,postgres query plan analysis and index optimization
8881,supernova remnant observed in the crab nebula
8882,postgres query plan analysis and index optimization
8883,exoplanet discovery via transit photometry method
8884,exoplanet discovery via transit photometry method
8885,rust ownership and borrowing fundamentals tutorial
8886,galaxy rotation curves and dark matter halo evidence
8887,postgres query plan analysis and index optimization
8888,vegetarian curry with chickpeas and coconut milk
8889,rust ownership and borrowing fundamentals tutorial
8890,react server components vs client components rendering
8891,rust ownership and borrowing fundamentals tutorial
8892,python decorators explained with practical examples
8893,pasta carbonara authentic roman recipe with guanciale
8894,kubernetes pod networking and service discovery
8895,pasta carbonara authentic roman recipe with guanciale
8896,best knife sharpening techniques for kitchen blades
8897,kubernetes pod networking and service discovery
8898,exoplanet discovery via transit photometry method
8899,react server components vs client components rendering
8900,pasta carbonara authentic roman recipe with guanciale
8901,slow cooker beef stew with red wine reduction
8902,pasta carbonara authentic roman recipe with guanciale
8903,homemade sourdough bread baking guide and recipe
8904,supernova remnant observed in the crab nebula
8905,kubernetes pod networking and service discovery
8906,react server components vs client components rendering
8907,exoplanet discovery via transit photometry method
8908,python decorators explained with practical examples
8909,best knife sharpening techniques for kitchen blades
8910,postgres query plan analysis and index optimization
8911,react server components vs client components rendering
8912,best knife sharpening techniques for kitchen blades
8913,kubernetes pod networking and service discovery
8914,cosmic microwave background polarization measurements
8915,galaxy rotation curves and dark matter halo evidence
8916,cosmic microwave background polarization measurements
8917,homemade sourdough bread baking guide and recipe
8918,supernova remnant observed in the crab nebula
8919,slow cooker beef stew with red wine reduction
8920,slow cooker beef stew with red wine reduction
8921,supernova remnant observed in the crab nebula
8922,black hole accretion disk thermal emission spectrum
8923,exoplanet discovery via transit photometry method
8924,supernova remnant observed in the crab nebula
8925,vegetarian curry with chickpeas and coconut milk
8926,postgres query plan analysis and index optimization
8927,kubernetes pod networking and service discovery
8928,vegetarian curry with chickpeas and coconut milk
8929,supernova remnant observed in the crab nebula
8930,exoplanet discovery via transit photometry method
8931,rust ownership and borrowing fundamentals tutorial
8932,slow cooker beef stew with red wine reduction
8933,black hole accretion disk thermal emission spectrum
8934,python decorators explained with practical examples
8935,slow cooker beef stew with red wine reduction
8936,python decorators explained with practical examples
8937,black hole accretion disk thermal emission spectrum
8938,slow cooker beef stew with red wine reduction
8939,exoplanet discovery via transit photometry method
8940,galaxy rotation curves and dark matter halo evidence
8941,python decorators explained with practical examples
8942,supernova remnant observed in the crab nebula
8943,supernova remnant observed in the crab nebula
8944,best knife sharpening techniques for kitchen blades
8945,homemade sourdough bread baking guide and recipe
8946,postgres query plan analysis and index optimization
8947,postgres query plan analysis and index optimization
8948,rust ownership and borrowing fundamentals tutorial
8949,slow cooker beef stew with red wine reduction
8950,rust ownership and borrowing fundamentals tutorial
8951,supernova remnant observed in the crab nebula
8952,supernova remnant observed in the crab nebula
8953,python decorators explained with practical examples
8954,pasta carbonara authentic roman recipe with guanciale
8955,best knife sharpening techniques for kitchen blades
8956,rust ownership and borrowing fundamentals tutorial
8957,postgres query plan analysis and index optimization
8958,vegetarian curry with chickpeas and coconut milk
8959,supernova remnant observed in the crab nebula
8960,cosmic microwave background polarization measurements
8961,homemade sourdough bread baking guide and recipe
8962,best knife sharpening techniques for kitchen blades
8963,rust ownership and borrowing fundamentals tutorial
8964,black hole accretion disk thermal emission spectrum
8965,react server components vs client components rendering
8966,python decorators explained with practical examples
8967,galaxy rotation curves and dark matter halo evidence
8968,react server components vs client components rendering
8969,python decorators explained with practical examples
8970,cosmic microwave background polarization measurements
8971,pasta carbonara authentic roman recipe with guanciale
8972,homemade sourdough bread baking guide and recipe
8973,black hole accretion disk thermal emission spectrum
8974,black hole accretion disk thermal emission spectrum
8975,best knife sharpening techniques for kitchen blades
8976,pasta carbonara authentic roman recipe with guanciale
8977,best knife sharpening techniques for kitchen blades
8978,pasta carbonara authentic roman recipe with guanciale
8979,pasta carbonara authentic roman recipe with guanciale
8980,postgres query plan analysis and index optimization
8981,python decorators explained with practical examples
8982,kubernetes pod networking and service discovery
8983,postgres query plan analysis and index optimization
8984,cosmic microwave background polarization measurements
8985,pasta carbonara authentic roman recipe with guanciale
8986,supernova remnant observed in the crab nebula
8987,supernova remnant observed in the crab nebula
8988,homemade sourdough bread baking guide and recipe
8989,vegetarian curry with chickpeas and coconut milk
8990,rust ownership and borrowing fundamentals tutorial
8991,vegetarian curry with chickpeas and coconut milk
8992,react server components vs client components rendering
8993,python decorators explained with practical examples
8994,homemade sourdough bread baking guide and recipe
8995,supernova remnant observed in the crab nebula
8996,cosmic microwave background polarization measurements
8997,homemade sourdough bread baking guide and recipe
8998,supernova remnant observed in the crab nebula
8999,slow cooker beef stew with red wine reduction
9000,exoplanet discovery via transit photometry method
9001,best knife sharpening techniques for kitchen blades
9002,rust ownership and borrowing fundamentals tutorial
9003,python decorators explained with practical examples
9004,exoplanet discovery via transit photometry method
9005,postgres query plan analysis and index optimization
9006,galaxy rotation curves and dark matter halo evidence
9007,postgres query plan analysis and index optimization
9008,rust ownership and borrowing fundamentals tutorial
9009,slow cooker beef stew with red wine reduction
9010,python decorators explained with practical examples
9011,black hole accretion disk thermal emission spectrum
9012,black hole accretion disk thermal emission spectrum
9013,galaxy rotation curves and dark matter halo evidence
9014,python decorators explained with practical examples
9015,python decorators explained with practical examples
9016,supernova remnant observed in the crab nebula
9017,homemade sourdough bread baking guide and recipe
9018,supernova remnant observed in the crab nebula
9019,homemade sourdough bread baking guide and recipe
9020,best knife sharpening techniques for kitchen blades
9021,black hole accretion disk thermal emission spectrum
9022,black hole accretion disk thermal emission spectrum
9023,rust ownership and borrowing fundamentals tutorial
9024,homemade sourdough bread baking guide and recipe
9025,pasta carbonara authentic roman recipe with guanciale
9026,galaxy rotation curves and dark matter halo evidence
9027,homemade sourdough bread baking guide and recipe
9028,python decorators explained with practical examples
9029,best knife sharpening techniques for kitchen blades
9030,postgres query plan analysis and index optimization
9031,exoplanet discovery via transit photometry method
9032,best knife sharpening techniques for kitchen blades
9033,exoplanet discovery via transit photometry method
9034,slow cooker beef stew with red wine reduction
9035,react server components vs client components rendering
9036,black hole accretion disk thermal emission spectrum
9037,cosmic microwave background polarization measurements
9038,cosmic microwave background polarization measurements
9039,postgres query plan analysis and index optimization
9040,vegetarian curry with chickpeas and coconut milk
9041,cosmic microwave background polarization measurements
9042,exoplanet discovery via transit photometry method
9043,homemade sourdough bread baking guide and recipe
9044,react server components vs client components rendering
9045,react server components vs client components rendering
9046,galaxy rotation curves and dark matter halo evidence
9047,homemade sourdough bread baking guide and recipe
9048,cosmic microwave background polarization measurements
9049,pasta carbonara authentic roman recipe with guanciale
9050,postgres query plan analysis and index optimization
9051,slow cooker beef stew with red wine reduction
9052,cosmic microwave background polarization measurements
9053,slow cooker beef stew with red wine reduction
9054,black hole accretion disk thermal emission spectrum
9055,slow cooker beef stew with red wine reduction
9056,black hole accretion disk thermal emission spectrum
9057,pasta carbonara authentic roman recipe with guanciale
9058,homemade sourdough bread baking guide and recipe
9059,galaxy rotation curves and dark matter halo evidence
9060,kubernetes pod networking and service discovery
9061,homemade sourdough bread baking guide and recipe
9062,postgres query plan analysis and index optimization
9063,galaxy rotation curves and dark matter halo evidence
9064,black hole accretion disk thermal emission spectrum
9065,postgres query plan analysis and index optimization
9066,black hole accretion disk thermal emission spectrum
9067,exoplanet discovery via transit photometry method
9068,vegetarian curry with chickpeas and coconut milk
9069,react server components vs client components rendering
9070,python decorators explained with practical examples
9071,kubernetes pod networking and service discovery
9072,postgres query plan analysis and index optimization
9073,react server components vs client components rendering
9074,black hole accretion disk thermal emission spectrum
9075,supernova remnant observed in the crab nebula
9076,cosmic microwave background polarization measurements
9077,cosmic microwave background polarization measurements
9078,galaxy rotation curves and dark matter halo evidence
9079,python decorators explained with practical examples
9080,python decorators explained with practical examples
9081,best knife sharpening techniques for kitchen blades
9082,kubernetes pod networking and service discovery
9083,slow cooker beef stew with red wine reduction
9084,cosmic microwave background polarization measurements
9085,python decorators explained with practical examples
9086,python decorators explained with practical examples
9087,rust ownership and borrowing fundamentals tutorial
9088,python decorators explained with practical examples
9089,homemade sourdough bread baking guide and recipe
9090,black hole accretion disk thermal emission spectrum
9091,black hole accretion disk thermal emission spectrum
9092,postgres query plan analysis and index optimization
9093,black hole accretion disk thermal emission spectrum
9094,vegetarian curry with chickpeas and coconut milk
9095,exoplanet discovery via transit photometry method
9096,pasta carbonara authentic roman recipe with guanciale
9097,kubernetes pod networking and service discovery
9098,kubernetes pod networking and service discovery
9099,homemade sourdough bread baking guide and recipe
9100,homemade sourdough bread baking guide and recipe
9101,rust ownership and borrowing fundamentals tutorial
9102,postgres query plan analysis and index optimization
9103,rust ownership and borrowing fundamentals tutorial
9104,supernova remnant observed in the crab nebula
9105,exoplanet discovery via transit photometry method
9106,black hole accretion disk thermal emission spectrum
9107,pasta carbonara authentic roman recipe with guanciale
9108,cosmic microwave background polarization measurements
9109,cosmic microwave background polarization measurements
9110,homemade sourdough bread baking guide and recipe
9111,galaxy rotation curves and dark matter halo evidence
9112,python decorators explained with practical examples
9113,pasta carbonara authentic roman recipe with guanciale
9114,cosmic microwave background polarization measurements
9115,kubernetes pod networking and service discovery
9116,supernova remnant observed in the crab nebula
9117,postgres query plan analysis and index optimization
9118,pasta carbonara authentic roman recipe with guanciale
9119,rust ownership and borrowing fundamentals tutorial
9120,slow cooker beef stew with red wine reduction
9121,kubernetes pod networking and service discovery
9122,vegetarian curry with chickpeas and coconut milk
9123,galaxy rotation curves and dark matter halo evidence
9124,galaxy rotation curves and dark matter halo evidence
9125,rust ownership and borrowing fundamentals tutorial
9126,slow cooker beef stew with red wine reduction
9127,exoplanet discovery via transit photometry method
9128,react server components vs client components rendering
9129,postgres query plan analysis and index optimization
9130,cosmic microwave background polarization measurements
9131,postgres query plan analysis and index optimization
9132,best knife sharpening techniques for kitchen blades
9133,rust ownership and borrowing fundamentals tutorial
9134,vegetarian curry with chickpeas and coconut milk
9135,exoplanet discovery via transit photometry method
9136,pasta carbonara authentic roman recipe with guanciale
9137,best knife sharpening techniques for kitchen blades
9138,cosmic microwave background polarization measurements
9139,postgres query plan analysis and index optimization
9140,supernova remnant observed in the crab nebula
9141,react server components vs client components rendering
9142,exoplanet discovery via transit photometry method
9143,slow cooker beef stew with red wine reduction
9144,kubernetes pod networking and service discovery
9145,kubernetes pod networking and service discovery
9146,python decorators explained with practical examples
9147,react server components vs client components rendering
9148,exoplanet discovery via transit photometry method
9149,kubernetes pod networking and service discovery
9150,galaxy rotation curves and dark matter halo evidence
9151,black hole accretion disk thermal emission spectrum
9152,postgres query plan analysis and index optimization
9153,best knife sharpening techniques for kitchen blades
9154,vegetarian curry with chickpeas and coconut milk
9155,exoplanet discovery via transit photometry method
9156,supernova remnant observed in the crab nebula
9157,kubernetes pod networking and service discovery
9158,react server components vs client components rendering
9159,supernova remnant observed in the crab nebula
9160,postgres query plan analysis and index optimization
9161,react server components vs client components rendering
9162,kubernetes pod networking and service discovery
9163,exoplanet discovery via transit photometry method
9164,supernova remnant observed in the crab nebula
9165,react server components vs client components rendering
9166,kubernetes pod networking and service discovery
9167,exoplanet discovery via transit photometry method
9168,python decorators explained with practical examples
9169,vegetarian curry with chickpeas and coconut milk
9170,homemade sourdough bread baking guide and recipe
9171,pasta carbonara authentic roman recipe with guanciale
9172,postgres query plan analysis and index optimization
9173,black hole accretion disk thermal emission spectrum
9174,supernova remnant observed in the crab nebula
9175,pasta carbonara authentic roman recipe with guanciale
9176,best knife sharpening techniques for kitchen blades
9177,supernova remnant observed in the crab nebula
9178,homemade sourdough bread baking guide and recipe
9179,exoplanet discovery via transit photometry method
9180,react server components vs client components rendering
9181,postgres query plan analysis and index optimization
9182,exoplanet discovery via transit photometry method
9183,pasta carbonara authentic roman recipe with guanciale
9184,cosmic microwave background polarization measurements
9185,exoplanet discovery via transit photometry method
9186,pasta carbonara authentic roman recipe with guanciale
9187,postgres query plan analysis and index optimization
9188,python decorators explained with practical examples
9189,python decorators explained with practical examples
9190,postgres query plan analysis and index optimization
9191,rust ownership and borrowing fundamentals tutorial
9192,rust ownership and borrowing fundamentals tutorial
9193,python decorators explained with practical examples
9194,python decorators explained with practical examples
9195,exoplanet discovery via transit photometry method
9196,supernova remnant observed in the crab nebula
9197,best knife sharpening techniques for kitchen blades
9198,homemade sourdough bread baking guide and recipe
9199,pasta carbonara authentic roman recipe with guanciale
9200,python decorators explained with practical examples
9201,vegetarian curry with chickpeas and coconut milk
9202,best knife sharpening techniques for kitchen blades
9203,pasta carbonara authentic roman recipe with guanciale
9204,vegetarian curry with chickpeas and coconut milk
9205,postgres query plan analysis and index optimization
9206,best knife sharpening techniques for kitchen blades
9207,pasta carbonara authentic roman recipe with guanciale
9208,slow cooker beef stew with red wine reduction
9209,pasta carbonara authentic roman recipe with guanciale
9210,cosmic microwave background polarization measurements
9211,rust ownership and borrowing fundamentals tutorial
9212,kubernetes pod networking and service discovery
9213,exoplanet discovery via transit photometry method
9214,python decorators explained with practical examples
9215,supernova remnant observed in the crab nebula
9216,vegetarian curry with chickpeas and coconut milk
9217,postgres query plan analysis and index optimization
9218,react server components vs client components rendering
9219,slow cooker beef stew with red wine reduction
9220,pasta carbonara authentic roman recipe with guanciale
9221,python decorators explained with practical examples
9222,galaxy rotation curves and dark matter halo evidence
9223,black hole accretion disk thermal emission spectrum
9224,homemade sourdough bread baking guide and recipe
9225,kubernetes pod networking and service discovery
9226,slow cooker beef stew with red wine reduction
9227,black hole accretion disk thermal emission spectrum
9228,python decorators explained with practical examples
9229,cosmic microwave background polarization measurements
9230,best knife sharpening techniques for kitchen blades
9231,homemade sourdough bread baking guide and recipe
9232,vegetarian curry with chickpeas and coconut milk
9233,react server components vs client components rendering
9234,black hole accretion disk thermal emission spectrum
9235,rust ownership and borrowing fundamentals tutorial
9236,vegetarian curry with chickpeas and coconut milk
9237,pasta carbonara authentic roman recipe with guanciale
9238,galaxy rotation curves and dark matter halo evidence
9239,galaxy rotation curves and dark matter halo evidence
9240,slow cooker beef stew with red wine reduction
9241,python decorators explained with practical examples
9242,react server components vs client components rendering
9243,react server components vs client components rendering
9244,python decorators explained with practical examples
9245,supernova remnant observed in the crab nebula
9246,vegetarian curry with chickpeas and coconut milk
9247,slow cooker beef stew with red wine reduction
9248,slow cooker beef stew with red wine reduction
9249,kubernetes pod networking and service discovery
9250,supernova remnant observed in the crab nebula
9251,exoplanet discovery via transit photometry method
9252,rust ownership and borrowing fundamentals tutorial
9253,vegetarian curry with chickpeas and coconut milk
9254,supernova remnant observed in the crab nebula
9255,black hole accretion disk thermal emission spectrum
9256,black hole accretion disk thermal emission spectrum
9257,react server components vs client components rendering
9258,exoplanet discovery via transit photometry method
9259,slow cooker beef stew with red wine reduction
9260,cosmic microwave background polarization measurements
9261,black hole accretion disk thermal emission spectrum
9262,pasta carbonara authentic roman recipe with guanciale
9263,vegetarian curry with chickpeas and coconut milk
9264,kubernetes pod networking and service discovery
9265,exoplanet discovery via transit photometry method
9266,python decorators explained with practical examples
9267,react server components vs client components rendering
9268,exoplanet discovery via transit photometry method
9269,black hole accretion disk thermal emission spectrum
9270,homemade sourdough bread baking guide and recipe
9271,supernova remnant observed in the crab nebula
9272,postgres query plan analysis and index optimization
9273,kubernetes pod networking and service discovery
9274,react server components vs client components rendering
9275,black hole accretion disk thermal emission spectrum
9276,supernova remnant observed in the crab nebula
9277,python decorators explained with practical examples
9278,homemade sourdough bread baking guide and recipe
9279,supernova remnant observed in the crab nebula
9280,black hole accretion disk thermal emission spectrum
9281,supernova remnant observed in the crab nebula
9282,python decorators explained with practical examples
9283,python decorators explained with practical examples
9284,black hole accretion disk thermal emission spectrum
9285,postgres query plan analysis and index optimization
9286,best knife sharpening techniques for kitchen blades
9287,best knife sharpening techniques for kitchen blades
9288,react server components vs client components rendering
9289,rust ownership and borrowing fundamentals tutorial
9290,react server components vs client components rendering
9291,galaxy rotation curves and dark matter halo evidence
9292,vegetarian curry with chickpeas and coconut milk
9293,python decorators explained with practical examples
9294,postgres query plan analysis and index optimization
9295,vegetarian curry with chickpeas and coconut milk
9296,cosmic microwave background polarization measurements
9297,exoplanet discovery via transit photometry method
9298,react server components vs client components rendering
9299,supernova remnant observed in the crab nebula
9300,postgres query plan analysis and index optimization
9301,python decorators explained with practical examples
9302,python decorators explained with practical examples
9303,black hole accretion disk thermal emission spectrum
9304,best knife sharpening techniques for kitchen blades
9305,supernova remnant observed in the crab nebula
9306,python decorators explained with practical examples
9307,black hole accretion disk thermal emission spectrum
9308,python decorators explained with practical examples
9309,exoplanet discovery via transit photometry method
9310,galaxy rotation curves and dark matter halo evidence
9311,homemade sourdough bread baking guide and recipe
9312,exoplanet discovery via transit photometry method
9313,galaxy rotation curves and dark matter halo evidence
9314,supernova remnant observed in the crab nebula
9315,python decorators explained with practical examples
9316,homemade sourdough bread baking guide and recipe
9317,supernova remnant observed in the crab nebula
9318,kubernetes pod networking and service discovery
9319,postgres query plan analysis and index optimization
9320,homemade sourdough bread baking guide and recipe
9321,cosmic microwave background polarization measurements
9322,black hole accretion disk thermal emission spectrum
9323,galaxy rotation curves and dark matter halo evidence
9324,cosmic microwave background polarization measurements
9325,exoplanet discovery via transit photometry method
9326,pasta carbonara authentic roman recipe with guanciale
9327,python decorators explained with practical examples
9328,rust ownership and borrowing fundamentals tutorial
9329,homemade sourdough bread baking guide and recipe
9330,vegetarian curry with chickpeas and coconut milk
9331,galaxy rotation curves and dark matter halo evidence
9332,kubernetes pod networking and service discovery
9333,galaxy rotation curves and dark matter halo evidence
9334,pasta carbonara authentic roman recipe with guanciale
9335,cosmic microwave background polarization measurements
9336,galaxy rotation curves and dark matter halo evidence
9337,postgres query plan analysis and index optimization
9338,pasta carbonara authentic roman recipe with guanciale
9339,python decorators explained with practical examples
9340,best knife sharpening techniques for kitchen blades
9341,galaxy rotation curves and dark matter halo evidence
9342,exoplanet discovery via transit photometry method
9343,best knife sharpening techniques for kitchen blades
9344,galaxy rotation curves and dark matter halo evidence
9345,homemade sourdough bread baking guide and recipe
9346,vegetarian curry with chickpeas and coconut milk
9347,supernova remnant observed in the crab nebula
9348,supernova remnant observed in the crab nebula
9349,homemade sourdough bread baking guide and recipe
9350,black hole accretion disk thermal emission spectrum
9351,python decorators explained with practical examples
9352,rust ownership and borrowing fundamentals tutorial
9353,kubernetes pod networking and service discovery
9354,slow cooker beef stew with red wine reduction
9355,galaxy rotation curves and dark matter halo evidence
9356,cosmic microwave background polarization measurements
9357,homemade sourdough bread baking guide and recipe
9358,cosmic microwave background polarization measurements
9359,python decorators explained with practical examples
9360,kubernetes pod networking and service discovery
9361,cosmic microwave background polarization measurements
9362,cosmic microwave background polarization measurements
9363,exoplanet discovery via transit photometry method
9364,vegetarian curry with chickpeas and coconut milk
9365,black hole accretion disk thermal emission spectrum
9366,vegetarian curry with chickpeas and coconut milk
9367,cosmic microwave background polarization measurements
9368,rust ownership and borrowing fundamentals tutorial
9369,galaxy rotation curves and dark matter halo evidence
9370,postgres query plan analysis and index optimization
9371,python decorators explained with practical examples
9372,pasta carbonara authentic roman recipe with guanciale
9373,vegetarian curry with chickpeas and coconut milk
9374,slow cooker beef stew with red wine reduction
9375,pasta carbonara authentic roman recipe with guanciale
9376,postgres query plan analysis and index optimization
9377,pasta carbonara authentic roman recipe with guanciale
9378,black hole accretion disk thermal emission spectrum
9379,rust ownership and borrowing fundamentals tutorial
9380,pasta carbonara authentic roman recipe with guanciale
9381,pasta carbonara authentic roman recipe with guanciale
9382,kubernetes pod networking and service discovery
9383,vegetarian curry with chickpeas and coconut milk
9384,react server components vs client components rendering
9385,supernova remnant observed in the crab nebula
9386,pasta carbonara authentic roman recipe with guanciale
9387,postgres query plan analysis and index optimization
9388,cosmic microwave background polarization measurements
9389,rust ownership and borrowing fundamentals tutorial
9390,supernova remnant observed in the crab nebula
9391,slow cooker beef stew with red wine reduction
9392,best knife sharpening techniques for kitchen blades
9393,kubernetes pod networking and service discovery
9394,exoplanet discovery via transit photometry method
9395,pasta carbonara authentic roman recipe with guanciale
9396,kubernetes pod networking and service discovery
9397,pasta carbonara authentic roman recipe with guanciale
9398,react server components vs client components rendering
9399,cosmic microwave background polarization measurements
9400,cosmic microwave background polarization measurements
9401,pasta carbonara authentic roman recipe with guanciale
9402,react server components vs client components rendering
9403,exoplanet discovery via transit photometry method
9404,react server components vs client components rendering
9405,slow cooker beef stew with red wine reduction
9406,black hole accretion disk thermal emission spectrum
9407,rust ownership and borrowing fundamentals tutorial
9408,vegetarian curry with chickpeas and coconut milk
9409,cosmic microwave background polarization measurements
9410,best knife sharpening techniques for kitchen blades
9411,postgres query plan analysis and index optimization
9412,rust ownership and borrowing fundamentals tutorial
9413,best knife sharpening techniques for kitchen blades
9414,kubernetes pod networking and service discovery
9415,rust ownership and borrowing fundamentals tutorial
9416,vegetarian curry with chickpeas and coconut milk
9417,pasta carbonara authentic roman recipe with guanciale
9418,homemade sourdough bread baking guide and recipe
9419,homemade sourdough bread baking guide and recipe
9420,supernova remnant observed in the crab nebula
9421,best knife sharpening techniques for kitchen blades
9422,black hole accretion disk thermal emission spectrum
9423,vegetarian curry with chickpeas and coconut milk
9424,vegetarian curry with chickpeas and coconut milk
9425,black hole accretion disk thermal emission spectrum
9426,exoplanet discovery via transit photometry method
9427,vegetarian curry with chickpeas and coconut milk
9428,pasta carbonara authentic roman recipe with guanciale
9429,python decorators explained with practical examples
9430,galaxy rotation curves and dark matter halo evidence
9431,supernova remnant observed in the crab nebula
9432,galaxy rotation curves and dark matter halo evidence
9433,postgres query plan analysis and index optimization
9434,cosmic microwave background polarization measurements
9435,best knife sharpening techniques for kitchen blades
9436,postgres query plan analysis and index optimization
9437,python decorators explained with practical examples
9438,supernova remnant observed in the crab nebula
9439,exoplanet discovery via transit photometry method
9440,supernova remnant observed in the crab nebula
9441,best knife sharpening techniques for kitchen blades
9442,galaxy rotation curves and dark matter halo evidence
9443,kubernetes pod networking and service discovery
9444,postgres query plan analysis and index optimization
9445,slow cooker beef stew with red wine reduction
9446,cosmic microwave background polarization measurements
9447,black hole accretion disk thermal emission spectrum
9448,cosmic microwave background polarization measurements
9449,react server components vs client components rendering
9450,cosmic microwave background polarization measurements
9451,postgres query plan analysis and index optimization
9452,exoplanet discovery via transit photometry method
9453,galaxy rotation curves and dark matter halo evidence
9454,supernova remnant observed in the crab nebula
9455,kubernetes pod networking and service discovery
9456,vegetarian curry with chickpeas and coconut milk
9457,galaxy rotation curves and dark matter halo evidence
9458,slow cooker beef stew with red wine reduction
9459,python decorators explained with practical examples
9460,slow cooker beef stew with red wine reduction
9461,kubernetes pod networking and service discovery
9462,best knife sharpening techniques for kitchen blades
9463,slow cooker beef stew with red wine reduction
9464,best knife sharpening techniques for kitchen blades
9465,vegetarian curry with chickpeas and coconut milk
9466,homemade sourdough bread baking guide and recipe
9467,rust ownership and borrowing fundamentals tutorial
9468,postgres query plan analysis and index optimization
9469,python decorators explained with practical examples
9470,pasta carbonara authentic roman recipe with guanciale
9471,python decorators explained with practical examples
9472,galaxy rotation curves and dark matter halo evidence
9473,postgres query plan analysis and index optimization
9474,supernova remnant observed in the crab nebula
9475,rust ownership and borrowing fundamentals tutorial
9476,exoplanet discovery via transit photometry method
9477,galaxy rotation curves and dark matter halo evidence
9478,supernova remnant observed in the crab nebula
9479,react server components vs client components rendering
9480,rust ownership and borrowing fundamentals tutorial
9481,best knife sharpening techniques for kitchen blades
9482,rust ownership and borrowing fundamentals tutorial
9483,rust ownership and borrowing fundamentals tutorial
9484,kubernetes pod networking and service discovery
9485,galaxy rotation curves and dark matter halo evidence
9486,rust ownership and borrowing fundamentals tutorial
9487,cosmic microwave background polarization measurements
9488,rust ownership and borrowing fundamentals tutorial
9489,black hole accretion disk thermal emission spectrum
9490,homemade sourdough bread baking guide and recipe
9491,kubernetes pod networking and service discovery
9492,pasta carbonara authentic roman recipe with guanciale
9493,galaxy rotation curves and dark matter halo evidence
9494,kubernetes pod networking and service discovery
9495,exoplanet discovery via transit photometry method
9496,homemade sourdough bread baking guide and recipe
9497,exoplanet discovery via transit photometry method
9498,python decorators explained with practical examples
9499,exoplanet discovery via transit photometry method
9500,cosmic microwave background polarization measurements
9501,galaxy rotation curves and dark matter halo evidence
9502,galaxy rotation curves and dark matter halo evidence
9503,pasta carbonara authentic roman recipe with guanciale
9504,best knife sharpening techniques for kitchen blades
9505,best knife sharpening techniques for kitchen blades
9506,react server components vs client components rendering
9507,supernova remnant observed in the crab nebula
9508,exoplanet discovery via transit photometry method
9509,galaxy rotation curves and dark matter halo evidence
9510,vegetarian curry with chickpeas and coconut milk
9511,python decorators explained with practical examples
9512,pasta carbonara authentic roman recipe with guanciale
9513,black hole accretion disk thermal emission spectrum
9514,black hole accretion disk thermal emission spectrum
9515,slow cooker beef stew with red wine reduction
9516,python decorators explained with practical examples
9517,python decorators explained with practical examples
9518,postgres query plan analysis and index optimization
9519,python decorators explained with practical examples
9520,cosmic microwave background polarization measurements
9521,cosmic microwave background polarization measurements
9522,vegetarian curry with chickpeas and coconut milk
9523,galaxy rotation curves and dark matter halo evidence
9524,galaxy rotation curves and dark matter halo evidence
9525,black hole accretion disk thermal emission spectrum
9526,kubernetes pod networking and service discovery
9527,supernova remnant observed in the crab nebula
9528,best knife sharpening techniques for kitchen blades
9529,react server components vs client components rendering
9530,postgres query plan analysis and index optimization
9531,rust ownership and borrowing fundamentals tutorial
9532,homemade sourdough bread baking guide and recipe
9533,supernova remnant observed in the crab nebula
9534,kubernetes pod networking and service discovery
9535,supernova remnant observed in the crab nebula
9536,black hole accretion disk thermal emission spectrum
9537,slow cooker beef stew with red wine reduction
9538,galaxy rotation curves and dark matter halo evidence
9539,vegetarian curry with chickpeas and coconut milk
9540,homemade sourdough bread baking guide and recipe
9541,best knife sharpening techniques for kitchen blades
9542,black hole accretion disk thermal emission spectrum
9543,slow cooker beef stew with red wine reduction
9544,kubernetes pod networking and service discovery
9545,react server components vs client components rendering
9546,black hole accretion disk thermal emission spectrum
9547,python decorators explained with practical examples
9548,postgres query plan analysis and index optimization
9549,vegetarian curry with chickpeas and coconut milk
9550,python decorators explained with practical examples
9551,galaxy rotation curves and dark matter halo evidence
9552,slow cooker beef stew with red wine reduction
9553,slow cooker beef stew with red wine reduction
9554,cosmic microwave background polarization measurements
9555,best knife sharpening techniques for kitchen blades
9556,python decorators explained with practical examples
9557,pasta carbonara authentic roman recipe with guanciale
9558,postgres query plan analysis and index optimization
9559,galaxy rotation curves and dark matter halo evidence
9560,python decorators explained with practical examples
9561,rust ownership and borrowing fundamentals tutorial
9562,slow cooker beef stew with red wine reduction
9563,black hole accretion disk thermal emission spectrum
9564,homemade sourdough bread baking guide and recipe
9565,best knife sharpening techniques for kitchen blades
9566,kubernetes pod networking and service discovery
9567,galaxy rotation curves and dark matter halo evidence
9568,supernova remnant observed in the crab nebula
9569,kubernetes pod networking and service discovery
9570,supernova remnant observed in the crab nebula
9571,exoplanet discovery via transit photometry method
9572,supernova remnant observed in the crab nebula
9573,pasta carbonara authentic roman recipe with guanciale
9574,postgres query plan analysis and index optimization
9575,best knife sharpening techniques for kitchen blades
9576,react server components vs client components rendering
9577,exoplanet discovery via transit photometry method
9578,kubernetes pod networking and service discovery
9579,rust ownership and borrowing fundamentals tutorial
9580,black hole accretion disk thermal emission spectrum
9581,rust ownership and borrowing fundamentals tutorial
9582,cosmic microwave background polarization measurements
9583,cosmic microwave background polarization measurements
9584,galaxy rotation curves and dark matter halo evidence
9585,postgres query plan analysis and index optimization
9586,best knife sharpening techniques for kitchen blades
9587,cosmic microwave background polarization measurements
9588,cosmic microwave background polarization measurements
9589,rust ownership and borrowing fundamentals tutorial
9590,cosmic microwave background polarization measurements
9591,black hole accretion disk thermal emission spectrum
9592,vegetarian curry with chickpeas and coconut milk
9593,homemade sourdough bread baking guide and recipe
9594,supernova remnant observed in the crab nebula
9595,galaxy rotation curves and dark matter halo evidence
9596,black hole accretion disk thermal emission spectrum
9597,best knife sharpening techniques for kitchen blades
9598,python decorators explained with practical examples
9599,react server components vs client components rendering
9600,python decorators explained with practical examples
9601,postgres query plan analysis and index optimization
9602,kubernetes pod networking and service discovery
9603,galaxy rotation curves and dark matter halo evidence
9604,rust ownership and borrowing fundamentals tutorial
9605,vegetarian curry with chickpeas and coconut milk
9606,react server components vs client components rendering
9607,postgres query plan analysis and index optimization
9608,postgres query plan analysis and index optimization
9609,best knife sharpening techniques for kitchen blades
9610,cosmic microwave background polarization measurements
9611,kubernetes pod networking and service discovery
9612,supernova remnant observed in the crab nebula
9613,homemade sourdough bread baking guide and recipe
9614,postgres query plan analysis and index optimization
9615,kubernetes pod networking and service discovery
9616,cosmic microwave background polarization measurements
9617,kubernetes pod networking and service discovery
9618,slow cooker beef stew with red wine reduction
9619,kubernetes pod networking and service discovery
9620,vegetarian curry with chickpeas and coconut milk
9621,python decorators explained with practical examples
9622,react server components vs client components rendering
9623,slow cooker beef stew with red wine reduction
9624,supernova remnant observed in the crab nebula
9625,react server components vs client components rendering
9626,black hole accretion disk thermal emission spectrum
9627,pasta carbonara authentic roman recipe with guanciale
9628,exoplanet discovery via transit photometry method
9629,react server components vs client components rendering
9630,supernova remnant observed in the crab nebula
9631,python decorators explained with practical examples
9632,react server components vs client components rendering
9633,rust ownership and borrowing fundamentals tutorial
9634,galaxy rotation curves and dark matter halo evidence
9635,react server components vs client components rendering
9636,homemade sourdough bread baking guide and recipe
9637,supernova remnant observed in the crab nebula
9638,postgres query plan analysis and index optimization
9639,supernova remnant observed in the crab nebula
9640,cosmic microwave background polarization measurements
9641,postgres query plan analysis and index optimization
9642,black hole accretion disk thermal emission spectrum
9643,pasta carbonara authentic roman recipe with guanciale
9644,black hole accretion disk thermal emission spectrum
9645,exoplanet discovery via transit photometry method
9646,cosmic microwave background polarization measurements
9647,rust ownership and borrowing fundamentals tutorial
9648,kubernetes pod networking and service discovery
9649,cosmic microwave background polarization measurements
9650,supernova remnant observed in the crab nebula
9651,exoplanet discovery via transit photometry method
9652,exoplanet discovery via transit photometry method
9653,black hole accretion disk thermal emission spectrum
9654,pasta carbonara authentic roman recipe with guanciale
9655,slow cooker beef stew with red wine reduction
9656,black hole accretion disk thermal emission spectrum
9657,homemade sourdough bread baking guide and recipe
9658,kubernetes pod networking and service discovery
9659,pasta carbonara authentic roman recipe with guanciale
9660,homemade sourdough bread baking guide and recipe
9661,black hole accretion disk thermal emission spectrum
9662,react server components vs client components rendering
9663,homemade sourdough bread baking guide and recipe
9664,slow cooker beef stew with red wine reduction
9665,best knife sharpening techniques for kitchen blades
9666,slow cooker beef stew with red wine reduction
9667,galaxy rotation curves and dark matter halo evidence
9668,pasta carbonara authentic roman recipe with guanciale
9669,python decorators explained with practical examples
9670,rust ownership and borrowing fundamentals tutorial
9671,best knife sharpening techniques for kitchen blades
9672,python decorators explained with practical examples
9673,best knife sharpening techniques for kitchen blades
9674,react server components vs client components rendering
9675,exoplanet discovery via transit photometry method
9676,pasta carbonara authentic roman recipe with guanciale
9677,galaxy rotation curves and dark matter halo evidence
9678,postgres query plan analysis and index optimization
9679,homemade sourdough bread baking guide and recipe
9680,slow cooker beef stew with red wine reduction
9681,exoplanet discovery via transit photometry method
9682,slow cooker beef stew with red wine reduction
9683,best knife sharpening techniques for kitchen blades
9684,exoplanet discovery via transit photometry method
9685,react server components vs client components rendering
9686,supernova remnant observed in the crab nebula
9687,galaxy rotation curves and dark matter halo evidence
9688,kubernetes pod networking and service discovery
9689,pasta carbonara authentic roman recipe with guanciale
9690,python decorators explained with practical examples
9691,black hole accretion disk thermal emission spectrum
9692,homemade sourdough bread baking guide and recipe
9693,best knife sharpening techniques for kitchen blades
9694,best knife sharpening techniques for kitchen blades
9695,pasta carbonara authentic roman recipe with guanciale
9696,galaxy rotation curves and dark matter halo evidence
9697,best knife sharpening techniques for kitchen blades
9698,best knife sharpening techniques for kitchen blades
9699,galaxy rotation curves and dark matter halo evidence
9700,rust ownership and borrowing fundamentals tutorial
9701,best knife sharpening techniques for kitchen blades
9702,cosmic microwave background polarization measurements
9703,best knife sharpening techniques for kitchen blades
9704,homemade sourdough bread baking guide and recipe
9705,postgres query plan analysis and index optimization
9706,slow cooker beef stew with red wine reduction
9707,vegetarian curry with chickpeas and coconut milk
9708,postgres query plan analysis and index optimization
9709,black hole accretion disk thermal emission spectrum
9710,cosmic microwave background polarization measurements
9711,galaxy rotation curves and dark matter halo evidence
9712,postgres query plan analysis and index optimization
9713,slow cooker beef stew with red wine reduction
9714,vegetarian curry with chickpeas and coconut milk
9715,python decorators explained with practical examples
9716,vegetarian curry with chickpeas and coconut milk
9717,react server components vs client components rendering
9718,cosmic microwave background polarization measurements
9719,cosmic microwave background polarization measurements
9720,cosmic microwave background polarization measurements
9721,pasta carbonara authentic roman recipe with guanciale
9722,supernova remnant observed in the crab nebula
9723,vegetarian curry with chickpeas and coconut milk
9724,kubernetes pod networking and service discovery
9725,slow cooker beef stew with red wine reduction
9726,postgres query plan analysis and index optimization
9727,rust ownership and borrowing fundamentals tutorial
9728,python decorators explained with practical examples
9729,black hole accretion disk thermal emission spectrum
9730,slow cooker beef stew with red wine reduction
9731,supernova remnant observed in the crab nebula
9732,postgres query plan analysis and index optimization
9733,postgres query plan analysis and index optimization
9734,python decorators explained with practical examples
9735,pasta carbonara authentic roman recipe with guanciale
9736,pasta carbonara authentic roman recipe with guanciale
9737,slow cooker beef stew with red wine reduction
9738,rust ownership and borrowing fundamentals tutorial
9739,cosmic microwave background polarization measurements
9740,postgres query plan analysis and index optimization
9741,exoplanet discovery via transit photometry method
9742,black hole accretion disk thermal emission spectrum
9743,exoplanet discovery via transit photometry method
9744,homemade sourdough bread baking guide and recipe
9745,cosmic microwave background polarization measurements
9746,slow cooker beef stew with red wine reduction
9747,cosmic microwave background polarization measurements
9748,kubernetes pod networking and service discovery
9749,homemade sourdough bread baking guide and recipe
9750,vegetarian curry with chickpeas and coconut milk
9751,best knife sharpening techniques for kitchen blades
9752,react server components vs client components rendering
9753,homemade sourdough bread baking guide and recipe
9754,exoplanet discovery via transit photometry method
9755,homemade sourdough bread baking guide and recipe
9756,slow cooker beef stew with red wine reduction
9757,pasta carbonara authentic roman recipe with guanciale
9758,postgres query plan analysis and index optimization
9759,postgres query plan analysis and index optimization
9760,vegetarian curry with chickpeas and coconut milk
9761,best knife sharpening techniques for kitchen blades
9762,python decorators explained with practical examples
9763,pasta carbonara authentic roman recipe with guanciale
9764,homemade sourdough bread baking guide and recipe
9765,cosmic microwave background polarization measurements
9766,black hole accretion disk thermal emission spectrum
9767,exoplanet discovery via transit photometry method
9768,exoplanet discovery via transit photometry method
9769,python decorators explained with practical examples
9770,black hole accretion disk thermal emission spectrum
9771,pasta carbonara authentic roman recipe with guanciale
9772,vegetarian curry with chickpeas and coconut milk
9773,rust ownership and borrowing fundamentals tutorial
9774,python decorators explained with practical examples
9775,best knife sharpening techniques for kitchen blades
9776,rust ownership and borrowing fundamentals tutorial
9777,supernova remnant observed in the crab nebula
9778,black hole accretion disk thermal emission spectrum
9779,exoplanet discovery via transit photometry method
9780,supernova remnant observed in the crab nebula
9781,cosmic microwave background polarization measurements
9782,react server components vs client components rendering
9783,homemade sourdough bread baking guide and recipe
9784,python decorators explained with practical examples
9785,homemade sourdough bread baking guide and recipe
9786,react server components vs client components rendering
9787,best knife sharpening techniques for kitchen blades
9788,cosmic microwave background polarization measurements
9789,cosmic microwave background polarization measurements
9790,black hole accretion disk thermal emission spectrum
9791,black hole accretion disk thermal emission spectrum
9792,pasta carbonara authentic roman recipe with guanciale
9793,rust ownership and borrowing fundamentals tutorial
9794,react server components vs client components rendering
9795,black hole accretion disk thermal emission spectrum
9796,galaxy rotation curves and dark matter halo evidence
9797,homemade sourdough bread baking guide and recipe
9798,vegetarian curry with chickpeas and coconut milk
9799,pasta carbonara authentic roman recipe with guanciale
9800,homemade sourdough bread baking guide and recipe
9801,postgres query plan analysis and index optimization
9802,pasta carbonara authentic roman recipe with guanciale
9803,react server components vs client components rendering
9804,kubernetes pod networking and service discovery
9805,postgres query plan analysis and index optimization
9806,supernova remnant observed in the crab nebula
9807,kubernetes pod networking and service discovery
9808,rust ownership and borrowing fundamentals tutorial
9809,galaxy rotation curves and dark matter halo evidence
9810,vegetarian curry with chickpeas and coconut milk
9811,kubernetes pod networking and service discovery
9812,homemade sourdough bread baking guide and recipe
9813,exoplanet discovery via transit photometry method
9814,supernova remnant observed in the crab nebula
9815,rust ownership and borrowing fundamentals tutorial
9816,pasta carbonara authentic roman recipe with guanciale
9817,pasta carbonara authentic roman recipe with guanciale
9818,postgres query plan analysis and index optimization
9819,pasta carbonara authentic roman recipe with guanciale
9820,supernova remnant observed in the crab nebula
9821,homemade sourdough bread baking guide and recipe
9822,cosmic microwave background polarization measurements
9823,rust ownership and borrowing fundamentals tutorial
9824,best knife sharpening techniques for kitchen blades
9825,homemade sourdough bread baking guide and recipe
9826,best knife sharpening techniques for kitchen blades
9827,pasta carbonara authentic roman recipe with guanciale
9828,kubernetes pod networking and service discovery
9829,supernova remnant observed in the crab nebula
9830,cosmic microwave background polarization measurements
9831,rust ownership and borrowing fundamentals tutorial
9832,best knife sharpening techniques for kitchen blades
9833,galaxy rotation curves and dark matter halo evidence
9834,exoplanet discovery via transit photometry method
9835,vegetarian curry with chickpeas and coconut milk
9836,python decorators explained with practical examples
9837,pasta carbonara authentic roman recipe with guanciale
9838,kubernetes pod networking and service discovery
9839,slow cooker beef stew with red wine reduction
9840,black hole accretion disk thermal emission spectrum
9841,black hole accretion disk thermal emission spectrum
9842,black hole accretion disk thermal emission spectrum
9843,pasta carbonara authentic roman recipe with guanciale
9844,postgres query plan analysis and index optimization
9845,postgres query plan analysis and index optimization
9846,cosmic microwave background polarization measurements
9847,best knife sharpening techniques for kitchen blades
9848,kubernetes pod networking and service discovery
9849,galaxy rotation curves and dark matter halo evidence
9850,galaxy rotation curves and dark matter halo evidence
9851,slow cooker beef stew with red wine reduction
9852,rust ownership and borrowing fundamentals tutorial
9853,best knife sharpening techniques for kitchen blades
9854,kubernetes pod networking and service discovery
9855,supernova remnant observed in the crab nebula
9856,react server components vs client components rendering
9857,cosmic microwave background polarization measurements
9858,slow cooker beef stew with red wine reduction
9859,best knife sharpening techniques for kitchen blades
9860,rust ownership and borrowing fundamentals tutorial
9861,vegetarian curry with chickpeas and coconut milk
9862,rust ownership and borrowing fundamentals tutorial
9863,kubernetes pod networking and service discovery
9864,exoplanet discovery via transit photometry method
9865,postgres query plan analysis and index optimization
9866,vegetarian curry with chickpeas and coconut milk
9867,pasta carbonara authentic roman recipe with guanciale
9868,slow cooker beef stew with red wine reduction
9869,best knife sharpening techniques for kitchen blades
9870,python decorators explained with practical examples
9871,pasta carbonara authentic roman recipe with guanciale
9872,postgres query plan analysis and index optimization
9873,postgres query plan analysis and index optimization
9874,python decorators explained with practical examples
9875,pasta carbonara authentic roman recipe with guanciale
9876,vegetarian curry with chickpeas and coconut milk
9877,vegetarian curry with chickpeas and coconut milk
9878,kubernetes pod networking and service discovery
9879,homemade sourdough bread baking guide and recipe
9880,react server components vs client components rendering
9881,best knife sharpening techniques for kitchen blades
9882,react server components vs client components rendering
9883,slow cooker beef stew with red wine reduction
9884,galaxy rotation curves and dark matter halo evidence
9885,black hole accretion disk thermal emission spectrum
9886,postgres query plan analysis and index optimization
9887,react server components vs client components rendering
9888,vegetarian curry with chickpeas and coconut milk
9889,rust ownership and borrowing fundamentals tutorial
9890,slow cooker beef stew with red wine reduction
9891,best knife sharpening techniques for kitchen blades
9892,best knife sharpening techniques for kitchen blades
9893,kubernetes pod networking and service discovery
9894,pasta carbonara authentic roman recipe with guanciale
9895,react server components vs client components rendering
9896,cosmic microwave background polarization measurements
9897,galaxy rotation curves and dark matter halo evidence
9898,pasta carbonara authentic roman recipe with guanciale
9899,pasta carbonara authentic roman recipe with guanciale
9900,slow cooker beef stew with red wine reduction
9901,black hole accretion disk thermal emission spectrum
9902,pasta carbonara authentic roman recipe with guanciale
9903,black hole accretion disk thermal emission spectrum
9904,react server components vs client components rendering
9905,react server components vs client components rendering
9906,cosmic microwave background polarization measurements
9907,black hole accretion disk thermal emission spectrum
9908,best knife sharpening techniques for kitchen blades
9909,react server components vs client components rendering
9910,supernova remnant observed in the crab nebula
9911,exoplanet discovery via transit photometry method
9912,galaxy rotation curves and dark matter halo evidence
9913,slow cooker beef stew with red wine reduction
9914,homemade sourdough bread baking guide and recipe
9915,exoplanet discovery via transit photometry method
9916,python decorators explained with practical examples
9917,kubernetes pod networking and service discovery
9918,cosmic microwave background polarization measurements
9919,cosmic microwave background polarization measurements
9920,slow cooker beef stew with red wine reduction
9921,postgres query plan analysis and index optimization
9922,cosmic microwave background polarization measurements
9923,rust ownership and borrowing fundamentals tutorial
9924,slow cooker beef stew with red wine reduction
9925,rust ownership and borrowing fundamentals tutorial
9926,exoplanet discovery via transit photometry method
9927,postgres query plan analysis and index optimization
9928,supernova remnant observed in the crab nebula
9929,rust ownership and borrowing fundamentals tutorial
9930,galaxy rotation curves and dark matter halo evidence
9931,galaxy rotation curves and dark matter halo evidence
9932,pasta carbonara authentic roman recipe with guanciale
9933,react server components vs client components rendering
9934,rust ownership and borrowing fundamentals tutorial
9935,postgres query plan analysis and index optimization
9936,pasta carbonara authentic roman recipe with guanciale
9937,postgres query plan analysis and index optimization
9938,supernova remnant observed in the crab nebula
9939,pasta carbonara authentic roman recipe with guanciale
9940,cosmic microwave background polarization measurements
9941,black hole accretion disk thermal emission spectrum
9942,react server components vs client components rendering
9943,python decorators explained with practical examples
9944,postgres query plan analysis and index optimization
9945,homemade sourdough bread baking guide and recipe
9946,kubernetes pod networking and service discovery
9947,exoplanet discovery via transit photometry method
9948,cosmic microwave background polarization measurements
9949,python decorators explained with practical examples
9950,react server components vs client components rendering
9951,black hole accretion disk thermal emission spectrum
9952,homemade sourdough bread baking guide and recipe
9953,galaxy rotation curves and dark matter halo evidence
9954,supernova remnant observed in the crab nebula
9955,pasta carbonara authentic roman recipe with guanciale
9956,supernova remnant observed in the crab nebula
9957,react server components vs client components rendering
9958,slow cooker beef stew with red wine reduction
9959,homemade sourdough bread baking guide and recipe
9960,supernova remnant observed in the crab nebula
9961,react server components vs client components rendering
9962,react server components vs client components rendering
9963,black hole accretion disk thermal emission spectrum
9964,kubernetes pod networking and service discovery
9965,best knife sharpening techniques for kitchen blades
9966,galaxy rotation curves and dark matter halo evidence
9967,kubernetes pod networking and service discovery
9968,postgres query plan analysis and index optimization
9969,postgres query plan analysis and index optimization
9970,postgres query plan analysis and index optimization
9971,cosmic microwave background polarization measurements
9972,kubernetes pod networking and service discovery
9973,exoplanet discovery via transit photometry method
9974,react server components vs client components rendering
9975,vegetarian curry with chickpeas and coconut milk
9976,cosmic microwave background polarization measurements
9977,galaxy rotation curves and dark matter halo evidence
9978,slow cooker beef stew with red wine reduction
9979,pasta carbonara authentic roman recipe with guanciale
9980,python decorators explained with practical examples
9981,homemade sourdough bread baking guide and recipe
9982,black hole accretion disk thermal emission spectrum
9983,best knife sharpening techniques for kitchen blades
9984,rust ownership and borrowing fundamentals tutorial
9985,rust ownership and borrowing fundamentals tutorial
9986,pasta carbonara authentic roman recipe with guanciale
9987,black hole accretion disk thermal emission spectrum
9988,vegetarian curry with chickpeas and coconut milk
9989,cosmic microwave background polarization measurements
9990,vegetarian curry with chickpeas and coconut milk
9991,vegetarian curry with chickpeas and coconut milk
9992,homemade sourdough bread baking guide and recipe
9993,rust ownership and borrowing fundamentals tutorial
9994,cosmic microwave background polarization measurements
9995,supernova remnant observed in the crab nebula
9996,vegetarian curry with chickpeas and coconut milk
9997,python decorators explained with practical examples
9998,best knife sharpening techniques for kitchen blades
9999,homemade sourdough bread baking guide and recipe
10000,cosmic microwave background polarization measurements
10001,homemade sourdough bread baking guide and recipe
10002,postgres query plan analysis and index optimization
10003,black hole accretion disk thermal emission spectrum
10004,postgres query plan analysis and index optimization
10005,postgres query plan analysis and index optimization
10006,homemade sourdough bread baking guide and recipe
10007,slow cooker beef stew with red wine reduction
10008,best knife sharpening techniques for kitchen blades
10009,homemade sourdough bread baking guide and recipe
10010,vegetarian curry with chickpeas and coconut milk
10011,vegetarian curry with chickpeas and coconut milk
10012,rust ownership and borrowing fundamentals tutorial
10013,best knife sharpening techniques for kitchen blades
10014,postgres query plan analysis and index optimization
10015,best knife sharpening techniques for kitchen blades
10016,react server components vs client components rendering
10017,best knife sharpening techniques for kitchen blades
10018,pasta carbonara authentic roman recipe with guanciale
10019,kubernetes pod networking and service discovery
10020,cosmic microwave background polarization measurements
10021,cosmic microwave background polarization measurements
10022,homemade sourdough bread baking guide and recipe
10023,kubernetes pod networking and service discovery
10024,react server components vs client components rendering
10025,python decorators explained with practical examples
10026,supernova remnant observed in the crab nebula
10027,supernova remnant observed in the crab nebula
10028,cosmic microwave background polarization measurements
10029,react server components vs client components rendering
10030,kubernetes pod networking and service discovery
10031,cosmic microwave background polarization measurements
10032,black hole accretion disk thermal emission spectrum
10033,homemade sourdough bread baking guide and recipe
10034,galaxy rotation curves and dark matter halo evidence
10035,react server components vs client components rendering
10036,python decorators explained with practical examples
10037,cosmic microwave background polarization measurements
10038,rust ownership and borrowing fundamentals tutorial
10039,black hole accretion disk thermal emission spectrum
10040,rust ownership and borrowing fundamentals tutorial
10041,react server components vs client components rendering
10042,exoplanet discovery via transit photometry method
10043,vegetarian curry with chickpeas and coconut milk
10044,react server components vs client components rendering
10045,cosmic microwave background polarization measurements
10046,homemade sourdough bread baking guide and recipe
10047,pasta carbonara authentic roman recipe with guanciale
10048,supernova remnant observed in the crab nebula
10049,supernova remnant observed in the crab nebula
10050,react server components vs client components rendering
10051,supernova remnant observed in the crab nebula
10052,slow cooker beef stew with red wine reduction
10053,exoplanet discovery via transit photometry method
10054,pasta carbonara authentic roman recipe with guanciale
10055,exoplanet discovery via transit photometry method
10056,homemade sourdough bread baking guide and recipe
10057,kubernetes pod networking and service discovery
10058,homemade sourdough bread baking guide and recipe
10059,vegetarian curry with chickpeas and coconut milk
10060,postgres query plan analysis and index optimization
10061,kubernetes pod networking and service discovery
10062,cosmic microwave background polarization measurements
10063,galaxy rotation curves and dark matter halo evidence
10064,pasta carbonara authentic roman recipe with guanciale
10065,react server components vs client components rendering
10066,vegetarian curry with chickpeas and coconut milk
10067,slow cooker beef stew with red wine reduction
10068,cosmic microwave background polarization measurements
10069,homemade sourdough bread baking guide and recipe
10070,rust ownership and borrowing fundamentals tutorial
10071,exoplanet discovery via transit photometry method
10072,react server components vs client components rendering
10073,vegetarian curry with chickpeas and coconut milk
10074,pasta carbonara authentic roman recipe with guanciale
10075,homemade sourdough bread baking guide and recipe
10076,homemade sourdough bread baking guide and recipe
10077,cosmic microwave background polarization measurements
10078,slow cooker beef stew with red wine reduction
10079,rust ownership and borrowing fundamentals tutorial
10080,black hole accretion disk thermal emission spectrum
10081,postgres query plan analysis and index optimization
10082,cosmic microwave background polarization measurements
10083,slow cooker beef stew with red wine reduction
10084,react server components vs client components rendering
10085,pasta carbonara authentic roman recipe with guanciale
10086,react server components vs client components rendering
10087,cosmic microwave background polarization measurements
10088,rust ownership and borrowing fundamentals tutorial
10089,react server components vs client components rendering
10090,supernova remnant observed in the crab nebula
10091,vegetarian curry with chickpeas and coconut milk
10092,python decorators explained with practical examples
10093,exoplanet discovery via transit photometry method
10094,galaxy rotation curves and dark matter halo evidence
10095,rust ownership and borrowing fundamentals tutorial
10096,kubernetes pod networking and service discovery
10097,best knife sharpening techniques for kitchen blades
10098,galaxy rotation curves and dark matter halo evidence
10099,black hole accretion disk thermal emission spectrum
10100,pasta carbonara authentic roman recipe with guanciale
10101,vegetarian curry with chickpeas and coconut milk
10102,vegetarian curry with chickpeas and coconut milk
10103,homemade sourdough bread baking guide and recipe
10104,react server components vs client components rendering
10105,supernova remnant observed in the crab nebula
10106,cosmic microwave background polarization measurements
10107,vegetarian curry with chickpeas and coconut milk
10108,postgres query plan analysis and index optimization
10109,kubernetes pod networking and service discovery
10110,cosmic microwave background polarization measurements
10111,vegetarian curry with chickpeas and coconut milk
10112,pasta carbonara authentic roman recipe with guanciale
10113,rust ownership and borrowing fundamentals tutorial
10114,vegetarian curry with chickpeas and coconut milk
10115,supernova remnant observed in the crab nebula
10116,galaxy rotation curves and dark matter halo evidence
10117,react server components vs client components rendering
10118,vegetarian curry with chickpeas and coconut milk
10119,vegetarian curry with chickpeas and coconut milk
10120,postgres query plan analysis and index optimization
10121,exoplanet discovery via transit photometry method
10122,black hole accretion disk thermal emission spectrum
10123,best knife sharpening techniques for kitchen blades
10124,rust ownership and borrowing fundamentals tutorial
10125,best knife sharpening techniques for kitchen blades
10126,exoplanet discovery via transit photometry method
10127,pasta carbonara authentic roman recipe with guanciale
10128,python decorators explained with practical examples
10129,slow cooker beef stew with red wine reduction
10130,python decorators explained with practical examples
10131,react server components vs client components rendering
10132,python decorators explained with practical examples
10133,react server components vs client components rendering
10134,pasta carbonara authentic roman recipe with guanciale
10135,vegetarian curry with chickpeas and coconut milk
10136,react server components vs client components rendering
10137,supernova remnant observed in the crab nebula
10138,python decorators explained with practical examples
10139,galaxy rotation curves and dark matter halo evidence
10140,black hole accretion disk thermal emission spectrum
10141,python decorators explained with practical examples
10142,black hole accretion disk thermal emission spectrum
10143,rust ownership and borrowing fundamentals tutorial
10144,cosmic microwave background polarization measurements
10145,postgres query plan analysis and index optimization
10146,kubernetes pod networking and service discovery
10147,exoplanet discovery via transit photometry method
10148,pasta carbonara authentic roman recipe with guanciale
10149,kubernetes pod networking and service discovery
10150,galaxy rotation curves and dark matter halo evidence
10151,black hole accretion disk thermal emission spectrum
10152,react server components vs client components rendering
10153,supernova remnant observed in the crab nebula
10154,best knife sharpening techniques for kitchen blades
10155,rust ownership and borrowing fundamentals tutorial
10156,pasta carbonara authentic roman recipe with guanciale
10157,cosmic microwave background polarization measurements
10158,black hole accretion disk thermal emission spectrum
10159,vegetarian curry with chickpeas and coconut milk
10160,postgres query plan analysis and index optimization
10161,cosmic microwave background polarization measurements
10162,kubernetes pod networking and service discovery
10163,best knife sharpening techniques for kitchen blades
10164,react server components vs client components rendering
10165,postgres query plan analysis and index optimization
10166,homemade sourdough bread baking guide and recipe
10167,homemade sourdough bread baking guide and recipe
10168,postgres query plan analysis and index optimization
10169,best knife sharpening techniques for kitchen blades
10170,python decorators explained with practical examples
10171,rust ownership and borrowing fundamentals tutorial
10172,rust ownership and borrowing fundamentals tutorial
10173,kubernetes pod networking and service discovery
10174,pasta carbonara authentic roman recipe with guanciale
10175,postgres query plan analysis and index optimization
10176,galaxy rotation curves and dark matter halo evidence
10177,exoplanet discovery via transit photometry method
10178,python decorators explained with practical examples
10179,supernova remnant observed in the crab nebula
10180,galaxy rotation curves and dark matter halo evidence
10181,best knife sharpening techniques for kitchen blades
10182,best knife sharpening techniques for kitchen blades
10183,black hole accretion disk thermal emission spectrum
10184,vegetarian curry with chickpeas and coconut milk
10185,rust ownership and borrowing fundamentals tutorial
10186,black hole accretion disk thermal emission spectrum
10187,black hole accretion disk thermal emission spectrum
10188,postgres query plan analysis and index optimization
10189,homemade sourdough bread baking guide and recipe
10190,vegetarian curry with chickpeas and coconut milk
10191,galaxy rotation curves and dark matter halo evidence
10192,python decorators explained with practical examples
10193,galaxy rotation curves and dark matter halo evidence
10194,react server components vs client components rendering
10195,black hole accretion disk thermal emission spectrum
10196,supernova remnant observed in the crab nebula
10197,cosmic microwave background polarization measurements
10198,black hole accretion disk thermal emission spectrum
10199,slow cooker beef stew with red wine reduction
10200,python decorators explained with practical examples
10201,galaxy rotation curves and dark matter halo evidence
10202,pasta carbonara authentic roman recipe with guanciale
10203,python decorators explained with practical examples
10204,homemade sourdough bread baking guide and recipe
10205,black hole accretion disk thermal emission spectrum
10206,cosmic microwave background polarization measurements
10207,pasta carbonara authentic roman recipe with guanciale
10208,pasta carbonara authentic roman recipe with guanciale
10209,cosmic microwave background polarization measurements
10210,pasta carbonara authentic roman recipe with guanciale
10211,python decorators explained with practical examples
10212,homemade sourdough bread baking guide and recipe
10213,vegetarian curry with chickpeas and coconut milk
10214,best knife sharpening techniques for kitchen blades
10215,exoplanet discovery via transit photometry method
10216,supernova remnant observed in the crab nebula
10217,exoplanet discovery via transit photometry method
10218,supernova remnant observed in the crab nebula
10219,slow cooker beef stew with red wine reduction
10220,cosmic microwave background polarization measurements
10221,exoplanet discovery via transit photometry method
10222,black hole accretion disk thermal emission spectrum
10223,slow cooker beef stew with red wine reduction
10224,exoplanet discovery via transit photometry method
10225,slow cooker beef stew with red wine reduction
10226,pasta carbonara authentic roman recipe with guanciale
10227,homemade sourdough bread baking guide and recipe
10228,supernova remnant observed in the crab nebula
10229,black hole accretion disk thermal emission spectrum
10230,react server components vs client components rendering
10231,python decorators explained with practical examples
10232,black hole accretion disk thermal emission spectrum
10233,best knife sharpening techniques for kitchen blades
10234,python decorators explained with practical examples
10235,supernova remnant observed in the crab nebula
10236,vegetarian curry with chickpeas and coconut milk
10237,cosmic microwave background polarization measurements
10238,slow cooker beef stew with red wine reduction
10239,rust ownership and borrowing fundamentals tutorial
10240,rust ownership and borrowing fundamentals tutorial
10241,vegetarian curry with chickpeas and coconut milk
10242,homemade sourdough bread baking guide and recipe
10243,pasta carbonara authentic roman recipe with guanciale
10244,galaxy rotation curves and dark matter halo evidence
10245,vegetarian curry with chickpeas and coconut milk
10246,vegetarian curry with chickpeas and coconut milk
10247,pasta carbonara authentic roman recipe with guanciale
10248,best knife sharpening techniques for kitchen blades
10249,black hole accretion disk thermal emission spectrum
10250,best knife sharpening techniques for kitchen blades
10251,galaxy rotation curves and dark matter halo evidence
10252,black hole accretion disk thermal emission spectrum
10253,rust ownership and borrowing fundamentals tutorial
10254,supernova remnant observed in the crab nebula
10255,react server components vs client components rendering
10256,slow cooker beef stew with red wine reduction
10257,vegetarian curry with chickpeas and coconut milk
10258,galaxy rotation curves and dark matter halo evidence
10259,best knife sharpening techniques for kitchen blades
10260,homemade sourdough bread baking guide and recipe
10261,pasta carbonara authentic roman recipe with guanciale
10262,pasta carbonara authentic roman recipe with guanciale
10263,supernova remnant observed in the crab nebula
10264,galaxy rotation curves and dark matter halo evidence
10265,postgres query plan analysis and index optimization
10266,react server components vs client components rendering
10267,slow cooker beef stew with red wine reduction
10268,supernova remnant observed in the crab nebula
10269,kubernetes pod networking and service discovery
10270,supernova remnant observed in the crab nebula
10271,pasta carbonara authentic roman recipe with guanciale
10272,vegetarian curry with chickpeas and coconut milk
10273,pasta carbonara authentic roman recipe with guanciale
10274,react server components vs client components rendering
10275,python decorators explained with practical examples
10276,galaxy rotation curves and dark matter halo evidence
10277,kubernetes pod networking and service discovery
10278,postgres query plan analysis and index optimization
10279,homemade sourdough bread baking guide and recipe
10280,python decorators explained with practical examples
10281,exoplanet discovery via transit photometry method
10282,vegetarian curry with chickpeas and coconut milk
10283,vegetarian curry with chickpeas and coconut milk
10284,exoplanet discovery via transit photometry method
10285,vegetarian curry with chickpeas and coconut milk
10286,best knife sharpening techniques for kitchen blades
10287,python decorators explained with practical examples
10288,homemade sourdough bread baking guide and recipe
10289,homemade sourdough bread baking guide and recipe
10290,postgres query plan analysis and index optimization
10291,postgres query plan analysis and index optimization
10292,cosmic microwave background polarization measurements
10293,react server components vs client components rendering
10294,slow cooker beef stew with red wine reduction
10295,pasta carbonara authentic roman recipe with guanciale
10296,postgres query plan analysis and index optimization
10297,galaxy rotation curves and dark matter halo evidence
10298,homemade sourdough bread baking guide and recipe
10299,galaxy rotation curves and dark matter halo evidence
10300,rust ownership and borrowing fundamentals tutorial
10301,slow cooker beef stew with red wine reduction
10302,cosmic microwave background polarization measurements
10303,react server components vs client components rendering
10304,cosmic microwave background polarization measurements
10305,vegetarian curry with chickpeas and coconut milk
10306,postgres query plan analysis and index optimization
10307,python decorators explained with practical examples
10308,slow cooker beef stew with red wine reduction
10309,slow cooker beef stew with red wine reduction
10310,cosmic microwave background polarization measurements
10311,black hole accretion disk thermal emission spectrum
10312,homemade sourdough bread baking guide and recipe
10313,python decorators explained with practical examples
10314,black hole accretion disk thermal emission spectrum
10315,cosmic microwave background polarization measurements
10316,postgres query plan analysis and index optimization
10317,vegetarian curry with chickpeas and coconut milk
10318,react server components vs client components rendering
10319,galaxy rotation curves and dark matter halo evidence
10320,postgres query plan analysis and index optimization
10321,pasta carbonara authentic roman recipe with guanciale
10322,python decorators explained with practical examples
10323,rust ownership and borrowing fundamentals tutorial
10324,postgres query plan analysis and index optimization
10325,postgres query plan analysis and index optimization
10326,python decorators explained with practical examples
10327,supernova remnant observed in the crab nebula
10328,best knife sharpening techniques for kitchen blades
10329,kubernetes pod networking and service discovery
10330,pasta carbonara authentic roman recipe with guanciale
10331,react server components vs client components rendering
10332,pasta carbonara authentic roman recipe with guanciale
10333,slow cooker beef stew with red wine reduction
10334,slow cooker beef stew with red wine reduction
10335,vegetarian curry with chickpeas and coconut milk
10336,galaxy rotation curves and dark matter halo evidence
10337,black hole accretion disk thermal emission spectrum
10338,vegetarian curry with chickpeas and coconut milk
10339,black hole accretion disk thermal emission spectrum
10340,vegetarian curry with chickpeas and coconut milk
10341,pasta carbonara authentic roman recipe with guanciale
10342,supernova remnant observed in the crab nebula
10343,pasta carbonara authentic roman recipe with guanciale
10344,slow cooker beef stew with red wine reduction
10345,black hole accretion disk thermal emission spectrum
10346,black hole accretion disk thermal emission spectrum
10347,kubernetes pod networking and service discovery
10348,postgres query plan analysis and index optimization
10349,slow cooker beef stew with red wine reduction
10350,galaxy rotation curves and dark matter halo evidence
10351,pasta carbonara authentic roman recipe with guanciale
10352,kubernetes pod networking and service discovery
10353,exoplanet discovery via transit photometry method
10354,exoplanet discovery via transit photometry method
10355,vegetarian curry with chickpeas and coconut milk
10356,pasta carbonara authentic roman recipe with guanciale
10357,supernova remnant observed in the crab nebula
10358,python decorators explained with practical examples
10359,vegetarian curry with chickpeas and coconut milk
10360,black hole accretion disk thermal emission spectrum
10361,python decorators explained with practical examples
10362,slow cooker beef stew with red wine reduction
10363,rust ownership and borrowing fundamentals tutorial
10364,exoplanet discovery via transit photometry method
10365,exoplanet discovery via transit photometry method
10366,black hole accretion disk thermal emission spectrum
10367,exoplanet discovery via transit photometry method
10368,rust ownership and borrowing fundamentals tutorial
10369,pasta carbonara authentic roman recipe with guanciale
10370,postgres query plan analysis and index optimization
10371,cosmic microwave background polarization measurements
10372,homemade sourdough bread baking guide and recipe
10373,vegetarian curry with chickpeas and coconut milk
10374,cosmic microwave background polarization measurements
10375,galaxy rotation curves and dark matter halo evidence
10376,rust ownership and borrowing fundamentals tutorial
10377,homemade sourdough bread baking guide and recipe
10378,python decorators explained with practical examples
10379,black hole accretion disk thermal emission spectrum
10380,cosmic microwave background polarization measurements
10381,react server components vs client components rendering
10382,homemade sourdough bread baking guide and recipe
10383,exoplanet discovery via transit photometry method
10384,cosmic microwave background polarization measurements
10385,cosmic microwave background polarization measurements
10386,postgres query plan analysis and index optimization
10387,slow cooker beef stew with red wine reduction
10388,homemade sourdough bread baking guide and recipe
10389,homemade sourdough bread baking guide and recipe
10390,cosmic microwave background polarization measurements
10391,vegetarian curry with chickpeas and coconut milk
10392,postgres query plan analysis and index optimization
10393,slow cooker beef stew with red wine reduction
10394,best knife sharpening techniques for kitchen blades
10395,react server components vs client components rendering
10396,homemade sourdough bread baking guide and recipe
10397,vegetarian curry with chickpeas and coconut milk
10398,supernova remnant observed in the crab nebula
10399,homemade sourdough bread baking guide and recipe
10400,rust ownership and borrowing fundamentals tutorial
10401,vegetarian curry with chickpeas and coconut milk
10402,react server components vs client components rendering
10403,exoplanet discovery via transit photometry method
10404,best knife sharpening techniques for kitchen blades
10405,exoplanet discovery via transit photometry method
10406,exoplanet discovery via transit photometry method
10407,rust ownership and borrowing fundamentals tutorial
10408,supernova remnant observed in the crab nebula
10409,kubernetes pod networking and service discovery
10410,pasta carbonara authentic roman recipe with guanciale
10411,rust ownership and borrowing fundamentals tutorial
10412,postgres query plan analysis and index optimization
10413,react server components vs client components rendering
10414,kubernetes pod networking and service discovery
10415,pasta carbonara authentic roman recipe with guanciale
10416,slow cooker beef stew with red wine reduction
10417,react server components vs client components rendering
10418,cosmic microwave background polarization measurements
10419,black hole accretion disk thermal emission spectrum
10420,react server components vs client components rendering
10421,postgres query plan analysis and index optimization
10422,exoplanet discovery via transit photometry method
10423,supernova remnant observed in the crab nebula
10424,react server components vs client components rendering
10425,black hole accretion disk thermal emission spectrum
10426,galaxy rotation curves and dark matter halo evidence
10427,rust ownership and borrowing fundamentals tutorial
10428,slow cooker beef stew with red wine reduction
10429,react server components vs client components rendering
10430,cosmic microwave background polarization measurements
10431,best knife sharpening techniques for kitchen blades
10432,rust ownership and borrowing fundamentals tutorial
10433,kubernetes pod networking and service discovery
10434,vegetarian curry with chickpeas and coconut milk
10435,black hole accretion disk thermal emission spectrum
10436,cosmic microwave background polarization measurements
10437,react server components vs client components rendering
10438,best knife sharpening techniques for kitchen blades
10439,slow cooker beef stew with red wine reduction
10440,kubernetes pod networking and service discovery
10441,vegetarian curry with chickpeas and coconut milk
10442,galaxy rotation curves and dark matter halo evidence
10443,pasta carbonara authentic roman recipe with guanciale
10444,python decorators explained with practical examples
10445,galaxy rotation curves and dark matter halo evidence
10446,supernova remnant observed in the crab nebula
10447,kubernetes pod networking and service discovery
10448,python decorators explained with practical examples
10449,exoplanet discovery via transit photometry method
10450,postgres query plan analysis and index optimization
10451,cosmic microwave background polarization measurements
10452,supernova remnant observed in the crab nebula
10453,kubernetes pod networking and service discovery
10454,best knife sharpening techniques for kitchen blades
10455,postgres query plan analysis and index optimization
10456,supernova remnant observed in the crab nebula
10457,black hole accretion disk thermal emission spectrum
10458,homemade sourdough bread baking guide and recipe
10459,best knife sharpening techniques for kitchen blades
10460,slow cooker beef stew with red wine reduction
10461,slow cooker beef stew with red wine reduction
10462,python decorators explained with practical examples
10463,vegetarian curry with chickpeas and coconut milk
10464,vegetarian curry with chickpeas and coconut milk
10465,postgres query plan analysis and index optimization
10466,slow cooker beef stew with red wine reduction
10467,kubernetes pod networking and service discovery
10468,postgres query plan analysis and index optimization
10469,pasta carbonara authentic roman recipe with guanciale
10470,slow cooker beef stew with red wine reduction
10471,supernova remnant observed in the crab nebula
10472,supernova remnant observed in the crab nebula
10473,python decorators explained with practical examples
10474,galaxy rotation curves and dark matter halo evidence
10475,pasta carbonara authentic roman recipe with guanciale
10476,react server components vs client components rendering
10477,kubernetes pod networking and service discovery
10478,pasta carbonara authentic roman recipe with guanciale
10479,cosmic microwave background polarization measurements
10480,homemade sourdough bread baking guide and recipe
10481,react server components vs client components rendering
10482,galaxy rotation curves and dark matter halo evidence
10483,python decorators explained with practical examples
10484,pasta carbonara authentic roman recipe with guanciale
10485,galaxy rotation curves and dark matter halo evidence
10486,black hole accretion disk thermal emission spectrum
10487,react server components vs client components rendering
10488,supernova remnant observed in the crab nebula
10489,slow cooker beef stew with red wine reduction
10490,exoplanet discovery via transit photometry method
10491,black hole accretion disk thermal emission spectrum
10492,black hole accretion disk thermal emission spectrum
10493,pasta carbonara authentic roman recipe with guanciale
10494,react server components vs client components rendering
10495,black hole accretion disk thermal emission spectrum
10496,galaxy rotation curves and dark matter halo evidence
10497,exoplanet discovery via transit photometry method
10498,rust ownership and borrowing fundamentals tutorial
10499,vegetarian curry with chickpeas and coconut milk
